1,alu_valid_i,flu_ready_o
1,alu_valid_i,lsu_commit_ready_o
1,alu_valid_i,lsu_ready_o
1,alu_valid_i,no_st_pending_o
1,bht_prediction[0].taken,i_ras.data_o.valid
1,bht_prediction[0].taken,i_ras.stack_d[0].valid
1,bht_prediction[0].taken,i_ras.stack_q[0].valid
1,bht_prediction[0].taken,ras_predict.valid
1,bht_update.taken,i_instr_queue.branch_empty
1,bht_update.taken,i_instr_queue.gen_instr_fifo[0].i_fifo_instr_data.empty_o
1,bht_update.taken,i_instr_queue.gen_instr_fifo[0].i_fifo_instr_data.gate_clock
1,bht_update.taken,i_instr_queue.gen_instr_fifo[1].i_fifo_instr_data.empty_o
1,bht_update.taken,i_instr_queue.gen_instr_fifo[1].i_fifo_instr_data.gate_clock
1,bht_update.taken,i_instr_queue.instr_queue_empty[0]
1,bht_update.taken,i_instr_queue.instr_queue_empty[1]
1,bht_update.taken,i_instr_queue.ready_o
1,bht_update.taken,icache_dreq_o.req
1,bht_update.taken,instr_queue_ready
1,bht_update.valid,gen_instr_scan[0].i_instr_scan.rvi_branch_o
1,bht_update.valid,i_instr_queue.branch_empty
1,bht_update.valid,i_instr_queue.gen_instr_fifo[0].i_fifo_instr_data.empty_o
1,bht_update.valid,i_instr_queue.gen_instr_fifo[0].i_fifo_instr_data.gate_clock
1,bht_update.valid,i_instr_queue.gen_instr_fifo[1].i_fifo_instr_data.empty_o
1,bht_update.valid,i_instr_queue.gen_instr_fifo[1].i_fifo_instr_data.gate_clock
1,bht_update.valid,i_instr_queue.idx_ds_d[0]
1,bht_update.valid,i_instr_queue.idx_ds_q[0]
1,bht_update.valid,i_instr_queue.instr_queue_empty[0]
1,bht_update.valid,i_instr_queue.instr_queue_empty[1]
1,bht_update.valid,i_instr_queue.ready_o
1,bht_update.valid,icache_dreq_o.req
1,bht_update.valid,instr_queue_ready
1,bht_update.valid,rvi_branch[0]
1,bp_valid,fetch_entry_valid_o
1,bp_valid,i_instr_queue.fetch_entry_ready_i
1,bp_valid,i_instr_queue.fetch_entry_valid_o
1,bp_valid,i_instr_queue.ready_o
1,bp_valid,icache_dreq_o.req
1,bp_valid,instr_queue_ready
1,branch_valid_i,flu_ready_o
1,branch_valid_i,lsu_commit_ready_o
1,branch_valid_i,lsu_ready_o
1,branch_valid_i,no_st_pending_o
1,btb_prediction[0].valid,i_instr_queue.branch_empty
1,btb_prediction[0].valid,i_instr_queue.ready_o
1,btb_prediction[0].valid,icache_dreq_o.req
1,btb_prediction[0].valid,instr_queue_ready
1,btb_prediction_shifted[0].valid,i_instr_queue.branch_empty
1,btb_prediction_shifted[0].valid,i_instr_queue.ready_o
1,btb_prediction_shifted[0].valid,icache_dreq_o.req
1,btb_prediction_shifted[0].valid,instr_queue_ready
1,btb_update.valid,btb_prediction[0].valid
1,btb_update.valid,btb_prediction_shifted[0].valid
1,btb_update.valid,gen_instr_scan[0].i_instr_scan.is_jal_r
1,btb_update.valid,gen_instr_scan[0].i_instr_scan.is_rvc
1,btb_update.valid,gen_instr_scan[0].i_instr_scan.rvc_jr_o
1,btb_update.valid,i_btb.btb_prediction_o[0].valid
1,btb_update.valid,rvc_jr[0]
1,commit_ack_i[0],i_issue_read_operands.flu_ready_i
1,commit_ack_i[0],i_issue_read_operands.lsu_ready_i
1,commit_ack_i[0],i_scoreboard.mem_n[0].sbe.use_imm
1,commit_ack_i[0],i_scoreboard.mem_q[0].sbe.use_imm
1,commit_ack_i[1],commit_instr_o[1].use_imm
1,commit_ack_i[1],i_issue_read_operands.lsu_ready_i
1,commit_ack_i[1],i_scoreboard.commit_instr_o[1].use_imm
1,commit_instr_i[0].ex.valid,commit_instr_i[0].use_imm
1,commit_instr_i[0].ex.valid,commit_instr_i[1].use_imm
1,commit_instr_i[1].ex.valid,commit_instr_i[1].use_imm
1,commit_instr_i[1].use_pc,commit_instr_i[0].use_imm
1,commit_instr_i[1].use_pc,commit_instr_i[1].use_imm
1,commit_instr_i[1].valid,commit_instr_i[1].use_imm
1,compressed_decoder_i.illegal_instr_o,decoder_i.priv_lvl_i[0]
1,compressed_decoder_i.illegal_instr_o,decoder_i.priv_lvl_i[1]
1,compressed_decoder_i.is_compressed_o,decoder_i.priv_lvl_i[0]
1,compressed_decoder_i.is_compressed_o,decoder_i.priv_lvl_i[1]
1,csr_buffer_i.csr_reg_q.valid,flu_ready_o
1,csr_buffer_i.csr_reg_q.valid,lsu_commit_ready_o
1,csr_buffer_i.csr_reg_q.valid,lsu_ready_o
1,csr_buffer_i.csr_reg_q.valid,no_st_pending_o
1,csr_commit_i,flu_ready_o
1,csr_commit_i,lsu_commit_ready_o
1,csr_commit_i,lsu_ready_o
1,csr_commit_i,no_st_pending_o
1,csr_valid_i,csr_buffer_i.csr_reg_q.valid
1,csr_valid_i,lsu_commit_ready_o
1,csr_valid_i,lsu_ready_o
1,csr_valid_i,no_st_pending_o
1,dcache_req_ports_i[1].data_gnt,flu_ready_o
1,dcache_req_ports_i[1].data_gnt,lsu_commit_ready_o
1,dcache_req_ports_i[1].data_gnt,lsu_ready_o
1,dcache_req_ports_i[1].data_gnt,no_st_pending_o
1,dcache_req_ports_i[1].data_rvalid,flu_ready_o
1,dcache_req_ports_i[1].data_rvalid,load_valid_o
1,dcache_req_ports_i[1].data_rvalid,lsu_commit_ready_o
1,dcache_req_ports_i[1].data_rvalid,lsu_ready_o
1,dcache_req_ports_i[1].data_rvalid,no_st_pending_o
1,dcache_req_ports_i[2].data_gnt,flu_ready_o
1,dcache_req_ports_i[2].data_gnt,lsu_ready_o
1,dcache_req_ports_i[2].data_gnt,no_st_pending_o
1,dcache_wbuffer_empty_i,fpu_ready_o
1,dcache_wbuffer_empty_i,lsu_ready_o
1,decoded_instr_i.ex.valid,i_issue_read_operands.lsu_ready_i
1,decoded_instr_i.ex.valid,i_scoreboard.mem_n[0].sbe.use_imm
1,decoded_instr_i.ex.valid,i_scoreboard.mem_q[0].sbe.use_imm
1,decoded_instr_i.is_compressed,i_issue_read_operands.fpu_ready_i
1,decoded_instr_i.is_compressed,i_issue_read_operands.lsu_ready_i
1,decoded_instr_i.is_compressed,i_scoreboard.mem_n[0].sbe.use_imm
1,decoded_instr_i.is_compressed,i_scoreboard.mem_q[0].sbe.use_imm
1,decoded_instr_i.use_imm,i_issue_read_operands.fpu_ready_i
1,decoded_instr_i.use_imm,i_issue_read_operands.lsu_ready_i
1,decoded_instr_i.use_imm,i_scoreboard.mem_n[0].sbe.use_imm
1,decoded_instr_i.use_imm,i_scoreboard.mem_q[0].sbe.use_imm
1,decoded_instr_i.use_pc,decoded_instr_i.use_imm
1,decoded_instr_i.use_pc,i_issue_read_operands.flu_ready_i
1,decoded_instr_i.use_pc,i_issue_read_operands.issue_instr_i.use_imm
1,decoded_instr_i.use_pc,i_issue_read_operands.lsu_ready_i
1,decoded_instr_i.use_pc,i_re_name.issue_instr_i.use_imm
1,decoded_instr_i.use_pc,i_re_name.issue_instr_o.use_imm
1,decoded_instr_i.use_pc,i_scoreboard.decoded_instr_i.use_imm
1,decoded_instr_i.use_pc,i_scoreboard.issue_instr_o.use_imm
1,decoded_instr_i.use_pc,i_scoreboard.mem_n[0].sbe.use_imm
1,decoded_instr_i.use_pc,i_scoreboard.mem_q[0].sbe.use_imm
1,decoded_instr_i.use_pc,issue_instr_rename_sb.use_imm
1,decoded_instr_i.use_pc,issue_instr_sb_iro.use_imm
1,decoded_instr_i.valid,i_issue_read_operands.lsu_ready_i
1,decoded_instr_i.valid,i_scoreboard.mem_n[0].sbe.use_imm
1,decoded_instr_i.valid,i_scoreboard.mem_q[0].sbe.use_imm
1,decoded_instr_valid_i,i_issue_read_operands.fpu_ready_i
1,decoded_instr_valid_i,i_issue_read_operands.lsu_ready_i
1,decoded_instruction.ex.valid,decoder_i.priv_lvl_i[0]
1,decoded_instruction.ex.valid,decoder_i.priv_lvl_i[1]
1,decoded_instruction.is_compressed,decoder_i.priv_lvl_i[0]
1,decoded_instruction.is_compressed,decoder_i.priv_lvl_i[1]
1,decoded_instruction.use_imm,decoder_i.priv_lvl_i[0]
1,decoded_instruction.use_imm,decoder_i.priv_lvl_i[1]
1,decoded_instruction.use_pc,decoder_i.priv_lvl_i[0]
1,decoded_instruction.use_pc,decoder_i.priv_lvl_i[1]
1,decoded_instruction.use_pc,issue_entry_o.use_imm
1,decoded_instruction.use_pc,issue_q.sbe.use_imm
1,decoded_instruction.valid,decoder_i.priv_lvl_i[0]
1,decoded_instruction.valid,decoder_i.priv_lvl_i[1]
1,decoder_i.ebreak,decoder_i.debug_mode_i
1,decoder_i.ebreak,decoder_i.priv_lvl_i[0]
1,decoder_i.ebreak,decoder_i.priv_lvl_i[1]
1,decoder_i.illegal_instr,decoder_i.priv_lvl_i[0]
1,decoder_i.illegal_instr,decoder_i.priv_lvl_i[1]
1,decoder_i.instr.atype.aq,decoder_i.priv_lvl_i[0]
1,decoder_i.instr.atype.aq,decoder_i.priv_lvl_i[1]
1,decoder_i.instr.atype.rl,decoder_i.priv_lvl_i[0]
1,decoder_i.instr.atype.rl,decoder_i.priv_lvl_i[1]
1,decoder_i.instr.rvftype.repl[14],decoder_i.priv_lvl_i[0]
1,decoder_i.instr.rvftype.repl[14],decoder_i.priv_lvl_i[1]
1,decoder_i.is_compressed_i,decoder_i.priv_lvl_i[0]
1,decoder_i.is_compressed_i,decoder_i.priv_lvl_i[1]
1,decoder_i.is_control_flow_instr_o,decoder_i.priv_lvl_i[0]
1,decoder_i.is_control_flow_instr_o,decoder_i.priv_lvl_i[1]
1,decoder_i.is_illegal_i,decoder_i.priv_lvl_i[0]
1,decoder_i.is_illegal_i,decoder_i.priv_lvl_i[1]
1,fetch_entry_ready_i,i_instr_queue.branch_empty
1,fetch_entry_ready_i,i_instr_queue.ready_o
1,fetch_entry_ready_i,icache_dreq_o.req
1,fetch_entry_ready_i,instr_queue_ready
1,fetch_entry_valid_i,decoder_i.priv_lvl_i[0]
1,fetch_entry_valid_i,decoder_i.priv_lvl_i[1]
1,flu_ready_i,i_issue_read_operands.fpu_ready_i
1,flu_ready_i,i_issue_read_operands.lsu_ready_i
1,flush_i,commit_instr_o[0].use_imm
1,flush_i,commit_instr_o[1].use_imm
1,flush_i,decoder_i.priv_lvl_i[0]
1,flush_i,decoder_i.priv_lvl_i[1]
1,flush_i,i_scoreboard.commit_instr_o[0].use_imm
1,flush_i,i_scoreboard.commit_instr_o[1].use_imm
1,flush_i,i_scoreboard.mem_n[0].sbe.use_imm
1,flush_i,i_scoreboard.mem_q[0].sbe.use_imm
1,flush_i,lsu_commit_ready_o
1,flush_i,no_st_pending_o
1,flush_unissued_instr_i,commit_instr_o[0].use_imm
1,flush_unissued_instr_i,i_issue_read_operands.flu_ready_i
1,flush_unissued_instr_i,i_issue_read_operands.lsu_ready_i
1,flush_unissued_instr_i,i_scoreboard.commit_instr_o[0].use_imm
1,flush_unissued_instr_i,i_scoreboard.mem_n[0].sbe.use_imm
1,flush_unissued_instr_i,i_scoreboard.mem_q[0].sbe.use_imm
1,fpu_valid_i,flu_ready_o
1,fpu_valid_i,fpu_ready_o
1,fpu_valid_i,lsu_commit_ready_o
1,fpu_valid_i,lsu_ready_o
1,fpu_valid_i,no_st_pending_o
1,gen_instr_scan[0].i_instr_scan.is_jal_r,gen_instr_scan[0].i_instr_scan.is_rvc
1,gen_instr_scan[0].i_instr_scan.is_jal_r,i_instr_queue.branch_empty
1,gen_instr_scan[0].i_instr_scan.is_jal_r,i_instr_queue.ready_o
1,gen_instr_scan[0].i_instr_scan.is_jal_r,icache_dreq_o.req
1,gen_instr_scan[0].i_instr_scan.is_jal_r,instr_queue_ready
1,gen_instr_scan[0].i_instr_scan.is_rvc,i_instr_queue.ready_o
1,gen_instr_scan[0].i_instr_scan.is_rvc,icache_dreq_o.req
1,gen_instr_scan[0].i_instr_scan.is_rvc,instr_queue_ready
1,gen_instr_scan[0].i_instr_scan.rvc_branch_o,i_instr_queue.branch_empty
1,gen_instr_scan[0].i_instr_scan.rvc_branch_o,i_ras.data_o.valid
1,gen_instr_scan[0].i_instr_scan.rvc_branch_o,i_ras.stack_d[0].valid
1,gen_instr_scan[0].i_instr_scan.rvc_branch_o,i_ras.stack_q[0].valid
1,gen_instr_scan[0].i_instr_scan.rvc_branch_o,ras_predict.valid
1,gen_instr_scan[0].i_instr_scan.rvc_call_o,gen_instr_scan[0].i_instr_scan.is_rvc
1,gen_instr_scan[0].i_instr_scan.rvc_call_o,i_instr_queue.gen_instr_fifo[0].i_fifo_instr_data.empty_o
1,gen_instr_scan[0].i_instr_scan.rvc_call_o,i_instr_queue.gen_instr_fifo[1].i_fifo_instr_data.empty_o
1,gen_instr_scan[0].i_instr_scan.rvc_call_o,i_instr_queue.gen_instr_fifo[1].i_fifo_instr_data.gate_clock
1,gen_instr_scan[0].i_instr_scan.rvc_call_o,i_instr_queue.idx_ds_d[0]
1,gen_instr_scan[0].i_instr_scan.rvc_call_o,i_instr_queue.idx_ds_q[0]
1,gen_instr_scan[0].i_instr_scan.rvc_call_o,i_instr_queue.instr_queue_empty[0]
1,gen_instr_scan[0].i_instr_scan.rvc_call_o,i_instr_queue.instr_queue_empty[1]
1,gen_instr_scan[0].i_instr_scan.rvc_call_o,i_instr_queue.ready_o
1,gen_instr_scan[0].i_instr_scan.rvc_call_o,i_instr_realign.unaligned_d
1,gen_instr_scan[0].i_instr_scan.rvc_call_o,i_ras.data_o.valid
1,gen_instr_scan[0].i_instr_scan.rvc_call_o,i_ras.stack_d[0].valid
1,gen_instr_scan[0].i_instr_scan.rvc_call_o,i_ras.stack_d[1].valid
1,gen_instr_scan[0].i_instr_scan.rvc_call_o,i_ras.stack_q[0].valid
1,gen_instr_scan[0].i_instr_scan.rvc_call_o,i_ras.stack_q[1].valid
1,gen_instr_scan[0].i_instr_scan.rvc_call_o,icache_dreq_o.req
1,gen_instr_scan[0].i_instr_scan.rvc_call_o,instr_queue_ready
1,gen_instr_scan[0].i_instr_scan.rvc_call_o,ras_predict.valid
1,gen_instr_scan[0].i_instr_scan.rvc_jalr_o,gen_instr_scan[0].i_instr_scan.is_rvc
1,gen_instr_scan[0].i_instr_scan.rvc_jalr_o,i_instr_queue.gen_instr_fifo[0].i_fifo_instr_data.empty_o
1,gen_instr_scan[0].i_instr_scan.rvc_jalr_o,i_instr_queue.gen_instr_fifo[1].i_fifo_instr_data.empty_o
1,gen_instr_scan[0].i_instr_scan.rvc_jalr_o,i_instr_queue.gen_instr_fifo[1].i_fifo_instr_data.gate_clock
1,gen_instr_scan[0].i_instr_scan.rvc_jalr_o,i_instr_queue.idx_ds_d[0]
1,gen_instr_scan[0].i_instr_scan.rvc_jalr_o,i_instr_queue.idx_ds_q[0]
1,gen_instr_scan[0].i_instr_scan.rvc_jalr_o,i_instr_queue.instr_queue_empty[0]
1,gen_instr_scan[0].i_instr_scan.rvc_jalr_o,i_instr_queue.instr_queue_empty[1]
1,gen_instr_scan[0].i_instr_scan.rvc_jalr_o,i_instr_queue.ready_o
1,gen_instr_scan[0].i_instr_scan.rvc_jalr_o,i_instr_realign.unaligned_d
1,gen_instr_scan[0].i_instr_scan.rvc_jalr_o,i_ras.data_o.valid
1,gen_instr_scan[0].i_instr_scan.rvc_jalr_o,i_ras.stack_d[0].valid
1,gen_instr_scan[0].i_instr_scan.rvc_jalr_o,i_ras.stack_d[1].valid
1,gen_instr_scan[0].i_instr_scan.rvc_jalr_o,i_ras.stack_q[0].valid
1,gen_instr_scan[0].i_instr_scan.rvc_jalr_o,i_ras.stack_q[1].valid
1,gen_instr_scan[0].i_instr_scan.rvc_jalr_o,icache_dreq_o.req
1,gen_instr_scan[0].i_instr_scan.rvc_jalr_o,instr_queue_ready
1,gen_instr_scan[0].i_instr_scan.rvc_jalr_o,ras_predict.valid
1,gen_instr_scan[0].i_instr_scan.rvc_jr_o,gen_instr_scan[0].i_instr_scan.is_rvc
1,gen_instr_scan[0].i_instr_scan.rvc_jr_o,i_instr_queue.branch_empty
1,gen_instr_scan[0].i_instr_scan.rvc_jr_o,i_instr_queue.ready_o
1,gen_instr_scan[0].i_instr_scan.rvc_jr_o,icache_dreq_o.req
1,gen_instr_scan[0].i_instr_scan.rvc_jr_o,instr_queue_ready
1,gen_instr_scan[0].i_instr_scan.rvc_jump_o,i_instr_queue.gen_instr_fifo[1].i_fifo_instr_data.empty_o
1,gen_instr_scan[0].i_instr_scan.rvc_jump_o,i_instr_queue.instr_queue_empty[1]
1,gen_instr_scan[0].i_instr_scan.rvc_jump_o,i_instr_queue.ready_o
1,gen_instr_scan[0].i_instr_scan.rvc_jump_o,icache_dreq_o.req
1,gen_instr_scan[0].i_instr_scan.rvc_jump_o,instr_queue_ready
1,gen_instr_scan[0].i_instr_scan.rvc_return_o,fetch_entry_valid_o
1,gen_instr_scan[0].i_instr_scan.rvc_return_o,i_instr_queue.branch_empty
1,gen_instr_scan[0].i_instr_scan.rvc_return_o,i_instr_queue.fetch_entry_valid_o
1,gen_instr_scan[0].i_instr_scan.rvi_branch_o,i_instr_queue.ready_o
1,gen_instr_scan[0].i_instr_scan.rvi_branch_o,icache_dreq_o.req
1,gen_instr_scan[0].i_instr_scan.rvi_branch_o,instr_queue_ready
1,gen_instr_scan[0].i_instr_scan.rvi_jalr_o,btb_prediction[1].valid
1,gen_instr_scan[0].i_instr_scan.rvi_jalr_o,btb_prediction_shifted[1].valid
1,gen_instr_scan[0].i_instr_scan.rvi_jalr_o,i_btb.btb_prediction_o[1].valid
1,gen_instr_scan[0].i_instr_scan.rvi_jalr_o,i_instr_queue.branch_empty
1,gen_instr_scan[0].i_instr_scan.rvi_jalr_o,i_instr_queue.gen_instr_fifo[0].i_fifo_instr_data.empty_o
1,gen_instr_scan[0].i_instr_scan.rvi_jalr_o,i_instr_queue.gen_instr_fifo[0].i_fifo_instr_data.gate_clock
1,gen_instr_scan[0].i_instr_scan.rvi_jalr_o,i_instr_queue.gen_instr_fifo[1].i_fifo_instr_data.empty_o
1,gen_instr_scan[0].i_instr_scan.rvi_jalr_o,i_instr_queue.gen_instr_fifo[1].i_fifo_instr_data.gate_clock
1,gen_instr_scan[0].i_instr_scan.rvi_jalr_o,i_instr_queue.idx_ds_d[0]
1,gen_instr_scan[0].i_instr_scan.rvi_jalr_o,i_instr_queue.idx_ds_q[0]
1,gen_instr_scan[0].i_instr_scan.rvi_jalr_o,i_instr_queue.instr_queue_empty[0]
1,gen_instr_scan[0].i_instr_scan.rvi_jalr_o,i_instr_queue.instr_queue_empty[1]
1,gen_instr_scan[0].i_instr_scan.rvi_jalr_o,i_instr_queue.ready_o
1,gen_instr_scan[0].i_instr_scan.rvi_jalr_o,i_instr_realign.unaligned_d
1,gen_instr_scan[0].i_instr_scan.rvi_jalr_o,i_instr_realign.valid_i
1,gen_instr_scan[0].i_instr_scan.rvi_jalr_o,icache_dreq_o.req
1,gen_instr_scan[0].i_instr_scan.rvi_jalr_o,icache_valid_q
1,gen_instr_scan[0].i_instr_scan.rvi_jalr_o,if_ready
1,gen_instr_scan[0].i_instr_scan.rvi_jalr_o,instr_queue_ready
1,gen_instr_scan[0].i_instr_scan.rvi_jump_o,i_instr_queue.ready_o
1,gen_instr_scan[0].i_instr_scan.rvi_jump_o,icache_dreq_o.req
1,gen_instr_scan[0].i_instr_scan.rvi_jump_o,instr_queue_ready
1,gen_instr_scan[1].i_instr_scan.is_jal_r,i_instr_queue.branch_empty
1,gen_instr_scan[1].i_instr_scan.rvc_branch_o,fetch_entry_valid_o
1,gen_instr_scan[1].i_instr_scan.rvc_branch_o,i_instr_queue.branch_empty
1,gen_instr_scan[1].i_instr_scan.rvc_branch_o,i_instr_queue.fetch_entry_valid_o
1,gen_instr_scan[1].i_instr_scan.rvc_branch_o,i_instr_queue.gen_instr_fifo[0].i_fifo_instr_data.write_pointer_n[0]
1,gen_instr_scan[1].i_instr_scan.rvc_branch_o,i_instr_queue.gen_instr_fifo[0].i_fifo_instr_data.write_pointer_n[1]
1,gen_instr_scan[1].i_instr_scan.rvc_branch_o,i_instr_queue.gen_instr_fifo[0].i_fifo_instr_data.write_pointer_q[1]
1,gen_instr_scan[1].i_instr_scan.rvc_branch_o,i_instr_queue.gen_instr_fifo[1].i_fifo_instr_data.write_pointer_n[1]
1,gen_instr_scan[1].i_instr_scan.rvc_branch_o,i_instr_queue.gen_instr_fifo[1].i_fifo_instr_data.write_pointer_q[1]
1,gen_instr_scan[1].i_instr_scan.rvc_branch_o,i_instr_queue.ready_o
1,gen_instr_scan[1].i_instr_scan.rvc_branch_o,i_ras.data_o.valid
1,gen_instr_scan[1].i_instr_scan.rvc_branch_o,i_ras.stack_d[0].valid
1,gen_instr_scan[1].i_instr_scan.rvc_branch_o,i_ras.stack_d[1].valid
1,gen_instr_scan[1].i_instr_scan.rvc_branch_o,i_ras.stack_q[0].valid
1,gen_instr_scan[1].i_instr_scan.rvc_branch_o,i_ras.stack_q[1].valid
1,gen_instr_scan[1].i_instr_scan.rvc_branch_o,icache_dreq_o.req
1,gen_instr_scan[1].i_instr_scan.rvc_branch_o,instr_queue_ready
1,gen_instr_scan[1].i_instr_scan.rvc_branch_o,ras_predict.valid
1,gen_instr_scan[1].i_instr_scan.rvc_call_o,fetch_entry_valid_o
1,gen_instr_scan[1].i_instr_scan.rvc_call_o,i_instr_queue.branch_empty
1,gen_instr_scan[1].i_instr_scan.rvc_call_o,i_instr_queue.fetch_entry_valid_o
1,gen_instr_scan[1].i_instr_scan.rvc_call_o,i_instr_queue.gen_instr_fifo[0].i_fifo_instr_data.usage_o[1]
1,gen_instr_scan[1].i_instr_scan.rvc_call_o,i_instr_queue.gen_instr_fifo[1].i_fifo_instr_data.usage_o[1]
1,gen_instr_scan[1].i_instr_scan.rvc_call_o,i_instr_queue.instr_queue_usage[0][1]
1,gen_instr_scan[1].i_instr_scan.rvc_call_o,i_instr_queue.instr_queue_usage[1][1]
1,gen_instr_scan[1].i_instr_scan.rvc_call_o,i_instr_queue.ready_o
1,gen_instr_scan[1].i_instr_scan.rvc_call_o,i_ras.data_o.valid
1,gen_instr_scan[1].i_instr_scan.rvc_call_o,i_ras.stack_d[0].valid
1,gen_instr_scan[1].i_instr_scan.rvc_call_o,i_ras.stack_q[0].valid
1,gen_instr_scan[1].i_instr_scan.rvc_call_o,icache_dreq_o.req
1,gen_instr_scan[1].i_instr_scan.rvc_call_o,instr_queue_ready
1,gen_instr_scan[1].i_instr_scan.rvc_call_o,ras_predict.valid
1,gen_instr_scan[1].i_instr_scan.rvc_jalr_o,fetch_entry_valid_o
1,gen_instr_scan[1].i_instr_scan.rvc_jalr_o,i_instr_queue.branch_empty
1,gen_instr_scan[1].i_instr_scan.rvc_jalr_o,i_instr_queue.fetch_entry_valid_o
1,gen_instr_scan[1].i_instr_scan.rvc_jalr_o,i_instr_queue.gen_instr_fifo[0].i_fifo_instr_data.usage_o[1]
1,gen_instr_scan[1].i_instr_scan.rvc_jalr_o,i_instr_queue.gen_instr_fifo[1].i_fifo_instr_data.usage_o[1]
1,gen_instr_scan[1].i_instr_scan.rvc_jalr_o,i_instr_queue.instr_queue_usage[0][1]
1,gen_instr_scan[1].i_instr_scan.rvc_jalr_o,i_instr_queue.instr_queue_usage[1][1]
1,gen_instr_scan[1].i_instr_scan.rvc_jalr_o,i_instr_queue.ready_o
1,gen_instr_scan[1].i_instr_scan.rvc_jalr_o,i_ras.data_o.valid
1,gen_instr_scan[1].i_instr_scan.rvc_jalr_o,i_ras.stack_d[0].valid
1,gen_instr_scan[1].i_instr_scan.rvc_jalr_o,i_ras.stack_q[0].valid
1,gen_instr_scan[1].i_instr_scan.rvc_jalr_o,icache_dreq_o.req
1,gen_instr_scan[1].i_instr_scan.rvc_jalr_o,instr_queue_ready
1,gen_instr_scan[1].i_instr_scan.rvc_jalr_o,ras_predict.valid
1,gen_instr_scan[1].i_instr_scan.rvc_jr_o,i_instr_queue.branch_empty
1,gen_instr_scan[1].i_instr_scan.rvc_jump_o,i_instr_queue.branch_empty
1,gen_instr_scan[1].i_instr_scan.rvc_jump_o,i_instr_queue.gen_instr_fifo[0].i_fifo_instr_data.write_pointer_n[1]
1,gen_instr_scan[1].i_instr_scan.rvc_jump_o,i_instr_queue.gen_instr_fifo[0].i_fifo_instr_data.write_pointer_q[1]
1,gen_instr_scan[1].i_instr_scan.rvc_jump_o,i_ras.data_o.valid
1,gen_instr_scan[1].i_instr_scan.rvc_jump_o,i_ras.stack_d[0].valid
1,gen_instr_scan[1].i_instr_scan.rvc_jump_o,i_ras.stack_d[1].valid
1,gen_instr_scan[1].i_instr_scan.rvc_jump_o,i_ras.stack_q[0].valid
1,gen_instr_scan[1].i_instr_scan.rvc_jump_o,i_ras.stack_q[1].valid
1,gen_instr_scan[1].i_instr_scan.rvc_jump_o,ras_predict.valid
1,gen_instr_scan[1].i_instr_scan.rvc_return_o,i_instr_queue.branch_empty
1,i_bht.bht_prediction_o[0].taken,i_ras.data_o.valid
1,i_bht.bht_prediction_o[0].taken,i_ras.stack_d[0].valid
1,i_bht.bht_prediction_o[0].taken,i_ras.stack_q[0].valid
1,i_bht.bht_prediction_o[0].taken,ras_predict.valid
1,i_bht.bht_update_i.taken,i_instr_queue.branch_empty
1,i_bht.bht_update_i.taken,i_instr_queue.gen_instr_fifo[0].i_fifo_instr_data.empty_o
1,i_bht.bht_update_i.taken,i_instr_queue.gen_instr_fifo[0].i_fifo_instr_data.gate_clock
1,i_bht.bht_update_i.taken,i_instr_queue.gen_instr_fifo[1].i_fifo_instr_data.empty_o
1,i_bht.bht_update_i.taken,i_instr_queue.gen_instr_fifo[1].i_fifo_instr_data.gate_clock
1,i_bht.bht_update_i.taken,i_instr_queue.instr_queue_empty[0]
1,i_bht.bht_update_i.taken,i_instr_queue.instr_queue_empty[1]
1,i_bht.bht_update_i.taken,i_instr_queue.ready_o
1,i_bht.bht_update_i.taken,icache_dreq_o.req
1,i_bht.bht_update_i.taken,instr_queue_ready
1,i_bht.bht_update_i.valid,gen_instr_scan[0].i_instr_scan.rvi_branch_o
1,i_bht.bht_update_i.valid,i_instr_queue.branch_empty
1,i_bht.bht_update_i.valid,i_instr_queue.gen_instr_fifo[0].i_fifo_instr_data.empty_o
1,i_bht.bht_update_i.valid,i_instr_queue.gen_instr_fifo[0].i_fifo_instr_data.gate_clock
1,i_bht.bht_update_i.valid,i_instr_queue.gen_instr_fifo[1].i_fifo_instr_data.empty_o
1,i_bht.bht_update_i.valid,i_instr_queue.gen_instr_fifo[1].i_fifo_instr_data.gate_clock
1,i_bht.bht_update_i.valid,i_instr_queue.idx_ds_d[0]
1,i_bht.bht_update_i.valid,i_instr_queue.idx_ds_q[0]
1,i_bht.bht_update_i.valid,i_instr_queue.instr_queue_empty[0]
1,i_bht.bht_update_i.valid,i_instr_queue.instr_queue_empty[1]
1,i_bht.bht_update_i.valid,i_instr_queue.ready_o
1,i_bht.bht_update_i.valid,icache_dreq_o.req
1,i_bht.bht_update_i.valid,instr_queue_ready
1,i_bht.bht_update_i.valid,rvi_branch[0]
1,i_btb.btb_prediction_o[0].valid,i_instr_queue.branch_empty
1,i_btb.btb_prediction_o[0].valid,i_instr_queue.ready_o
1,i_btb.btb_prediction_o[0].valid,icache_dreq_o.req
1,i_btb.btb_prediction_o[0].valid,instr_queue_ready
1,i_btb.btb_update_i.valid,btb_prediction[0].valid
1,i_btb.btb_update_i.valid,btb_prediction_shifted[0].valid
1,i_btb.btb_update_i.valid,gen_instr_scan[0].i_instr_scan.is_jal_r
1,i_btb.btb_update_i.valid,gen_instr_scan[0].i_instr_scan.is_rvc
1,i_btb.btb_update_i.valid,gen_instr_scan[0].i_instr_scan.rvc_jr_o
1,i_btb.btb_update_i.valid,i_btb.btb_prediction_o[0].valid
1,i_btb.btb_update_i.valid,rvc_jr[0]
1,i_instr_queue.branch_empty,i_instr_queue.ready_o
1,i_instr_queue.branch_empty,icache_dreq_o.req
1,i_instr_queue.branch_empty,instr_queue_ready
1,i_instr_queue.consumed_o[0],i_instr_queue.branch_empty
1,i_instr_queue.consumed_o[0],i_instr_queue.ready_o
1,i_instr_queue.consumed_o[0],icache_dreq_o.req
1,i_instr_queue.consumed_o[0],instr_queue_ready
1,i_instr_queue.consumed_o[1],gen_instr_scan[0].i_instr_scan.is_rvc
1,i_instr_queue.consumed_o[1],i_instr_queue.branch_empty
1,i_instr_queue.consumed_o[1],i_instr_queue.ready_o
1,i_instr_queue.consumed_o[1],icache_dreq_o.req
1,i_instr_queue.consumed_o[1],instr_queue_ready
1,i_instr_queue.fetch_entry_ready_i,i_instr_queue.branch_empty
1,i_instr_queue.fetch_entry_ready_i,i_instr_queue.ready_o
1,i_instr_queue.fetch_entry_ready_i,icache_dreq_o.req
1,i_instr_queue.fetch_entry_ready_i,instr_queue_ready
1,i_instr_queue.fetch_entry_valid_o,i_instr_queue.branch_empty
1,i_instr_queue.fetch_entry_valid_o,i_instr_queue.ready_o
1,i_instr_queue.fetch_entry_valid_o,icache_dreq_o.req
1,i_instr_queue.fetch_entry_valid_o,instr_queue_ready
1,i_instr_queue.fifo_pos[0],i_instr_queue.branch_empty
1,i_instr_queue.fifo_pos[0],i_instr_queue.ready_o
1,i_instr_queue.fifo_pos[0],icache_dreq_o.req
1,i_instr_queue.fifo_pos[0],instr_queue_ready
1,i_instr_queue.fifo_pos[1],i_instr_queue.branch_empty
1,i_instr_queue.fifo_pos[1],i_instr_queue.ready_o
1,i_instr_queue.fifo_pos[1],icache_dreq_o.req
1,i_instr_queue.fifo_pos[1],instr_queue_ready
1,i_instr_queue.gen_instr_fifo[0].i_fifo_instr_data.gate_clock,i_instr_queue.ready_o
1,i_instr_queue.gen_instr_fifo[0].i_fifo_instr_data.gate_clock,icache_dreq_o.req
1,i_instr_queue.gen_instr_fifo[0].i_fifo_instr_data.gate_clock,instr_queue_ready
1,i_instr_queue.gen_instr_fifo[0].i_fifo_instr_data.pop_i,i_instr_queue.branch_empty
1,i_instr_queue.gen_instr_fifo[0].i_fifo_instr_data.pop_i,i_instr_queue.gen_instr_fifo[0].i_fifo_instr_data.empty_o
1,i_instr_queue.gen_instr_fifo[0].i_fifo_instr_data.pop_i,i_instr_queue.instr_queue_empty[0]
1,i_instr_queue.gen_instr_fifo[0].i_fifo_instr_data.pop_i,i_instr_queue.ready_o
1,i_instr_queue.gen_instr_fifo[0].i_fifo_instr_data.pop_i,icache_dreq_o.req
1,i_instr_queue.gen_instr_fifo[0].i_fifo_instr_data.pop_i,instr_queue_ready
1,i_instr_queue.gen_instr_fifo[0].i_fifo_instr_data.push_i,i_instr_queue.branch_empty
1,i_instr_queue.gen_instr_fifo[0].i_fifo_instr_data.push_i,i_instr_queue.ready_o
1,i_instr_queue.gen_instr_fifo[0].i_fifo_instr_data.push_i,icache_dreq_o.req
1,i_instr_queue.gen_instr_fifo[0].i_fifo_instr_data.push_i,instr_queue_ready
1,i_instr_queue.gen_instr_fifo[0].i_fifo_instr_data.read_pointer_n[0],i_instr_queue.ready_o
1,i_instr_queue.gen_instr_fifo[0].i_fifo_instr_data.read_pointer_n[0],icache_dreq_o.req
1,i_instr_queue.gen_instr_fifo[0].i_fifo_instr_data.read_pointer_n[0],instr_queue_ready
1,i_instr_queue.gen_instr_fifo[0].i_fifo_instr_data.read_pointer_n[1],i_instr_queue.ready_o
1,i_instr_queue.gen_instr_fifo[0].i_fifo_instr_data.read_pointer_n[1],icache_dreq_o.req
1,i_instr_queue.gen_instr_fifo[0].i_fifo_instr_data.read_pointer_n[1],instr_queue_ready
1,i_instr_queue.gen_instr_fifo[0].i_fifo_instr_data.read_pointer_q[0],i_instr_queue.ready_o
1,i_instr_queue.gen_instr_fifo[0].i_fifo_instr_data.read_pointer_q[0],icache_dreq_o.req
1,i_instr_queue.gen_instr_fifo[0].i_fifo_instr_data.read_pointer_q[0],instr_queue_ready
1,i_instr_queue.gen_instr_fifo[0].i_fifo_instr_data.read_pointer_q[1],i_instr_queue.ready_o
1,i_instr_queue.gen_instr_fifo[0].i_fifo_instr_data.read_pointer_q[1],icache_dreq_o.req
1,i_instr_queue.gen_instr_fifo[0].i_fifo_instr_data.read_pointer_q[1],instr_queue_ready
1,i_instr_queue.gen_instr_fifo[0].i_fifo_instr_data.usage_o[0],i_instr_queue.branch_empty
1,i_instr_queue.gen_instr_fifo[0].i_fifo_instr_data.usage_o[0],i_instr_queue.ready_o
1,i_instr_queue.gen_instr_fifo[0].i_fifo_instr_data.usage_o[0],icache_dreq_o.req
1,i_instr_queue.gen_instr_fifo[0].i_fifo_instr_data.usage_o[0],instr_queue_ready
1,i_instr_queue.gen_instr_fifo[0].i_fifo_instr_data.write_pointer_n[0],i_instr_queue.ready_o
1,i_instr_queue.gen_instr_fifo[0].i_fifo_instr_data.write_pointer_n[0],icache_dreq_o.req
1,i_instr_queue.gen_instr_fifo[0].i_fifo_instr_data.write_pointer_n[0],instr_queue_ready
1,i_instr_queue.gen_instr_fifo[0].i_fifo_instr_data.write_pointer_n[1],i_instr_queue.ready_o
1,i_instr_queue.gen_instr_fifo[0].i_fifo_instr_data.write_pointer_n[1],icache_dreq_o.req
1,i_instr_queue.gen_instr_fifo[0].i_fifo_instr_data.write_pointer_n[1],instr_queue_ready
1,i_instr_queue.gen_instr_fifo[0].i_fifo_instr_data.write_pointer_q[0],i_instr_queue.ready_o
1,i_instr_queue.gen_instr_fifo[0].i_fifo_instr_data.write_pointer_q[0],icache_dreq_o.req
1,i_instr_queue.gen_instr_fifo[0].i_fifo_instr_data.write_pointer_q[0],instr_queue_ready
1,i_instr_queue.gen_instr_fifo[0].i_fifo_instr_data.write_pointer_q[1],i_instr_queue.ready_o
1,i_instr_queue.gen_instr_fifo[0].i_fifo_instr_data.write_pointer_q[1],icache_dreq_o.req
1,i_instr_queue.gen_instr_fifo[0].i_fifo_instr_data.write_pointer_q[1],instr_queue_ready
1,i_instr_queue.gen_instr_fifo[1].i_fifo_instr_data.gate_clock,i_instr_queue.ready_o
1,i_instr_queue.gen_instr_fifo[1].i_fifo_instr_data.gate_clock,icache_dreq_o.req
1,i_instr_queue.gen_instr_fifo[1].i_fifo_instr_data.gate_clock,instr_queue_ready
1,i_instr_queue.gen_instr_fifo[1].i_fifo_instr_data.pop_i,i_instr_queue.branch_empty
1,i_instr_queue.gen_instr_fifo[1].i_fifo_instr_data.pop_i,i_instr_queue.ready_o
1,i_instr_queue.gen_instr_fifo[1].i_fifo_instr_data.pop_i,icache_dreq_o.req
1,i_instr_queue.gen_instr_fifo[1].i_fifo_instr_data.pop_i,instr_queue_ready
1,i_instr_queue.gen_instr_fifo[1].i_fifo_instr_data.push_i,i_instr_queue.branch_empty
1,i_instr_queue.gen_instr_fifo[1].i_fifo_instr_data.push_i,i_instr_queue.ready_o
1,i_instr_queue.gen_instr_fifo[1].i_fifo_instr_data.push_i,icache_dreq_o.req
1,i_instr_queue.gen_instr_fifo[1].i_fifo_instr_data.push_i,instr_queue_ready
1,i_instr_queue.gen_instr_fifo[1].i_fifo_instr_data.read_pointer_n[0],i_instr_queue.ready_o
1,i_instr_queue.gen_instr_fifo[1].i_fifo_instr_data.read_pointer_n[0],icache_dreq_o.req
1,i_instr_queue.gen_instr_fifo[1].i_fifo_instr_data.read_pointer_n[0],instr_queue_ready
1,i_instr_queue.gen_instr_fifo[1].i_fifo_instr_data.read_pointer_n[1],i_instr_queue.ready_o
1,i_instr_queue.gen_instr_fifo[1].i_fifo_instr_data.read_pointer_n[1],icache_dreq_o.req
1,i_instr_queue.gen_instr_fifo[1].i_fifo_instr_data.read_pointer_n[1],instr_queue_ready
1,i_instr_queue.gen_instr_fifo[1].i_fifo_instr_data.read_pointer_q[0],i_instr_queue.ready_o
1,i_instr_queue.gen_instr_fifo[1].i_fifo_instr_data.read_pointer_q[0],icache_dreq_o.req
1,i_instr_queue.gen_instr_fifo[1].i_fifo_instr_data.read_pointer_q[0],instr_queue_ready
1,i_instr_queue.gen_instr_fifo[1].i_fifo_instr_data.read_pointer_q[1],i_instr_queue.ready_o
1,i_instr_queue.gen_instr_fifo[1].i_fifo_instr_data.read_pointer_q[1],icache_dreq_o.req
1,i_instr_queue.gen_instr_fifo[1].i_fifo_instr_data.read_pointer_q[1],instr_queue_ready
1,i_instr_queue.gen_instr_fifo[1].i_fifo_instr_data.usage_o[0],i_instr_queue.branch_empty
1,i_instr_queue.gen_instr_fifo[1].i_fifo_instr_data.usage_o[0],i_instr_queue.ready_o
1,i_instr_queue.gen_instr_fifo[1].i_fifo_instr_data.usage_o[0],icache_dreq_o.req
1,i_instr_queue.gen_instr_fifo[1].i_fifo_instr_data.usage_o[0],instr_queue_ready
1,i_instr_queue.gen_instr_fifo[1].i_fifo_instr_data.write_pointer_n[0],i_instr_queue.ready_o
1,i_instr_queue.gen_instr_fifo[1].i_fifo_instr_data.write_pointer_n[0],icache_dreq_o.req
1,i_instr_queue.gen_instr_fifo[1].i_fifo_instr_data.write_pointer_n[0],instr_queue_ready
1,i_instr_queue.gen_instr_fifo[1].i_fifo_instr_data.write_pointer_n[1],i_instr_queue.ready_o
1,i_instr_queue.gen_instr_fifo[1].i_fifo_instr_data.write_pointer_n[1],icache_dreq_o.req
1,i_instr_queue.gen_instr_fifo[1].i_fifo_instr_data.write_pointer_n[1],instr_queue_ready
1,i_instr_queue.gen_instr_fifo[1].i_fifo_instr_data.write_pointer_q[0],i_instr_queue.ready_o
1,i_instr_queue.gen_instr_fifo[1].i_fifo_instr_data.write_pointer_q[0],icache_dreq_o.req
1,i_instr_queue.gen_instr_fifo[1].i_fifo_instr_data.write_pointer_q[0],instr_queue_ready
1,i_instr_queue.gen_instr_fifo[1].i_fifo_instr_data.write_pointer_q[1],i_instr_queue.ready_o
1,i_instr_queue.gen_instr_fifo[1].i_fifo_instr_data.write_pointer_q[1],icache_dreq_o.req
1,i_instr_queue.gen_instr_fifo[1].i_fifo_instr_data.write_pointer_q[1],instr_queue_ready
1,i_instr_queue.i_popcount.left_child_result[0],i_instr_queue.branch_empty
1,i_instr_queue.i_popcount.left_child_result[0],i_instr_queue.ready_o
1,i_instr_queue.i_popcount.left_child_result[0],icache_dreq_o.req
1,i_instr_queue.i_popcount.left_child_result[0],instr_queue_ready
1,i_instr_queue.i_popcount.padded_input[0],i_instr_queue.branch_empty
1,i_instr_queue.i_popcount.padded_input[0],i_instr_queue.ready_o
1,i_instr_queue.i_popcount.padded_input[0],icache_dreq_o.req
1,i_instr_queue.i_popcount.padded_input[0],instr_queue_ready
1,i_instr_queue.i_popcount.padded_input[1],i_instr_queue.branch_empty
1,i_instr_queue.i_popcount.padded_input[1],i_instr_queue.ready_o
1,i_instr_queue.i_popcount.padded_input[1],icache_dreq_o.req
1,i_instr_queue.i_popcount.padded_input[1],instr_queue_ready
1,i_instr_queue.i_popcount.popcount_o[0],fetch_entry_valid_o
1,i_instr_queue.i_popcount.popcount_o[0],i_instr_queue.branch_empty
1,i_instr_queue.i_popcount.popcount_o[0],i_instr_queue.fetch_entry_ready_i
1,i_instr_queue.i_popcount.popcount_o[0],i_instr_queue.fetch_entry_valid_o
1,i_instr_queue.i_popcount.popcount_o[0],i_instr_queue.gen_instr_fifo[0].i_fifo_instr_data.gate_clock
1,i_instr_queue.i_popcount.popcount_o[0],i_instr_queue.gen_instr_fifo[1].i_fifo_instr_data.gate_clock
1,i_instr_queue.i_popcount.popcount_o[0],i_instr_queue.ready_o
1,i_instr_queue.i_popcount.popcount_o[0],icache_dreq_o.req
1,i_instr_queue.i_popcount.popcount_o[0],instr_queue_ready
1,i_instr_queue.i_popcount.popcount_o[1],gen_instr_scan[0].i_instr_scan.is_rvc
1,i_instr_queue.i_popcount.popcount_o[1],i_instr_queue.branch_empty
1,i_instr_queue.i_popcount.popcount_o[1],i_instr_queue.ready_o
1,i_instr_queue.i_popcount.popcount_o[1],icache_dreq_o.req
1,i_instr_queue.i_popcount.popcount_o[1],instr_queue_ready
1,i_instr_queue.i_popcount.right_child_result[0],i_instr_queue.branch_empty
1,i_instr_queue.i_popcount.right_child_result[0],i_instr_queue.ready_o
1,i_instr_queue.i_popcount.right_child_result[0],icache_dreq_o.req
1,i_instr_queue.i_popcount.right_child_result[0],instr_queue_ready
1,i_instr_queue.idx_ds_d[0],i_instr_queue.ready_o
1,i_instr_queue.idx_ds_d[0],icache_dreq_o.req
1,i_instr_queue.idx_ds_d[0],instr_queue_ready
1,i_instr_queue.idx_ds_d[1],i_instr_queue.ready_o
1,i_instr_queue.idx_ds_d[1],icache_dreq_o.req
1,i_instr_queue.idx_ds_d[1],instr_queue_ready
1,i_instr_queue.idx_ds_q[0],i_instr_queue.ready_o
1,i_instr_queue.idx_ds_q[0],icache_dreq_o.req
1,i_instr_queue.idx_ds_q[0],instr_queue_ready
1,i_instr_queue.idx_ds_q[1],i_instr_queue.ready_o
1,i_instr_queue.idx_ds_q[1],icache_dreq_o.req
1,i_instr_queue.idx_ds_q[1],instr_queue_ready
1,i_instr_queue.idx_is_d[0],i_instr_queue.ready_o
1,i_instr_queue.idx_is_d[0],icache_dreq_o.req
1,i_instr_queue.idx_is_d[0],instr_queue_ready
1,i_instr_queue.idx_is_q[0],i_instr_queue.ready_o
1,i_instr_queue.idx_is_q[0],icache_dreq_o.req
1,i_instr_queue.idx_is_q[0],instr_queue_ready
1,i_instr_queue.instr_overflow,fetch_entry_valid_o
1,i_instr_queue.instr_overflow,i_instr_queue.fetch_entry_valid_o
1,i_instr_queue.instr_overflow_fifo[0],fetch_entry_valid_o
1,i_instr_queue.instr_overflow_fifo[0],i_instr_queue.fetch_entry_valid_o
1,i_instr_queue.instr_overflow_fifo[1],fetch_entry_valid_o
1,i_instr_queue.instr_overflow_fifo[1],i_instr_queue.fetch_entry_valid_o
1,i_instr_queue.instr_queue_usage[0][0],i_instr_queue.branch_empty
1,i_instr_queue.instr_queue_usage[0][0],i_instr_queue.ready_o
1,i_instr_queue.instr_queue_usage[0][0],icache_dreq_o.req
1,i_instr_queue.instr_queue_usage[0][0],instr_queue_ready
1,i_instr_queue.instr_queue_usage[1][0],i_instr_queue.branch_empty
1,i_instr_queue.instr_queue_usage[1][0],i_instr_queue.ready_o
1,i_instr_queue.instr_queue_usage[1][0],icache_dreq_o.req
1,i_instr_queue.instr_queue_usage[1][0],instr_queue_ready
1,i_instr_queue.pop_instr[0],i_instr_queue.branch_empty
1,i_instr_queue.pop_instr[0],i_instr_queue.gen_instr_fifo[0].i_fifo_instr_data.empty_o
1,i_instr_queue.pop_instr[0],i_instr_queue.instr_queue_empty[0]
1,i_instr_queue.pop_instr[0],i_instr_queue.ready_o
1,i_instr_queue.pop_instr[0],icache_dreq_o.req
1,i_instr_queue.pop_instr[0],instr_queue_ready
1,i_instr_queue.pop_instr[1],i_instr_queue.branch_empty
1,i_instr_queue.pop_instr[1],i_instr_queue.ready_o
1,i_instr_queue.pop_instr[1],icache_dreq_o.req
1,i_instr_queue.pop_instr[1],instr_queue_ready
1,i_instr_queue.popcount[0],fetch_entry_valid_o
1,i_instr_queue.popcount[0],i_instr_queue.branch_empty
1,i_instr_queue.popcount[0],i_instr_queue.fetch_entry_ready_i
1,i_instr_queue.popcount[0],i_instr_queue.fetch_entry_valid_o
1,i_instr_queue.popcount[0],i_instr_queue.gen_instr_fifo[0].i_fifo_instr_data.gate_clock
1,i_instr_queue.popcount[0],i_instr_queue.gen_instr_fifo[1].i_fifo_instr_data.gate_clock
1,i_instr_queue.popcount[0],i_instr_queue.ready_o
1,i_instr_queue.popcount[0],icache_dreq_o.req
1,i_instr_queue.popcount[0],instr_queue_ready
1,i_instr_queue.popcount[1],gen_instr_scan[0].i_instr_scan.is_rvc
1,i_instr_queue.popcount[1],i_instr_queue.branch_empty
1,i_instr_queue.popcount[1],i_instr_queue.ready_o
1,i_instr_queue.popcount[1],icache_dreq_o.req
1,i_instr_queue.popcount[1],instr_queue_ready
1,i_instr_queue.push_instr[0],i_instr_queue.branch_empty
1,i_instr_queue.push_instr[0],i_instr_queue.ready_o
1,i_instr_queue.push_instr[0],icache_dreq_o.req
1,i_instr_queue.push_instr[0],instr_queue_ready
1,i_instr_queue.push_instr[1],i_instr_queue.branch_empty
1,i_instr_queue.push_instr[1],i_instr_queue.ready_o
1,i_instr_queue.push_instr[1],icache_dreq_o.req
1,i_instr_queue.push_instr[1],instr_queue_ready
1,i_instr_queue.push_instr_fifo[0],i_instr_queue.branch_empty
1,i_instr_queue.push_instr_fifo[0],i_instr_queue.ready_o
1,i_instr_queue.push_instr_fifo[0],icache_dreq_o.req
1,i_instr_queue.push_instr_fifo[0],instr_queue_ready
1,i_instr_queue.push_instr_fifo[1],i_instr_queue.branch_empty
1,i_instr_queue.push_instr_fifo[1],i_instr_queue.ready_o
1,i_instr_queue.push_instr_fifo[1],icache_dreq_o.req
1,i_instr_queue.push_instr_fifo[1],instr_queue_ready
1,i_instr_queue.replay_o,fetch_entry_valid_o
1,i_instr_queue.replay_o,i_instr_queue.fetch_entry_valid_o
1,i_instr_queue.shamt[0],fetch_entry_valid_o
1,i_instr_queue.shamt[0],i_instr_queue.branch_empty
1,i_instr_queue.shamt[0],i_instr_queue.fetch_entry_ready_i
1,i_instr_queue.shamt[0],i_instr_queue.fetch_entry_valid_o
1,i_instr_queue.shamt[0],i_instr_queue.gen_instr_fifo[0].i_fifo_instr_data.gate_clock
1,i_instr_queue.shamt[0],i_instr_queue.gen_instr_fifo[1].i_fifo_instr_data.gate_clock
1,i_instr_queue.shamt[0],i_instr_queue.ready_o
1,i_instr_queue.shamt[0],icache_dreq_o.req
1,i_instr_queue.shamt[0],instr_queue_ready
1,i_instr_queue.taken[0],fetch_entry_valid_o
1,i_instr_queue.taken[0],i_instr_queue.fetch_entry_ready_i
1,i_instr_queue.taken[0],i_instr_queue.fetch_entry_valid_o
1,i_instr_queue.taken[0],i_instr_queue.ready_o
1,i_instr_queue.taken[0],icache_dreq_o.req
1,i_instr_queue.taken[0],instr_queue_ready
1,i_instr_queue.taken[1],fetch_entry_valid_o
1,i_instr_queue.taken[1],i_instr_queue.fetch_entry_valid_o
1,i_instr_queue.valid[0],i_instr_queue.branch_empty
1,i_instr_queue.valid[0],i_instr_queue.ready_o
1,i_instr_queue.valid[0],icache_dreq_o.req
1,i_instr_queue.valid[0],instr_queue_ready
1,i_instr_queue.valid[1],gen_instr_scan[0].i_instr_scan.is_rvc
1,i_instr_queue.valid[1],i_instr_queue.branch_empty
1,i_instr_queue.valid[1],i_instr_queue.ready_o
1,i_instr_queue.valid[1],icache_dreq_o.req
1,i_instr_queue.valid[1],instr_queue_ready
1,i_instr_queue.valid_i[0],i_instr_queue.branch_empty
1,i_instr_queue.valid_i[0],i_instr_queue.ready_o
1,i_instr_queue.valid_i[0],icache_dreq_o.req
1,i_instr_queue.valid_i[0],instr_queue_ready
1,i_instr_queue.valid_i[1],gen_instr_scan[0].i_instr_scan.is_rvc
1,i_instr_queue.valid_i[1],i_instr_queue.branch_empty
1,i_instr_queue.valid_i[1],i_instr_queue.ready_o
1,i_instr_queue.valid_i[1],icache_dreq_o.req
1,i_instr_queue.valid_i[1],instr_queue_ready
1,i_instr_realign.flush_i,i_instr_queue.ready_o
1,i_instr_realign.flush_i,icache_dreq_o.req
1,i_instr_realign.flush_i,instr_queue_ready
1,i_instr_realign.valid_i,i_instr_queue.branch_empty
1,i_instr_realign.valid_i,i_instr_queue.ready_o
1,i_instr_realign.valid_i,icache_dreq_o.req
1,i_instr_realign.valid_i,instr_queue_ready
1,i_instr_realign.valid_o[0],i_instr_queue.branch_empty
1,i_instr_realign.valid_o[0],i_instr_queue.ready_o
1,i_instr_realign.valid_o[0],icache_dreq_o.req
1,i_instr_realign.valid_o[0],instr_queue_ready
1,i_instr_realign.valid_o[1],gen_instr_scan[0].i_instr_scan.is_rvc
1,i_instr_realign.valid_o[1],i_instr_queue.branch_empty
1,i_instr_realign.valid_o[1],i_instr_queue.ready_o
1,i_instr_realign.valid_o[1],icache_dreq_o.req
1,i_instr_realign.valid_o[1],instr_queue_ready
1,i_issue_read_operands.alu_valid_o,commit_instr_o[0].valid
1,i_issue_read_operands.alu_valid_o,i_issue_read_operands.flu_ready_i
1,i_issue_read_operands.alu_valid_o,i_issue_read_operands.lsu_ready_i
1,i_issue_read_operands.alu_valid_o,i_issue_read_operands.we_gpr_i[0]
1,i_issue_read_operands.alu_valid_o,i_issue_read_operands.we_pack[0]
1,i_issue_read_operands.alu_valid_o,i_scoreboard.commit_ack_i[0]
1,i_issue_read_operands.alu_valid_o,i_scoreboard.commit_instr_o[0].valid
1,i_issue_read_operands.alu_valid_o,i_scoreboard.i_popcount.data_i[0]
1,i_issue_read_operands.alu_valid_o,i_scoreboard.i_popcount.padded_input[0]
1,i_issue_read_operands.alu_valid_o,i_scoreboard.i_popcount.popcount_o[0]
1,i_issue_read_operands.alu_valid_o,i_scoreboard.i_popcount.right_child_result[0]
1,i_issue_read_operands.alu_valid_o,i_scoreboard.mem_n[0].sbe.use_imm
1,i_issue_read_operands.alu_valid_o,i_scoreboard.mem_q[0].sbe.use_imm
1,i_issue_read_operands.alu_valid_o,i_scoreboard.num_commit[0]
1,i_issue_read_operands.alu_valid_q,commit_instr_o[0].valid
1,i_issue_read_operands.alu_valid_q,i_issue_read_operands.flu_ready_i
1,i_issue_read_operands.alu_valid_q,i_issue_read_operands.lsu_ready_i
1,i_issue_read_operands.alu_valid_q,i_issue_read_operands.we_gpr_i[0]
1,i_issue_read_operands.alu_valid_q,i_issue_read_operands.we_pack[0]
1,i_issue_read_operands.alu_valid_q,i_scoreboard.commit_ack_i[0]
1,i_issue_read_operands.alu_valid_q,i_scoreboard.commit_instr_o[0].valid
1,i_issue_read_operands.alu_valid_q,i_scoreboard.i_popcount.data_i[0]
1,i_issue_read_operands.alu_valid_q,i_scoreboard.i_popcount.padded_input[0]
1,i_issue_read_operands.alu_valid_q,i_scoreboard.i_popcount.popcount_o[0]
1,i_issue_read_operands.alu_valid_q,i_scoreboard.i_popcount.right_child_result[0]
1,i_issue_read_operands.alu_valid_q,i_scoreboard.mem_n[0].sbe.use_imm
1,i_issue_read_operands.alu_valid_q,i_scoreboard.mem_q[0].sbe.use_imm
1,i_issue_read_operands.alu_valid_q,i_scoreboard.num_commit[0]
1,i_issue_read_operands.branch_valid_o,commit_instr_o[0].use_imm
1,i_issue_read_operands.branch_valid_o,commit_instr_o[0].valid
1,i_issue_read_operands.branch_valid_o,i_issue_read_operands.flu_ready_i
1,i_issue_read_operands.branch_valid_o,i_issue_read_operands.lsu_ready_i
1,i_issue_read_operands.branch_valid_o,i_issue_read_operands.we_gpr_i[0]
1,i_issue_read_operands.branch_valid_o,i_issue_read_operands.we_pack[0]
1,i_issue_read_operands.branch_valid_o,i_scoreboard.commit_ack_i[0]
1,i_issue_read_operands.branch_valid_o,i_scoreboard.commit_instr_o[0].use_imm
1,i_issue_read_operands.branch_valid_o,i_scoreboard.commit_instr_o[0].valid
1,i_issue_read_operands.branch_valid_o,i_scoreboard.i_popcount.data_i[0]
1,i_issue_read_operands.branch_valid_o,i_scoreboard.i_popcount.padded_input[0]
1,i_issue_read_operands.branch_valid_o,i_scoreboard.i_popcount.popcount_o[0]
1,i_issue_read_operands.branch_valid_o,i_scoreboard.i_popcount.right_child_result[0]
1,i_issue_read_operands.branch_valid_o,i_scoreboard.mem_n[0].sbe.use_imm
1,i_issue_read_operands.branch_valid_o,i_scoreboard.mem_q[0].sbe.use_imm
1,i_issue_read_operands.branch_valid_o,i_scoreboard.num_commit[0]
1,i_issue_read_operands.branch_valid_q,commit_instr_o[0].use_imm
1,i_issue_read_operands.branch_valid_q,commit_instr_o[0].valid
1,i_issue_read_operands.branch_valid_q,i_issue_read_operands.flu_ready_i
1,i_issue_read_operands.branch_valid_q,i_issue_read_operands.lsu_ready_i
1,i_issue_read_operands.branch_valid_q,i_issue_read_operands.we_gpr_i[0]
1,i_issue_read_operands.branch_valid_q,i_issue_read_operands.we_pack[0]
1,i_issue_read_operands.branch_valid_q,i_scoreboard.commit_ack_i[0]
1,i_issue_read_operands.branch_valid_q,i_scoreboard.commit_instr_o[0].use_imm
1,i_issue_read_operands.branch_valid_q,i_scoreboard.commit_instr_o[0].valid
1,i_issue_read_operands.branch_valid_q,i_scoreboard.i_popcount.data_i[0]
1,i_issue_read_operands.branch_valid_q,i_scoreboard.i_popcount.padded_input[0]
1,i_issue_read_operands.branch_valid_q,i_scoreboard.i_popcount.popcount_o[0]
1,i_issue_read_operands.branch_valid_q,i_scoreboard.i_popcount.right_child_result[0]
1,i_issue_read_operands.branch_valid_q,i_scoreboard.mem_n[0].sbe.use_imm
1,i_issue_read_operands.branch_valid_q,i_scoreboard.mem_q[0].sbe.use_imm
1,i_issue_read_operands.branch_valid_q,i_scoreboard.num_commit[0]
1,i_issue_read_operands.csr_valid_o,commit_instr_o[0].valid
1,i_issue_read_operands.csr_valid_o,i_issue_read_operands.lsu_ready_i
1,i_issue_read_operands.csr_valid_o,i_issue_read_operands.we_gpr_i[0]
1,i_issue_read_operands.csr_valid_o,i_issue_read_operands.we_pack[0]
1,i_issue_read_operands.csr_valid_o,i_scoreboard.commit_ack_i[0]
1,i_issue_read_operands.csr_valid_o,i_scoreboard.commit_instr_o[0].valid
1,i_issue_read_operands.csr_valid_o,i_scoreboard.i_popcount.data_i[0]
1,i_issue_read_operands.csr_valid_o,i_scoreboard.i_popcount.padded_input[0]
1,i_issue_read_operands.csr_valid_o,i_scoreboard.i_popcount.popcount_o[0]
1,i_issue_read_operands.csr_valid_o,i_scoreboard.i_popcount.right_child_result[0]
1,i_issue_read_operands.csr_valid_o,i_scoreboard.mem_n[0].sbe.use_imm
1,i_issue_read_operands.csr_valid_o,i_scoreboard.mem_q[0].sbe.use_imm
1,i_issue_read_operands.csr_valid_o,i_scoreboard.num_commit[0]
1,i_issue_read_operands.csr_valid_q,commit_instr_o[0].valid
1,i_issue_read_operands.csr_valid_q,i_issue_read_operands.lsu_ready_i
1,i_issue_read_operands.csr_valid_q,i_issue_read_operands.we_gpr_i[0]
1,i_issue_read_operands.csr_valid_q,i_issue_read_operands.we_pack[0]
1,i_issue_read_operands.csr_valid_q,i_scoreboard.commit_ack_i[0]
1,i_issue_read_operands.csr_valid_q,i_scoreboard.commit_instr_o[0].valid
1,i_issue_read_operands.csr_valid_q,i_scoreboard.i_popcount.data_i[0]
1,i_issue_read_operands.csr_valid_q,i_scoreboard.i_popcount.padded_input[0]
1,i_issue_read_operands.csr_valid_q,i_scoreboard.i_popcount.popcount_o[0]
1,i_issue_read_operands.csr_valid_q,i_scoreboard.i_popcount.right_child_result[0]
1,i_issue_read_operands.csr_valid_q,i_scoreboard.mem_n[0].sbe.use_imm
1,i_issue_read_operands.csr_valid_q,i_scoreboard.mem_q[0].sbe.use_imm
1,i_issue_read_operands.csr_valid_q,i_scoreboard.num_commit[0]
1,i_issue_read_operands.flu_ready_i,i_issue_read_operands.fpu_ready_i
1,i_issue_read_operands.flu_ready_i,i_issue_read_operands.lsu_ready_i
1,i_issue_read_operands.flush_i,commit_instr_o[0].use_imm
1,i_issue_read_operands.flush_i,i_issue_read_operands.flu_ready_i
1,i_issue_read_operands.flush_i,i_issue_read_operands.lsu_ready_i
1,i_issue_read_operands.flush_i,i_scoreboard.commit_instr_o[0].use_imm
1,i_issue_read_operands.flush_i,i_scoreboard.mem_n[0].sbe.use_imm
1,i_issue_read_operands.flush_i,i_scoreboard.mem_q[0].sbe.use_imm
1,i_issue_read_operands.fpu_valid_o,i_issue_read_operands.flu_ready_i
1,i_issue_read_operands.fpu_valid_o,i_issue_read_operands.fpu_ready_i
1,i_issue_read_operands.fpu_valid_o,i_issue_read_operands.lsu_ready_i
1,i_issue_read_operands.fpu_valid_q,i_issue_read_operands.flu_ready_i
1,i_issue_read_operands.fpu_valid_q,i_issue_read_operands.fpu_ready_i
1,i_issue_read_operands.fpu_valid_q,i_issue_read_operands.lsu_ready_i
1,i_issue_read_operands.is_compressed_instr_o,i_issue_read_operands.fpu_ready_i
1,i_issue_read_operands.is_compressed_instr_o,i_issue_read_operands.lsu_ready_i
1,i_issue_read_operands.is_compressed_instr_o,i_scoreboard.mem_n[0].sbe.use_imm
1,i_issue_read_operands.is_compressed_instr_o,i_scoreboard.mem_q[0].sbe.use_imm
1,i_issue_read_operands.issue_ack_o,i_issue_read_operands.fpu_ready_i
1,i_issue_read_operands.issue_ack_o,i_issue_read_operands.lsu_ready_i
1,i_issue_read_operands.issue_instr_i.ex.valid,i_issue_read_operands.lsu_ready_i
1,i_issue_read_operands.issue_instr_i.ex.valid,i_scoreboard.mem_n[0].sbe.use_imm
1,i_issue_read_operands.issue_instr_i.ex.valid,i_scoreboard.mem_q[0].sbe.use_imm
1,i_issue_read_operands.issue_instr_i.is_compressed,i_issue_read_operands.fpu_ready_i
1,i_issue_read_operands.issue_instr_i.is_compressed,i_issue_read_operands.lsu_ready_i
1,i_issue_read_operands.issue_instr_i.is_compressed,i_scoreboard.mem_n[0].sbe.use_imm
1,i_issue_read_operands.issue_instr_i.is_compressed,i_scoreboard.mem_q[0].sbe.use_imm
1,i_issue_read_operands.issue_instr_i.use_imm,i_issue_read_operands.fpu_ready_i
1,i_issue_read_operands.issue_instr_i.use_imm,i_issue_read_operands.lsu_ready_i
1,i_issue_read_operands.issue_instr_i.use_imm,i_scoreboard.mem_n[0].sbe.use_imm
1,i_issue_read_operands.issue_instr_i.use_imm,i_scoreboard.mem_q[0].sbe.use_imm
1,i_issue_read_operands.issue_instr_i.use_pc,decoded_instr_i.use_imm
1,i_issue_read_operands.issue_instr_i.use_pc,i_issue_read_operands.flu_ready_i
1,i_issue_read_operands.issue_instr_i.use_pc,i_issue_read_operands.issue_instr_i.use_imm
1,i_issue_read_operands.issue_instr_i.use_pc,i_issue_read_operands.lsu_ready_i
1,i_issue_read_operands.issue_instr_i.use_pc,i_re_name.issue_instr_i.use_imm
1,i_issue_read_operands.issue_instr_i.use_pc,i_re_name.issue_instr_o.use_imm
1,i_issue_read_operands.issue_instr_i.use_pc,i_scoreboard.decoded_instr_i.use_imm
1,i_issue_read_operands.issue_instr_i.use_pc,i_scoreboard.issue_instr_o.use_imm
1,i_issue_read_operands.issue_instr_i.use_pc,i_scoreboard.mem_n[0].sbe.use_imm
1,i_issue_read_operands.issue_instr_i.use_pc,i_scoreboard.mem_q[0].sbe.use_imm
1,i_issue_read_operands.issue_instr_i.use_pc,issue_instr_rename_sb.use_imm
1,i_issue_read_operands.issue_instr_i.use_pc,issue_instr_sb_iro.use_imm
1,i_issue_read_operands.issue_instr_i.valid,i_issue_read_operands.lsu_ready_i
1,i_issue_read_operands.issue_instr_i.valid,i_scoreboard.mem_n[0].sbe.use_imm
1,i_issue_read_operands.issue_instr_i.valid,i_scoreboard.mem_q[0].sbe.use_imm
1,i_issue_read_operands.issue_instr_valid_i,i_issue_read_operands.fpu_ready_i
1,i_issue_read_operands.issue_instr_valid_i,i_issue_read_operands.lsu_ready_i
1,i_issue_read_operands.lsu_valid_o,commit_instr_o[0].use_imm
1,i_issue_read_operands.lsu_valid_o,decoded_instr_i.use_imm
1,i_issue_read_operands.lsu_valid_o,i_issue_read_operands.flu_ready_i
1,i_issue_read_operands.lsu_valid_o,i_issue_read_operands.issue_instr_i.use_imm
1,i_issue_read_operands.lsu_valid_o,i_issue_read_operands.lsu_ready_i
1,i_issue_read_operands.lsu_valid_o,i_re_name.issue_instr_i.use_imm
1,i_issue_read_operands.lsu_valid_o,i_re_name.issue_instr_o.use_imm
1,i_issue_read_operands.lsu_valid_o,i_scoreboard.commit_instr_o[0].use_imm
1,i_issue_read_operands.lsu_valid_o,i_scoreboard.decoded_instr_i.use_imm
1,i_issue_read_operands.lsu_valid_o,i_scoreboard.issue_instr_o.use_imm
1,i_issue_read_operands.lsu_valid_o,i_scoreboard.mem_n[0].sbe.use_imm
1,i_issue_read_operands.lsu_valid_o,i_scoreboard.mem_q[0].sbe.use_imm
1,i_issue_read_operands.lsu_valid_o,issue_instr_rename_sb.use_imm
1,i_issue_read_operands.lsu_valid_o,issue_instr_sb_iro.use_imm
1,i_issue_read_operands.lsu_valid_q,commit_instr_o[0].use_imm
1,i_issue_read_operands.lsu_valid_q,decoded_instr_i.use_imm
1,i_issue_read_operands.lsu_valid_q,i_issue_read_operands.flu_ready_i
1,i_issue_read_operands.lsu_valid_q,i_issue_read_operands.issue_instr_i.use_imm
1,i_issue_read_operands.lsu_valid_q,i_issue_read_operands.lsu_ready_i
1,i_issue_read_operands.lsu_valid_q,i_re_name.issue_instr_i.use_imm
1,i_issue_read_operands.lsu_valid_q,i_re_name.issue_instr_o.use_imm
1,i_issue_read_operands.lsu_valid_q,i_scoreboard.commit_instr_o[0].use_imm
1,i_issue_read_operands.lsu_valid_q,i_scoreboard.decoded_instr_i.use_imm
1,i_issue_read_operands.lsu_valid_q,i_scoreboard.issue_instr_o.use_imm
1,i_issue_read_operands.lsu_valid_q,i_scoreboard.mem_n[0].sbe.use_imm
1,i_issue_read_operands.lsu_valid_q,i_scoreboard.mem_q[0].sbe.use_imm
1,i_issue_read_operands.lsu_valid_q,issue_instr_rename_sb.use_imm
1,i_issue_read_operands.lsu_valid_q,issue_instr_sb_iro.use_imm
1,i_issue_read_operands.mult_valid_o,decoded_instr_i.use_imm
1,i_issue_read_operands.mult_valid_o,i_issue_read_operands.issue_instr_i.use_imm
1,i_issue_read_operands.mult_valid_o,i_issue_read_operands.issue_instr_valid_i
1,i_issue_read_operands.mult_valid_o,i_issue_read_operands.lsu_ready_i
1,i_issue_read_operands.mult_valid_o,i_re_name.issue_instr_i.use_imm
1,i_issue_read_operands.mult_valid_o,i_re_name.issue_instr_o.use_imm
1,i_issue_read_operands.mult_valid_o,i_re_name.issue_instr_valid_i
1,i_issue_read_operands.mult_valid_o,i_re_name.issue_instr_valid_o
1,i_issue_read_operands.mult_valid_o,i_scoreboard.decoded_instr_i.use_imm
1,i_issue_read_operands.mult_valid_o,i_scoreboard.decoded_instr_valid_i
1,i_issue_read_operands.mult_valid_o,i_scoreboard.issue_instr_o.use_imm
1,i_issue_read_operands.mult_valid_o,i_scoreboard.issue_instr_valid_o
1,i_issue_read_operands.mult_valid_o,i_scoreboard.mem_n[0].sbe.use_imm
1,i_issue_read_operands.mult_valid_o,i_scoreboard.mem_q[0].sbe.use_imm
1,i_issue_read_operands.mult_valid_o,i_scoreboard.wt_valid_i[3]
1,i_issue_read_operands.mult_valid_o,issue_instr_rename_sb.use_imm
1,i_issue_read_operands.mult_valid_o,issue_instr_sb_iro.use_imm
1,i_issue_read_operands.mult_valid_o,issue_instr_valid_rename_sb
1,i_issue_read_operands.mult_valid_o,issue_instr_valid_sb_iro
1,i_issue_read_operands.mult_valid_q,decoded_instr_i.use_imm
1,i_issue_read_operands.mult_valid_q,i_issue_read_operands.issue_instr_i.use_imm
1,i_issue_read_operands.mult_valid_q,i_issue_read_operands.issue_instr_valid_i
1,i_issue_read_operands.mult_valid_q,i_issue_read_operands.lsu_ready_i
1,i_issue_read_operands.mult_valid_q,i_re_name.issue_instr_i.use_imm
1,i_issue_read_operands.mult_valid_q,i_re_name.issue_instr_o.use_imm
1,i_issue_read_operands.mult_valid_q,i_re_name.issue_instr_valid_i
1,i_issue_read_operands.mult_valid_q,i_re_name.issue_instr_valid_o
1,i_issue_read_operands.mult_valid_q,i_scoreboard.decoded_instr_i.use_imm
1,i_issue_read_operands.mult_valid_q,i_scoreboard.decoded_instr_valid_i
1,i_issue_read_operands.mult_valid_q,i_scoreboard.issue_instr_o.use_imm
1,i_issue_read_operands.mult_valid_q,i_scoreboard.issue_instr_valid_o
1,i_issue_read_operands.mult_valid_q,i_scoreboard.mem_n[0].sbe.use_imm
1,i_issue_read_operands.mult_valid_q,i_scoreboard.mem_q[0].sbe.use_imm
1,i_issue_read_operands.mult_valid_q,i_scoreboard.wt_valid_i[3]
1,i_issue_read_operands.mult_valid_q,issue_instr_rename_sb.use_imm
1,i_issue_read_operands.mult_valid_q,issue_instr_sb_iro.use_imm
1,i_issue_read_operands.mult_valid_q,issue_instr_valid_rename_sb
1,i_issue_read_operands.mult_valid_q,issue_instr_valid_sb_iro
1,i_issue_read_operands.orig_instr.atype.aq,i_issue_read_operands.lsu_ready_i
1,i_issue_read_operands.orig_instr.atype.aq,i_scoreboard.mem_n[0].sbe.use_imm
1,i_issue_read_operands.orig_instr.atype.aq,i_scoreboard.mem_q[0].sbe.use_imm
1,i_issue_read_operands.orig_instr.atype.rl,i_issue_read_operands.lsu_ready_i
1,i_issue_read_operands.orig_instr.atype.rl,i_scoreboard.mem_n[0].sbe.use_imm
1,i_issue_read_operands.orig_instr.atype.rl,i_scoreboard.mem_q[0].sbe.use_imm
1,i_issue_read_operands.orig_instr.rvftype.repl[14],decoded_instr_i.use_imm
1,i_issue_read_operands.orig_instr.rvftype.repl[14],i_issue_read_operands.flu_ready_i
1,i_issue_read_operands.orig_instr.rvftype.repl[14],i_issue_read_operands.fpu_ready_i
1,i_issue_read_operands.orig_instr.rvftype.repl[14],i_issue_read_operands.issue_instr_i.use_imm
1,i_issue_read_operands.orig_instr.rvftype.repl[14],i_issue_read_operands.lsu_ready_i
1,i_issue_read_operands.orig_instr.rvftype.repl[14],i_re_name.issue_instr_i.use_imm
1,i_issue_read_operands.orig_instr.rvftype.repl[14],i_re_name.issue_instr_o.use_imm
1,i_issue_read_operands.orig_instr.rvftype.repl[14],i_scoreboard.decoded_instr_i.use_imm
1,i_issue_read_operands.orig_instr.rvftype.repl[14],i_scoreboard.issue_instr_o.use_imm
1,i_issue_read_operands.orig_instr.rvftype.repl[14],i_scoreboard.mem_n[0].sbe.use_imm
1,i_issue_read_operands.orig_instr.rvftype.repl[14],i_scoreboard.mem_q[0].sbe.use_imm
1,i_issue_read_operands.orig_instr.rvftype.repl[14],issue_instr_rename_sb.use_imm
1,i_issue_read_operands.orig_instr.rvftype.repl[14],issue_instr_sb_iro.use_imm
1,i_issue_read_operands.stall,commit_instr_o[0].use_imm
1,i_issue_read_operands.stall,commit_instr_o[1].use_imm
1,i_issue_read_operands.stall,decoded_instr_i.use_imm
1,i_issue_read_operands.stall,i_issue_read_operands.flu_ready_i
1,i_issue_read_operands.stall,i_issue_read_operands.issue_instr_i.use_imm
1,i_issue_read_operands.stall,i_issue_read_operands.lsu_ready_i
1,i_issue_read_operands.stall,i_issue_read_operands.orig_instr.rvftype.repl[14]
1,i_issue_read_operands.stall,i_re_name.issue_instr_i.use_imm
1,i_issue_read_operands.stall,i_re_name.issue_instr_o.use_imm
1,i_issue_read_operands.stall,i_scoreboard.commit_instr_o[0].use_imm
1,i_issue_read_operands.stall,i_scoreboard.commit_instr_o[1].use_imm
1,i_issue_read_operands.stall,i_scoreboard.decoded_instr_i.use_imm
1,i_issue_read_operands.stall,i_scoreboard.issue_instr_o.use_imm
1,i_issue_read_operands.stall,i_scoreboard.mem_n[0].sbe.use_imm
1,i_issue_read_operands.stall,i_scoreboard.mem_q[0].sbe.use_imm
1,i_issue_read_operands.stall,issue_instr_rename_sb.use_imm
1,i_issue_read_operands.stall,issue_instr_sb_iro.use_imm
1,i_issue_read_operands.we_fpr_i[0],i_issue_read_operands.flu_ready_i
1,i_issue_read_operands.we_fpr_i[0],i_issue_read_operands.lsu_ready_i
1,i_issue_read_operands.we_gpr_i[0],i_issue_read_operands.flu_ready_i
1,i_issue_read_operands.we_gpr_i[0],i_issue_read_operands.lsu_ready_i
1,i_issue_read_operands.we_gpr_i[0],i_scoreboard.mem_n[0].sbe.use_imm
1,i_issue_read_operands.we_gpr_i[0],i_scoreboard.mem_q[0].sbe.use_imm
1,i_issue_read_operands.we_gpr_i[1],commit_instr_o[1].use_imm
1,i_issue_read_operands.we_gpr_i[1],i_issue_read_operands.lsu_ready_i
1,i_issue_read_operands.we_gpr_i[1],i_scoreboard.commit_instr_o[1].use_imm
1,i_issue_read_operands.we_pack[0],i_issue_read_operands.flu_ready_i
1,i_issue_read_operands.we_pack[0],i_issue_read_operands.lsu_ready_i
1,i_issue_read_operands.we_pack[0],i_scoreboard.mem_n[0].sbe.use_imm
1,i_issue_read_operands.we_pack[0],i_scoreboard.mem_q[0].sbe.use_imm
1,i_issue_read_operands.we_pack[1],commit_instr_o[1].use_imm
1,i_issue_read_operands.we_pack[1],i_issue_read_operands.lsu_ready_i
1,i_issue_read_operands.we_pack[1],i_scoreboard.commit_instr_o[1].use_imm
1,i_mult.i_div.state_q[0],flu_ready_o
1,i_mult.i_div.state_q[0],i_mult.i_div.div_res_zero_q
1,i_mult.i_div.state_q[0],i_mult.i_div.rem_sel_q
1,i_mult.i_div.state_q[0],lsu_commit_ready_o
1,i_mult.i_div.state_q[0],lsu_i.lsu_bypass_i.read_pointer_q
1,i_mult.i_div.state_q[0],lsu_i.lsu_bypass_i.write_pointer_q
1,i_mult.i_div.state_q[0],lsu_ready_o
1,i_mult.i_div.state_q[0],no_st_pending_o
1,i_mult.i_multiplier.mult_valid_o,flu_ready_o
1,i_mult.i_multiplier.mult_valid_o,i_mult.i_div.div_res_zero_q
1,i_mult.i_multiplier.mult_valid_o,i_mult.i_div.rem_sel_q
1,i_mult.i_multiplier.mult_valid_o,i_mult.word_op_q
1,i_mult.i_multiplier.mult_valid_o,lsu_commit_ready_o
1,i_mult.i_multiplier.mult_valid_o,lsu_ready_o
1,i_mult.i_multiplier.mult_valid_o,no_st_pending_o
1,i_mult.mul_valid,flu_ready_o
1,i_mult.mul_valid,i_mult.i_div.div_res_zero_q
1,i_mult.mul_valid,i_mult.i_div.rem_sel_q
1,i_mult.mul_valid,i_mult.word_op_q
1,i_mult.mul_valid,lsu_commit_ready_o
1,i_mult.mul_valid,lsu_ready_o
1,i_mult.mul_valid,no_st_pending_o
1,i_ras.pop_i,fetch_entry_valid_o
1,i_ras.pop_i,gen_instr_scan[0].i_instr_scan.is_rvc
1,i_ras.pop_i,i_instr_queue.fetch_entry_valid_o
1,i_ras.push_i,i_instr_queue.branch_empty
1,i_ras.push_i,i_ras.stack_d[0].valid
1,i_re_name.flush_i,commit_instr_o[0].use_imm
1,i_re_name.flush_i,commit_instr_o[1].use_imm
1,i_re_name.flush_i,i_scoreboard.commit_instr_o[0].use_imm
1,i_re_name.flush_i,i_scoreboard.commit_instr_o[1].use_imm
1,i_re_name.flush_i,i_scoreboard.mem_n[0].sbe.use_imm
1,i_re_name.flush_i,i_scoreboard.mem_q[0].sbe.use_imm
1,i_re_name.flush_unissied_instr_i,commit_instr_o[0].use_imm
1,i_re_name.flush_unissied_instr_i,i_issue_read_operands.flu_ready_i
1,i_re_name.flush_unissied_instr_i,i_issue_read_operands.lsu_ready_i
1,i_re_name.flush_unissied_instr_i,i_scoreboard.commit_instr_o[0].use_imm
1,i_re_name.flush_unissied_instr_i,i_scoreboard.mem_n[0].sbe.use_imm
1,i_re_name.flush_unissied_instr_i,i_scoreboard.mem_q[0].sbe.use_imm
1,i_re_name.issue_ack_i,i_issue_read_operands.fpu_ready_i
1,i_re_name.issue_ack_i,i_issue_read_operands.lsu_ready_i
1,i_re_name.issue_ack_o,i_issue_read_operands.fpu_ready_i
1,i_re_name.issue_ack_o,i_issue_read_operands.lsu_ready_i
1,i_re_name.issue_instr_i.ex.valid,i_issue_read_operands.lsu_ready_i
1,i_re_name.issue_instr_i.ex.valid,i_scoreboard.mem_n[0].sbe.use_imm
1,i_re_name.issue_instr_i.ex.valid,i_scoreboard.mem_q[0].sbe.use_imm
1,i_re_name.issue_instr_i.is_compressed,i_issue_read_operands.fpu_ready_i
1,i_re_name.issue_instr_i.is_compressed,i_issue_read_operands.lsu_ready_i
1,i_re_name.issue_instr_i.is_compressed,i_scoreboard.mem_n[0].sbe.use_imm
1,i_re_name.issue_instr_i.is_compressed,i_scoreboard.mem_q[0].sbe.use_imm
1,i_re_name.issue_instr_i.use_imm,i_issue_read_operands.fpu_ready_i
1,i_re_name.issue_instr_i.use_imm,i_issue_read_operands.lsu_ready_i
1,i_re_name.issue_instr_i.use_imm,i_scoreboard.mem_n[0].sbe.use_imm
1,i_re_name.issue_instr_i.use_imm,i_scoreboard.mem_q[0].sbe.use_imm
1,i_re_name.issue_instr_i.use_pc,decoded_instr_i.use_imm
1,i_re_name.issue_instr_i.use_pc,i_issue_read_operands.flu_ready_i
1,i_re_name.issue_instr_i.use_pc,i_issue_read_operands.issue_instr_i.use_imm
1,i_re_name.issue_instr_i.use_pc,i_issue_read_operands.lsu_ready_i
1,i_re_name.issue_instr_i.use_pc,i_re_name.issue_instr_i.use_imm
1,i_re_name.issue_instr_i.use_pc,i_re_name.issue_instr_o.use_imm
1,i_re_name.issue_instr_i.use_pc,i_scoreboard.decoded_instr_i.use_imm
1,i_re_name.issue_instr_i.use_pc,i_scoreboard.issue_instr_o.use_imm
1,i_re_name.issue_instr_i.use_pc,i_scoreboard.mem_n[0].sbe.use_imm
1,i_re_name.issue_instr_i.use_pc,i_scoreboard.mem_q[0].sbe.use_imm
1,i_re_name.issue_instr_i.use_pc,issue_instr_rename_sb.use_imm
1,i_re_name.issue_instr_i.use_pc,issue_instr_sb_iro.use_imm
1,i_re_name.issue_instr_i.valid,i_issue_read_operands.lsu_ready_i
1,i_re_name.issue_instr_i.valid,i_scoreboard.mem_n[0].sbe.use_imm
1,i_re_name.issue_instr_i.valid,i_scoreboard.mem_q[0].sbe.use_imm
1,i_re_name.issue_instr_o.ex.valid,i_issue_read_operands.lsu_ready_i
1,i_re_name.issue_instr_o.ex.valid,i_scoreboard.mem_n[0].sbe.use_imm
1,i_re_name.issue_instr_o.ex.valid,i_scoreboard.mem_q[0].sbe.use_imm
1,i_re_name.issue_instr_o.is_compressed,i_issue_read_operands.fpu_ready_i
1,i_re_name.issue_instr_o.is_compressed,i_issue_read_operands.lsu_ready_i
1,i_re_name.issue_instr_o.is_compressed,i_scoreboard.mem_n[0].sbe.use_imm
1,i_re_name.issue_instr_o.is_compressed,i_scoreboard.mem_q[0].sbe.use_imm
1,i_re_name.issue_instr_o.use_imm,i_issue_read_operands.fpu_ready_i
1,i_re_name.issue_instr_o.use_imm,i_issue_read_operands.lsu_ready_i
1,i_re_name.issue_instr_o.use_imm,i_scoreboard.mem_n[0].sbe.use_imm
1,i_re_name.issue_instr_o.use_imm,i_scoreboard.mem_q[0].sbe.use_imm
1,i_re_name.issue_instr_o.use_pc,decoded_instr_i.use_imm
1,i_re_name.issue_instr_o.use_pc,i_issue_read_operands.flu_ready_i
1,i_re_name.issue_instr_o.use_pc,i_issue_read_operands.issue_instr_i.use_imm
1,i_re_name.issue_instr_o.use_pc,i_issue_read_operands.lsu_ready_i
1,i_re_name.issue_instr_o.use_pc,i_re_name.issue_instr_i.use_imm
1,i_re_name.issue_instr_o.use_pc,i_re_name.issue_instr_o.use_imm
1,i_re_name.issue_instr_o.use_pc,i_scoreboard.decoded_instr_i.use_imm
1,i_re_name.issue_instr_o.use_pc,i_scoreboard.issue_instr_o.use_imm
1,i_re_name.issue_instr_o.use_pc,i_scoreboard.mem_n[0].sbe.use_imm
1,i_re_name.issue_instr_o.use_pc,i_scoreboard.mem_q[0].sbe.use_imm
1,i_re_name.issue_instr_o.use_pc,issue_instr_rename_sb.use_imm
1,i_re_name.issue_instr_o.use_pc,issue_instr_sb_iro.use_imm
1,i_re_name.issue_instr_o.valid,i_issue_read_operands.lsu_ready_i
1,i_re_name.issue_instr_o.valid,i_scoreboard.mem_n[0].sbe.use_imm
1,i_re_name.issue_instr_o.valid,i_scoreboard.mem_q[0].sbe.use_imm
1,i_re_name.issue_instr_valid_i,i_issue_read_operands.fpu_ready_i
1,i_re_name.issue_instr_valid_i,i_issue_read_operands.lsu_ready_i
1,i_re_name.issue_instr_valid_o,i_issue_read_operands.fpu_ready_i
1,i_re_name.issue_instr_valid_o,i_issue_read_operands.lsu_ready_i
1,i_scoreboard.commit_ack_i[0],i_issue_read_operands.flu_ready_i
1,i_scoreboard.commit_ack_i[0],i_issue_read_operands.lsu_ready_i
1,i_scoreboard.commit_ack_i[0],i_scoreboard.mem_n[0].sbe.use_imm
1,i_scoreboard.commit_ack_i[0],i_scoreboard.mem_q[0].sbe.use_imm
1,i_scoreboard.commit_ack_i[1],commit_instr_o[1].use_imm
1,i_scoreboard.commit_ack_i[1],i_issue_read_operands.lsu_ready_i
1,i_scoreboard.commit_ack_i[1],i_scoreboard.commit_instr_o[1].use_imm
1,i_scoreboard.commit_instr_o[0].ex.valid,commit_instr_o[0].use_imm
1,i_scoreboard.commit_instr_o[0].ex.valid,commit_instr_o[1].use_imm
1,i_scoreboard.commit_instr_o[0].ex.valid,decoded_instr_i.ex.valid
1,i_scoreboard.commit_instr_o[0].ex.valid,decoded_instr_i.valid
1,i_scoreboard.commit_instr_o[0].ex.valid,i_issue_read_operands.issue_instr_i.ex.valid
1,i_scoreboard.commit_instr_o[0].ex.valid,i_issue_read_operands.issue_instr_i.valid
1,i_scoreboard.commit_instr_o[0].ex.valid,i_re_name.issue_instr_i.ex.valid
1,i_scoreboard.commit_instr_o[0].ex.valid,i_re_name.issue_instr_i.valid
1,i_scoreboard.commit_instr_o[0].ex.valid,i_re_name.issue_instr_o.ex.valid
1,i_scoreboard.commit_instr_o[0].ex.valid,i_re_name.issue_instr_o.valid
1,i_scoreboard.commit_instr_o[0].ex.valid,i_scoreboard.commit_instr_o[0].use_imm
1,i_scoreboard.commit_instr_o[0].ex.valid,i_scoreboard.commit_instr_o[1].use_imm
1,i_scoreboard.commit_instr_o[0].ex.valid,i_scoreboard.decoded_instr_i.ex.valid
1,i_scoreboard.commit_instr_o[0].ex.valid,i_scoreboard.decoded_instr_i.valid
1,i_scoreboard.commit_instr_o[0].ex.valid,i_scoreboard.issue_instr_o.ex.valid
1,i_scoreboard.commit_instr_o[0].ex.valid,i_scoreboard.issue_instr_o.valid
1,i_scoreboard.commit_instr_o[0].ex.valid,i_scoreboard.mem_n[0].sbe.use_imm
1,i_scoreboard.commit_instr_o[0].ex.valid,i_scoreboard.mem_q[0].sbe.use_imm
1,i_scoreboard.commit_instr_o[0].ex.valid,issue_instr_rename_sb.ex.valid
1,i_scoreboard.commit_instr_o[0].ex.valid,issue_instr_rename_sb.valid
1,i_scoreboard.commit_instr_o[0].ex.valid,issue_instr_sb_iro.ex.valid
1,i_scoreboard.commit_instr_o[0].ex.valid,issue_instr_sb_iro.valid
1,i_scoreboard.commit_instr_o[0].is_compressed,i_issue_read_operands.lsu_ready_i
1,i_scoreboard.commit_instr_o[0].is_compressed,i_scoreboard.mem_n[0].sbe.use_imm
1,i_scoreboard.commit_instr_o[0].is_compressed,i_scoreboard.mem_q[0].sbe.use_imm
1,i_scoreboard.commit_instr_o[0].use_imm,i_issue_read_operands.lsu_ready_i
1,i_scoreboard.commit_instr_o[0].use_pc,i_issue_read_operands.lsu_ready_i
1,i_scoreboard.commit_instr_o[0].use_pc,i_scoreboard.mem_n[0].sbe.use_imm
1,i_scoreboard.commit_instr_o[0].use_pc,i_scoreboard.mem_q[0].sbe.use_imm
1,i_scoreboard.commit_instr_o[0].valid,i_issue_read_operands.flu_ready_i
1,i_scoreboard.commit_instr_o[0].valid,i_issue_read_operands.lsu_ready_i
1,i_scoreboard.commit_instr_o[0].valid,i_scoreboard.mem_n[0].sbe.use_imm
1,i_scoreboard.commit_instr_o[0].valid,i_scoreboard.mem_q[0].sbe.use_imm
1,i_scoreboard.commit_instr_o[1].ex.valid,commit_instr_o[1].use_imm
1,i_scoreboard.commit_instr_o[1].ex.valid,i_issue_read_operands.lsu_ready_i
1,i_scoreboard.commit_instr_o[1].ex.valid,i_scoreboard.commit_instr_o[1].use_imm
1,i_scoreboard.commit_instr_o[1].is_compressed,i_issue_read_operands.lsu_ready_i
1,i_scoreboard.commit_instr_o[1].is_compressed,i_scoreboard.mem_n[0].sbe.use_imm
1,i_scoreboard.commit_instr_o[1].is_compressed,i_scoreboard.mem_q[0].sbe.use_imm
1,i_scoreboard.commit_instr_o[1].use_imm,i_issue_read_operands.lsu_ready_i
1,i_scoreboard.commit_instr_o[1].use_pc,commit_instr_o[0].use_imm
1,i_scoreboard.commit_instr_o[1].use_pc,commit_instr_o[1].use_imm
1,i_scoreboard.commit_instr_o[1].use_pc,i_issue_read_operands.lsu_ready_i
1,i_scoreboard.commit_instr_o[1].use_pc,i_scoreboard.commit_instr_o[0].use_imm
1,i_scoreboard.commit_instr_o[1].use_pc,i_scoreboard.commit_instr_o[1].use_imm
1,i_scoreboard.commit_instr_o[1].use_pc,i_scoreboard.mem_n[0].sbe.use_imm
1,i_scoreboard.commit_instr_o[1].use_pc,i_scoreboard.mem_q[0].sbe.use_imm
1,i_scoreboard.commit_instr_o[1].valid,commit_instr_o[1].use_imm
1,i_scoreboard.commit_instr_o[1].valid,i_issue_read_operands.lsu_ready_i
1,i_scoreboard.commit_instr_o[1].valid,i_scoreboard.commit_instr_o[1].use_imm
1,i_scoreboard.decoded_instr_ack_o,i_issue_read_operands.fpu_ready_i
1,i_scoreboard.decoded_instr_ack_o,i_issue_read_operands.lsu_ready_i
1,i_scoreboard.decoded_instr_i.ex.valid,i_issue_read_operands.lsu_ready_i
1,i_scoreboard.decoded_instr_i.ex.valid,i_scoreboard.mem_n[0].sbe.use_imm
1,i_scoreboard.decoded_instr_i.ex.valid,i_scoreboard.mem_q[0].sbe.use_imm
1,i_scoreboard.decoded_instr_i.is_compressed,i_issue_read_operands.fpu_ready_i
1,i_scoreboard.decoded_instr_i.is_compressed,i_issue_read_operands.lsu_ready_i
1,i_scoreboard.decoded_instr_i.is_compressed,i_scoreboard.mem_n[0].sbe.use_imm
1,i_scoreboard.decoded_instr_i.is_compressed,i_scoreboard.mem_q[0].sbe.use_imm
1,i_scoreboard.decoded_instr_i.use_imm,i_issue_read_operands.fpu_ready_i
1,i_scoreboard.decoded_instr_i.use_imm,i_issue_read_operands.lsu_ready_i
1,i_scoreboard.decoded_instr_i.use_imm,i_scoreboard.mem_n[0].sbe.use_imm
1,i_scoreboard.decoded_instr_i.use_imm,i_scoreboard.mem_q[0].sbe.use_imm
1,i_scoreboard.decoded_instr_i.use_pc,decoded_instr_i.use_imm
1,i_scoreboard.decoded_instr_i.use_pc,i_issue_read_operands.flu_ready_i
1,i_scoreboard.decoded_instr_i.use_pc,i_issue_read_operands.issue_instr_i.use_imm
1,i_scoreboard.decoded_instr_i.use_pc,i_issue_read_operands.lsu_ready_i
1,i_scoreboard.decoded_instr_i.use_pc,i_re_name.issue_instr_i.use_imm
1,i_scoreboard.decoded_instr_i.use_pc,i_re_name.issue_instr_o.use_imm
1,i_scoreboard.decoded_instr_i.use_pc,i_scoreboard.decoded_instr_i.use_imm
1,i_scoreboard.decoded_instr_i.use_pc,i_scoreboard.issue_instr_o.use_imm
1,i_scoreboard.decoded_instr_i.use_pc,i_scoreboard.mem_n[0].sbe.use_imm
1,i_scoreboard.decoded_instr_i.use_pc,i_scoreboard.mem_q[0].sbe.use_imm
1,i_scoreboard.decoded_instr_i.use_pc,issue_instr_rename_sb.use_imm
1,i_scoreboard.decoded_instr_i.use_pc,issue_instr_sb_iro.use_imm
1,i_scoreboard.decoded_instr_i.valid,i_issue_read_operands.lsu_ready_i
1,i_scoreboard.decoded_instr_i.valid,i_scoreboard.mem_n[0].sbe.use_imm
1,i_scoreboard.decoded_instr_i.valid,i_scoreboard.mem_q[0].sbe.use_imm
1,i_scoreboard.decoded_instr_valid_i,i_issue_read_operands.fpu_ready_i
1,i_scoreboard.decoded_instr_valid_i,i_issue_read_operands.lsu_ready_i
1,i_scoreboard.flush_i,commit_instr_o[0].use_imm
1,i_scoreboard.flush_i,commit_instr_o[1].use_imm
1,i_scoreboard.flush_i,i_scoreboard.commit_instr_o[0].use_imm
1,i_scoreboard.flush_i,i_scoreboard.commit_instr_o[1].use_imm
1,i_scoreboard.flush_i,i_scoreboard.mem_n[0].sbe.use_imm
1,i_scoreboard.flush_i,i_scoreboard.mem_q[0].sbe.use_imm
1,i_scoreboard.flush_unissued_instr_i,commit_instr_o[0].use_imm
1,i_scoreboard.flush_unissued_instr_i,i_issue_read_operands.flu_ready_i
1,i_scoreboard.flush_unissued_instr_i,i_issue_read_operands.lsu_ready_i
1,i_scoreboard.flush_unissued_instr_i,i_scoreboard.commit_instr_o[0].use_imm
1,i_scoreboard.flush_unissued_instr_i,i_scoreboard.mem_n[0].sbe.use_imm
1,i_scoreboard.flush_unissued_instr_i,i_scoreboard.mem_q[0].sbe.use_imm
1,i_scoreboard.i_popcount.data_i[0],i_issue_read_operands.flu_ready_i
1,i_scoreboard.i_popcount.data_i[0],i_issue_read_operands.lsu_ready_i
1,i_scoreboard.i_popcount.data_i[0],i_scoreboard.mem_n[0].sbe.use_imm
1,i_scoreboard.i_popcount.data_i[0],i_scoreboard.mem_q[0].sbe.use_imm
1,i_scoreboard.i_popcount.data_i[1],commit_instr_o[1].use_imm
1,i_scoreboard.i_popcount.data_i[1],i_issue_read_operands.lsu_ready_i
1,i_scoreboard.i_popcount.data_i[1],i_scoreboard.commit_instr_o[1].use_imm
1,i_scoreboard.i_popcount.left_child_result[0],commit_instr_o[1].use_imm
1,i_scoreboard.i_popcount.left_child_result[0],i_issue_read_operands.lsu_ready_i
1,i_scoreboard.i_popcount.left_child_result[0],i_scoreboard.commit_instr_o[1].use_imm
1,i_scoreboard.i_popcount.padded_input[0],i_issue_read_operands.flu_ready_i
1,i_scoreboard.i_popcount.padded_input[0],i_issue_read_operands.lsu_ready_i
1,i_scoreboard.i_popcount.padded_input[0],i_scoreboard.mem_n[0].sbe.use_imm
1,i_scoreboard.i_popcount.padded_input[0],i_scoreboard.mem_q[0].sbe.use_imm
1,i_scoreboard.i_popcount.padded_input[1],commit_instr_o[1].use_imm
1,i_scoreboard.i_popcount.padded_input[1],i_issue_read_operands.lsu_ready_i
1,i_scoreboard.i_popcount.padded_input[1],i_scoreboard.commit_instr_o[1].use_imm
1,i_scoreboard.i_popcount.popcount_o[0],i_issue_read_operands.flu_ready_i
1,i_scoreboard.i_popcount.popcount_o[0],i_issue_read_operands.lsu_ready_i
1,i_scoreboard.i_popcount.popcount_o[0],i_scoreboard.mem_n[0].sbe.use_imm
1,i_scoreboard.i_popcount.popcount_o[0],i_scoreboard.mem_q[0].sbe.use_imm
1,i_scoreboard.i_popcount.popcount_o[1],commit_instr_o[1].use_imm
1,i_scoreboard.i_popcount.popcount_o[1],i_issue_read_operands.lsu_ready_i
1,i_scoreboard.i_popcount.popcount_o[1],i_scoreboard.commit_instr_o[1].use_imm
1,i_scoreboard.i_popcount.right_child_result[0],i_issue_read_operands.flu_ready_i
1,i_scoreboard.i_popcount.right_child_result[0],i_issue_read_operands.lsu_ready_i
1,i_scoreboard.i_popcount.right_child_result[0],i_scoreboard.mem_n[0].sbe.use_imm
1,i_scoreboard.i_popcount.right_child_result[0],i_scoreboard.mem_q[0].sbe.use_imm
1,i_scoreboard.issue_ack_i,i_issue_read_operands.fpu_ready_i
1,i_scoreboard.issue_ack_i,i_issue_read_operands.lsu_ready_i
1,i_scoreboard.issue_en,i_issue_read_operands.fpu_ready_i
1,i_scoreboard.issue_en,i_issue_read_operands.lsu_ready_i
1,i_scoreboard.issue_full,commit_instr_o[0].is_compressed
1,i_scoreboard.issue_full,commit_instr_o[0].valid
1,i_scoreboard.issue_full,commit_instr_o[1].use_imm
1,i_scoreboard.issue_full,commit_instr_o[1].valid
1,i_scoreboard.issue_full,decoded_instr_ack_o
1,i_scoreboard.issue_full,decoded_instr_i.use_imm
1,i_scoreboard.issue_full,i_issue_read_operands.flu_ready_i
1,i_scoreboard.issue_full,i_issue_read_operands.fpu_ready_i
1,i_scoreboard.issue_full,i_issue_read_operands.issue_ack_o
1,i_scoreboard.issue_full,i_issue_read_operands.issue_instr_i.use_imm
1,i_scoreboard.issue_full,i_issue_read_operands.issue_instr_valid_i
1,i_scoreboard.issue_full,i_issue_read_operands.lsu_ready_i
1,i_scoreboard.issue_full,i_issue_read_operands.orig_instr.atype.aq
1,i_scoreboard.issue_full,i_issue_read_operands.we_gpr_i[0]
1,i_scoreboard.issue_full,i_issue_read_operands.we_gpr_i[1]
1,i_scoreboard.issue_full,i_issue_read_operands.we_pack[0]
1,i_scoreboard.issue_full,i_issue_read_operands.we_pack[1]
1,i_scoreboard.issue_full,i_re_name.issue_ack_i
1,i_scoreboard.issue_full,i_re_name.issue_ack_o
1,i_scoreboard.issue_full,i_re_name.issue_instr_i.use_imm
1,i_scoreboard.issue_full,i_re_name.issue_instr_o.use_imm
1,i_scoreboard.issue_full,i_re_name.issue_instr_valid_i
1,i_scoreboard.issue_full,i_re_name.issue_instr_valid_o
1,i_scoreboard.issue_full,i_scoreboard.commit_ack_i[0]
1,i_scoreboard.issue_full,i_scoreboard.commit_ack_i[1]
1,i_scoreboard.issue_full,i_scoreboard.commit_instr_o[0].is_compressed
1,i_scoreboard.issue_full,i_scoreboard.commit_instr_o[0].valid
1,i_scoreboard.issue_full,i_scoreboard.commit_instr_o[1].use_imm
1,i_scoreboard.issue_full,i_scoreboard.commit_instr_o[1].valid
1,i_scoreboard.issue_full,i_scoreboard.decoded_instr_ack_o
1,i_scoreboard.issue_full,i_scoreboard.decoded_instr_i.use_imm
1,i_scoreboard.issue_full,i_scoreboard.decoded_instr_valid_i
1,i_scoreboard.issue_full,i_scoreboard.i_popcount.data_i[0]
1,i_scoreboard.issue_full,i_scoreboard.i_popcount.data_i[1]
1,i_scoreboard.issue_full,i_scoreboard.i_popcount.left_child_result[0]
1,i_scoreboard.issue_full,i_scoreboard.i_popcount.padded_input[0]
1,i_scoreboard.issue_full,i_scoreboard.i_popcount.padded_input[1]
1,i_scoreboard.issue_full,i_scoreboard.i_popcount.popcount_o[1]
1,i_scoreboard.issue_full,i_scoreboard.i_popcount.right_child_result[0]
1,i_scoreboard.issue_full,i_scoreboard.issue_ack_i
1,i_scoreboard.issue_full,i_scoreboard.issue_en
1,i_scoreboard.issue_full,i_scoreboard.issue_instr_o.use_imm
1,i_scoreboard.issue_full,i_scoreboard.issue_instr_valid_o
1,i_scoreboard.issue_full,i_scoreboard.mem_n[0].issued
1,i_scoreboard.issue_full,i_scoreboard.mem_n[0].sbe.is_compressed
1,i_scoreboard.issue_full,i_scoreboard.mem_n[0].sbe.use_imm
1,i_scoreboard.issue_full,i_scoreboard.mem_n[0].sbe.valid
1,i_scoreboard.issue_full,i_scoreboard.mem_q[0].issued
1,i_scoreboard.issue_full,i_scoreboard.mem_q[0].sbe.is_compressed
1,i_scoreboard.issue_full,i_scoreboard.mem_q[0].sbe.use_imm
1,i_scoreboard.issue_full,i_scoreboard.mem_q[0].sbe.valid
1,i_scoreboard.issue_full,i_scoreboard.num_commit[1]
1,i_scoreboard.issue_full,issue_ack_iro_sb
1,i_scoreboard.issue_full,issue_ack_sb_rename
1,i_scoreboard.issue_full,issue_instr_rename_sb.use_imm
1,i_scoreboard.issue_full,issue_instr_sb_iro.use_imm
1,i_scoreboard.issue_full,issue_instr_valid_rename_sb
1,i_scoreboard.issue_full,issue_instr_valid_sb_iro
1,i_scoreboard.issue_instr_o.ex.valid,i_issue_read_operands.lsu_ready_i
1,i_scoreboard.issue_instr_o.ex.valid,i_scoreboard.mem_n[0].sbe.use_imm
1,i_scoreboard.issue_instr_o.ex.valid,i_scoreboard.mem_q[0].sbe.use_imm
1,i_scoreboard.issue_instr_o.is_compressed,i_issue_read_operands.fpu_ready_i
1,i_scoreboard.issue_instr_o.is_compressed,i_issue_read_operands.lsu_ready_i
1,i_scoreboard.issue_instr_o.is_compressed,i_scoreboard.mem_n[0].sbe.use_imm
1,i_scoreboard.issue_instr_o.is_compressed,i_scoreboard.mem_q[0].sbe.use_imm
1,i_scoreboard.issue_instr_o.use_imm,i_issue_read_operands.fpu_ready_i
1,i_scoreboard.issue_instr_o.use_imm,i_issue_read_operands.lsu_ready_i
1,i_scoreboard.issue_instr_o.use_imm,i_scoreboard.mem_n[0].sbe.use_imm
1,i_scoreboard.issue_instr_o.use_imm,i_scoreboard.mem_q[0].sbe.use_imm
1,i_scoreboard.issue_instr_o.use_pc,decoded_instr_i.use_imm
1,i_scoreboard.issue_instr_o.use_pc,i_issue_read_operands.flu_ready_i
1,i_scoreboard.issue_instr_o.use_pc,i_issue_read_operands.issue_instr_i.use_imm
1,i_scoreboard.issue_instr_o.use_pc,i_issue_read_operands.lsu_ready_i
1,i_scoreboard.issue_instr_o.use_pc,i_re_name.issue_instr_i.use_imm
1,i_scoreboard.issue_instr_o.use_pc,i_re_name.issue_instr_o.use_imm
1,i_scoreboard.issue_instr_o.use_pc,i_scoreboard.decoded_instr_i.use_imm
1,i_scoreboard.issue_instr_o.use_pc,i_scoreboard.issue_instr_o.use_imm
1,i_scoreboard.issue_instr_o.use_pc,i_scoreboard.mem_n[0].sbe.use_imm
1,i_scoreboard.issue_instr_o.use_pc,i_scoreboard.mem_q[0].sbe.use_imm
1,i_scoreboard.issue_instr_o.use_pc,issue_instr_rename_sb.use_imm
1,i_scoreboard.issue_instr_o.use_pc,issue_instr_sb_iro.use_imm
1,i_scoreboard.issue_instr_o.valid,i_issue_read_operands.lsu_ready_i
1,i_scoreboard.issue_instr_o.valid,i_scoreboard.mem_n[0].sbe.use_imm
1,i_scoreboard.issue_instr_o.valid,i_scoreboard.mem_q[0].sbe.use_imm
1,i_scoreboard.issue_instr_valid_o,i_issue_read_operands.fpu_ready_i
1,i_scoreboard.issue_instr_valid_o,i_issue_read_operands.lsu_ready_i
1,i_scoreboard.mem_n[0].is_rd_fpr_flag,i_issue_read_operands.flu_ready_i
1,i_scoreboard.mem_n[0].is_rd_fpr_flag,i_issue_read_operands.fpu_ready_i
1,i_scoreboard.mem_n[0].is_rd_fpr_flag,i_issue_read_operands.lsu_ready_i
1,i_scoreboard.mem_n[0].issued,commit_instr_o[0].use_imm
1,i_scoreboard.mem_n[0].issued,decoded_instr_i.use_imm
1,i_scoreboard.mem_n[0].issued,i_issue_read_operands.fpu_ready_i
1,i_scoreboard.mem_n[0].issued,i_issue_read_operands.issue_instr_i.use_imm
1,i_scoreboard.mem_n[0].issued,i_issue_read_operands.lsu_ready_i
1,i_scoreboard.mem_n[0].issued,i_re_name.issue_instr_i.use_imm
1,i_scoreboard.mem_n[0].issued,i_re_name.issue_instr_o.use_imm
1,i_scoreboard.mem_n[0].issued,i_scoreboard.commit_instr_o[0].use_imm
1,i_scoreboard.mem_n[0].issued,i_scoreboard.decoded_instr_i.use_imm
1,i_scoreboard.mem_n[0].issued,i_scoreboard.issue_instr_o.use_imm
1,i_scoreboard.mem_n[0].issued,i_scoreboard.mem_n[0].sbe.use_imm
1,i_scoreboard.mem_n[0].issued,i_scoreboard.mem_q[0].sbe.use_imm
1,i_scoreboard.mem_n[0].issued,issue_instr_rename_sb.use_imm
1,i_scoreboard.mem_n[0].issued,issue_instr_sb_iro.use_imm
1,i_scoreboard.mem_n[0].sbe.ex.valid,commit_instr_o[0].ex.valid
1,i_scoreboard.mem_n[0].sbe.ex.valid,commit_instr_o[0].valid
1,i_scoreboard.mem_n[0].sbe.ex.valid,commit_instr_o[1].use_imm
1,i_scoreboard.mem_n[0].sbe.ex.valid,decoded_instr_i.ex.valid
1,i_scoreboard.mem_n[0].sbe.ex.valid,decoded_instr_i.valid
1,i_scoreboard.mem_n[0].sbe.ex.valid,i_issue_read_operands.flush_i
1,i_scoreboard.mem_n[0].sbe.ex.valid,i_issue_read_operands.issue_instr_i.ex.valid
1,i_scoreboard.mem_n[0].sbe.ex.valid,i_issue_read_operands.issue_instr_i.valid
1,i_scoreboard.mem_n[0].sbe.ex.valid,i_issue_read_operands.lsu_ready_i
1,i_scoreboard.mem_n[0].sbe.ex.valid,i_re_name.flush_i
1,i_scoreboard.mem_n[0].sbe.ex.valid,i_re_name.flush_unissied_instr_i
1,i_scoreboard.mem_n[0].sbe.ex.valid,i_re_name.issue_instr_i.ex.valid
1,i_scoreboard.mem_n[0].sbe.ex.valid,i_re_name.issue_instr_i.valid
1,i_scoreboard.mem_n[0].sbe.ex.valid,i_re_name.issue_instr_o.ex.valid
1,i_scoreboard.mem_n[0].sbe.ex.valid,i_re_name.issue_instr_o.valid
1,i_scoreboard.mem_n[0].sbe.ex.valid,i_scoreboard.commit_instr_o[0].ex.valid
1,i_scoreboard.mem_n[0].sbe.ex.valid,i_scoreboard.commit_instr_o[0].valid
1,i_scoreboard.mem_n[0].sbe.ex.valid,i_scoreboard.commit_instr_o[1].use_imm
1,i_scoreboard.mem_n[0].sbe.ex.valid,i_scoreboard.decoded_instr_i.ex.valid
1,i_scoreboard.mem_n[0].sbe.ex.valid,i_scoreboard.decoded_instr_i.valid
1,i_scoreboard.mem_n[0].sbe.ex.valid,i_scoreboard.flush_i
1,i_scoreboard.mem_n[0].sbe.ex.valid,i_scoreboard.flush_unissued_instr_i
1,i_scoreboard.mem_n[0].sbe.ex.valid,i_scoreboard.issue_instr_o.ex.valid
1,i_scoreboard.mem_n[0].sbe.ex.valid,i_scoreboard.issue_instr_o.valid
1,i_scoreboard.mem_n[0].sbe.ex.valid,issue_instr_rename_sb.ex.valid
1,i_scoreboard.mem_n[0].sbe.ex.valid,issue_instr_rename_sb.valid
1,i_scoreboard.mem_n[0].sbe.ex.valid,issue_instr_sb_iro.ex.valid
1,i_scoreboard.mem_n[0].sbe.ex.valid,issue_instr_sb_iro.valid
1,i_scoreboard.mem_n[0].sbe.is_compressed,i_issue_read_operands.lsu_ready_i
1,i_scoreboard.mem_n[0].sbe.is_compressed,i_scoreboard.mem_n[0].sbe.use_imm
1,i_scoreboard.mem_n[0].sbe.is_compressed,i_scoreboard.mem_q[0].sbe.use_imm
1,i_scoreboard.mem_n[0].sbe.use_pc,i_scoreboard.mem_n[0].sbe.use_imm
1,i_scoreboard.mem_n[0].sbe.valid,commit_instr_o[0].use_imm
1,i_scoreboard.mem_n[0].sbe.valid,commit_instr_o[0].valid
1,i_scoreboard.mem_n[0].sbe.valid,decoded_instr_i.use_imm
1,i_scoreboard.mem_n[0].sbe.valid,i_issue_read_operands.flu_ready_i
1,i_scoreboard.mem_n[0].sbe.valid,i_issue_read_operands.issue_instr_i.use_imm
1,i_scoreboard.mem_n[0].sbe.valid,i_issue_read_operands.lsu_ready_i
1,i_scoreboard.mem_n[0].sbe.valid,i_issue_read_operands.we_gpr_i[0]
1,i_scoreboard.mem_n[0].sbe.valid,i_issue_read_operands.we_pack[0]
1,i_scoreboard.mem_n[0].sbe.valid,i_re_name.issue_instr_i.use_imm
1,i_scoreboard.mem_n[0].sbe.valid,i_re_name.issue_instr_o.use_imm
1,i_scoreboard.mem_n[0].sbe.valid,i_scoreboard.commit_ack_i[0]
1,i_scoreboard.mem_n[0].sbe.valid,i_scoreboard.commit_instr_o[0].use_imm
1,i_scoreboard.mem_n[0].sbe.valid,i_scoreboard.commit_instr_o[0].valid
1,i_scoreboard.mem_n[0].sbe.valid,i_scoreboard.decoded_instr_i.use_imm
1,i_scoreboard.mem_n[0].sbe.valid,i_scoreboard.i_popcount.data_i[0]
1,i_scoreboard.mem_n[0].sbe.valid,i_scoreboard.i_popcount.padded_input[0]
1,i_scoreboard.mem_n[0].sbe.valid,i_scoreboard.i_popcount.popcount_o[0]
1,i_scoreboard.mem_n[0].sbe.valid,i_scoreboard.i_popcount.right_child_result[0]
1,i_scoreboard.mem_n[0].sbe.valid,i_scoreboard.issue_instr_o.use_imm
1,i_scoreboard.mem_n[0].sbe.valid,i_scoreboard.mem_n[0].sbe.use_imm
1,i_scoreboard.mem_n[0].sbe.valid,i_scoreboard.mem_q[0].sbe.use_imm
1,i_scoreboard.mem_n[0].sbe.valid,i_scoreboard.num_commit[0]
1,i_scoreboard.mem_n[0].sbe.valid,issue_instr_rename_sb.use_imm
1,i_scoreboard.mem_n[0].sbe.valid,issue_instr_sb_iro.use_imm
1,i_scoreboard.mem_q[0].is_rd_fpr_flag,i_issue_read_operands.flu_ready_i
1,i_scoreboard.mem_q[0].is_rd_fpr_flag,i_issue_read_operands.fpu_ready_i
1,i_scoreboard.mem_q[0].is_rd_fpr_flag,i_issue_read_operands.lsu_ready_i
1,i_scoreboard.mem_q[0].issued,decoded_instr_i.use_imm
1,i_scoreboard.mem_q[0].issued,i_issue_read_operands.flu_ready_i
1,i_scoreboard.mem_q[0].issued,i_issue_read_operands.fpu_ready_i
1,i_scoreboard.mem_q[0].issued,i_issue_read_operands.issue_instr_i.use_imm
1,i_scoreboard.mem_q[0].issued,i_issue_read_operands.lsu_ready_i
1,i_scoreboard.mem_q[0].issued,i_re_name.issue_instr_i.use_imm
1,i_scoreboard.mem_q[0].issued,i_re_name.issue_instr_o.use_imm
1,i_scoreboard.mem_q[0].issued,i_scoreboard.decoded_instr_i.use_imm
1,i_scoreboard.mem_q[0].issued,i_scoreboard.issue_instr_o.use_imm
1,i_scoreboard.mem_q[0].issued,i_scoreboard.mem_n[0].sbe.use_imm
1,i_scoreboard.mem_q[0].issued,i_scoreboard.mem_q[0].sbe.use_imm
1,i_scoreboard.mem_q[0].issued,issue_instr_rename_sb.use_imm
1,i_scoreboard.mem_q[0].issued,issue_instr_sb_iro.use_imm
1,i_scoreboard.mem_q[0].sbe.ex.valid,decoded_instr_i.ex.valid
1,i_scoreboard.mem_q[0].sbe.ex.valid,decoded_instr_i.valid
1,i_scoreboard.mem_q[0].sbe.ex.valid,i_issue_read_operands.flu_ready_i
1,i_scoreboard.mem_q[0].sbe.ex.valid,i_issue_read_operands.issue_instr_i.ex.valid
1,i_scoreboard.mem_q[0].sbe.ex.valid,i_issue_read_operands.issue_instr_i.valid
1,i_scoreboard.mem_q[0].sbe.ex.valid,i_issue_read_operands.lsu_ready_i
1,i_scoreboard.mem_q[0].sbe.ex.valid,i_re_name.issue_instr_i.ex.valid
1,i_scoreboard.mem_q[0].sbe.ex.valid,i_re_name.issue_instr_i.valid
1,i_scoreboard.mem_q[0].sbe.ex.valid,i_re_name.issue_instr_o.ex.valid
1,i_scoreboard.mem_q[0].sbe.ex.valid,i_re_name.issue_instr_o.valid
1,i_scoreboard.mem_q[0].sbe.ex.valid,i_scoreboard.decoded_instr_i.ex.valid
1,i_scoreboard.mem_q[0].sbe.ex.valid,i_scoreboard.decoded_instr_i.valid
1,i_scoreboard.mem_q[0].sbe.ex.valid,i_scoreboard.issue_instr_o.ex.valid
1,i_scoreboard.mem_q[0].sbe.ex.valid,i_scoreboard.issue_instr_o.valid
1,i_scoreboard.mem_q[0].sbe.ex.valid,issue_instr_rename_sb.ex.valid
1,i_scoreboard.mem_q[0].sbe.ex.valid,issue_instr_rename_sb.valid
1,i_scoreboard.mem_q[0].sbe.ex.valid,issue_instr_sb_iro.ex.valid
1,i_scoreboard.mem_q[0].sbe.ex.valid,issue_instr_sb_iro.valid
1,i_scoreboard.mem_q[0].sbe.is_compressed,i_issue_read_operands.lsu_ready_i
1,i_scoreboard.mem_q[0].sbe.is_compressed,i_scoreboard.mem_n[0].sbe.use_imm
1,i_scoreboard.mem_q[0].sbe.is_compressed,i_scoreboard.mem_q[0].sbe.use_imm
1,i_scoreboard.mem_q[0].sbe.use_pc,i_scoreboard.mem_n[0].sbe.use_imm
1,i_scoreboard.mem_q[0].sbe.use_pc,i_scoreboard.mem_q[0].sbe.use_imm
1,i_scoreboard.mem_q[0].sbe.valid,decoded_instr_i.use_imm
1,i_scoreboard.mem_q[0].sbe.valid,i_issue_read_operands.flu_ready_i
1,i_scoreboard.mem_q[0].sbe.valid,i_issue_read_operands.issue_instr_i.use_imm
1,i_scoreboard.mem_q[0].sbe.valid,i_issue_read_operands.lsu_ready_i
1,i_scoreboard.mem_q[0].sbe.valid,i_re_name.issue_instr_i.use_imm
1,i_scoreboard.mem_q[0].sbe.valid,i_re_name.issue_instr_o.use_imm
1,i_scoreboard.mem_q[0].sbe.valid,i_scoreboard.decoded_instr_i.use_imm
1,i_scoreboard.mem_q[0].sbe.valid,i_scoreboard.issue_instr_o.use_imm
1,i_scoreboard.mem_q[0].sbe.valid,i_scoreboard.mem_n[0].sbe.use_imm
1,i_scoreboard.mem_q[0].sbe.valid,i_scoreboard.mem_q[0].sbe.use_imm
1,i_scoreboard.mem_q[0].sbe.valid,issue_instr_rename_sb.use_imm
1,i_scoreboard.mem_q[0].sbe.valid,issue_instr_sb_iro.use_imm
1,i_scoreboard.num_commit[0],i_issue_read_operands.flu_ready_i
1,i_scoreboard.num_commit[0],i_issue_read_operands.lsu_ready_i
1,i_scoreboard.num_commit[0],i_scoreboard.mem_n[0].sbe.use_imm
1,i_scoreboard.num_commit[0],i_scoreboard.mem_q[0].sbe.use_imm
1,i_scoreboard.num_commit[1],commit_instr_o[1].use_imm
1,i_scoreboard.num_commit[1],i_issue_read_operands.lsu_ready_i
1,i_scoreboard.num_commit[1],i_scoreboard.commit_instr_o[1].use_imm
1,i_scoreboard.resolved_branch_i.is_mispredict,commit_instr_o[0].use_imm
1,i_scoreboard.resolved_branch_i.is_mispredict,commit_instr_o[0].valid
1,i_scoreboard.resolved_branch_i.is_mispredict,i_issue_read_operands.flu_ready_i
1,i_scoreboard.resolved_branch_i.is_mispredict,i_issue_read_operands.lsu_ready_i
1,i_scoreboard.resolved_branch_i.is_mispredict,i_issue_read_operands.we_gpr_i[0]
1,i_scoreboard.resolved_branch_i.is_mispredict,i_issue_read_operands.we_pack[0]
1,i_scoreboard.resolved_branch_i.is_mispredict,i_scoreboard.commit_ack_i[0]
1,i_scoreboard.resolved_branch_i.is_mispredict,i_scoreboard.commit_instr_o[0].use_imm
1,i_scoreboard.resolved_branch_i.is_mispredict,i_scoreboard.commit_instr_o[0].valid
1,i_scoreboard.resolved_branch_i.is_mispredict,i_scoreboard.i_popcount.data_i[0]
1,i_scoreboard.resolved_branch_i.is_mispredict,i_scoreboard.i_popcount.padded_input[0]
1,i_scoreboard.resolved_branch_i.is_mispredict,i_scoreboard.i_popcount.popcount_o[0]
1,i_scoreboard.resolved_branch_i.is_mispredict,i_scoreboard.i_popcount.right_child_result[0]
1,i_scoreboard.resolved_branch_i.is_mispredict,i_scoreboard.mem_n[0].sbe.use_imm
1,i_scoreboard.resolved_branch_i.is_mispredict,i_scoreboard.mem_q[0].sbe.use_imm
1,i_scoreboard.resolved_branch_i.is_mispredict,i_scoreboard.num_commit[0]
1,i_scoreboard.resolved_branch_i.is_taken,commit_instr_o[0].use_imm
1,i_scoreboard.resolved_branch_i.is_taken,commit_instr_o[0].valid
1,i_scoreboard.resolved_branch_i.is_taken,i_issue_read_operands.flu_ready_i
1,i_scoreboard.resolved_branch_i.is_taken,i_issue_read_operands.lsu_ready_i
1,i_scoreboard.resolved_branch_i.is_taken,i_issue_read_operands.we_gpr_i[0]
1,i_scoreboard.resolved_branch_i.is_taken,i_issue_read_operands.we_pack[0]
1,i_scoreboard.resolved_branch_i.is_taken,i_scoreboard.commit_ack_i[0]
1,i_scoreboard.resolved_branch_i.is_taken,i_scoreboard.commit_instr_o[0].use_imm
1,i_scoreboard.resolved_branch_i.is_taken,i_scoreboard.commit_instr_o[0].valid
1,i_scoreboard.resolved_branch_i.is_taken,i_scoreboard.i_popcount.data_i[0]
1,i_scoreboard.resolved_branch_i.is_taken,i_scoreboard.i_popcount.padded_input[0]
1,i_scoreboard.resolved_branch_i.is_taken,i_scoreboard.i_popcount.popcount_o[0]
1,i_scoreboard.resolved_branch_i.is_taken,i_scoreboard.i_popcount.right_child_result[0]
1,i_scoreboard.resolved_branch_i.is_taken,i_scoreboard.mem_n[0].sbe.use_imm
1,i_scoreboard.resolved_branch_i.is_taken,i_scoreboard.mem_q[0].sbe.use_imm
1,i_scoreboard.resolved_branch_i.is_taken,i_scoreboard.num_commit[0]
1,i_scoreboard.resolved_branch_i.valid,commit_instr_o[0].use_imm
1,i_scoreboard.resolved_branch_i.valid,commit_instr_o[0].valid
1,i_scoreboard.resolved_branch_i.valid,i_issue_read_operands.flu_ready_i
1,i_scoreboard.resolved_branch_i.valid,i_issue_read_operands.lsu_ready_i
1,i_scoreboard.resolved_branch_i.valid,i_issue_read_operands.we_gpr_i[0]
1,i_scoreboard.resolved_branch_i.valid,i_issue_read_operands.we_pack[0]
1,i_scoreboard.resolved_branch_i.valid,i_scoreboard.commit_ack_i[0]
1,i_scoreboard.resolved_branch_i.valid,i_scoreboard.commit_instr_o[0].use_imm
1,i_scoreboard.resolved_branch_i.valid,i_scoreboard.commit_instr_o[0].valid
1,i_scoreboard.resolved_branch_i.valid,i_scoreboard.i_popcount.data_i[0]
1,i_scoreboard.resolved_branch_i.valid,i_scoreboard.i_popcount.padded_input[0]
1,i_scoreboard.resolved_branch_i.valid,i_scoreboard.i_popcount.popcount_o[0]
1,i_scoreboard.resolved_branch_i.valid,i_scoreboard.i_popcount.right_child_result[0]
1,i_scoreboard.resolved_branch_i.valid,i_scoreboard.mem_n[0].sbe.use_imm
1,i_scoreboard.resolved_branch_i.valid,i_scoreboard.mem_q[0].sbe.use_imm
1,i_scoreboard.resolved_branch_i.valid,i_scoreboard.num_commit[0]
1,i_scoreboard.sb_full_o,commit_instr_o[0].is_compressed
1,i_scoreboard.sb_full_o,commit_instr_o[0].valid
1,i_scoreboard.sb_full_o,commit_instr_o[1].use_imm
1,i_scoreboard.sb_full_o,commit_instr_o[1].valid
1,i_scoreboard.sb_full_o,decoded_instr_ack_o
1,i_scoreboard.sb_full_o,decoded_instr_i.use_imm
1,i_scoreboard.sb_full_o,i_issue_read_operands.flu_ready_i
1,i_scoreboard.sb_full_o,i_issue_read_operands.fpu_ready_i
1,i_scoreboard.sb_full_o,i_issue_read_operands.issue_ack_o
1,i_scoreboard.sb_full_o,i_issue_read_operands.issue_instr_i.use_imm
1,i_scoreboard.sb_full_o,i_issue_read_operands.issue_instr_valid_i
1,i_scoreboard.sb_full_o,i_issue_read_operands.lsu_ready_i
1,i_scoreboard.sb_full_o,i_issue_read_operands.orig_instr.atype.aq
1,i_scoreboard.sb_full_o,i_issue_read_operands.we_gpr_i[0]
1,i_scoreboard.sb_full_o,i_issue_read_operands.we_gpr_i[1]
1,i_scoreboard.sb_full_o,i_issue_read_operands.we_pack[0]
1,i_scoreboard.sb_full_o,i_issue_read_operands.we_pack[1]
1,i_scoreboard.sb_full_o,i_re_name.issue_ack_i
1,i_scoreboard.sb_full_o,i_re_name.issue_ack_o
1,i_scoreboard.sb_full_o,i_re_name.issue_instr_i.use_imm
1,i_scoreboard.sb_full_o,i_re_name.issue_instr_o.use_imm
1,i_scoreboard.sb_full_o,i_re_name.issue_instr_valid_i
1,i_scoreboard.sb_full_o,i_re_name.issue_instr_valid_o
1,i_scoreboard.sb_full_o,i_scoreboard.commit_ack_i[0]
1,i_scoreboard.sb_full_o,i_scoreboard.commit_ack_i[1]
1,i_scoreboard.sb_full_o,i_scoreboard.commit_instr_o[0].is_compressed
1,i_scoreboard.sb_full_o,i_scoreboard.commit_instr_o[0].valid
1,i_scoreboard.sb_full_o,i_scoreboard.commit_instr_o[1].use_imm
1,i_scoreboard.sb_full_o,i_scoreboard.commit_instr_o[1].valid
1,i_scoreboard.sb_full_o,i_scoreboard.decoded_instr_ack_o
1,i_scoreboard.sb_full_o,i_scoreboard.decoded_instr_i.use_imm
1,i_scoreboard.sb_full_o,i_scoreboard.decoded_instr_valid_i
1,i_scoreboard.sb_full_o,i_scoreboard.i_popcount.data_i[0]
1,i_scoreboard.sb_full_o,i_scoreboard.i_popcount.data_i[1]
1,i_scoreboard.sb_full_o,i_scoreboard.i_popcount.left_child_result[0]
1,i_scoreboard.sb_full_o,i_scoreboard.i_popcount.padded_input[0]
1,i_scoreboard.sb_full_o,i_scoreboard.i_popcount.padded_input[1]
1,i_scoreboard.sb_full_o,i_scoreboard.i_popcount.popcount_o[1]
1,i_scoreboard.sb_full_o,i_scoreboard.i_popcount.right_child_result[0]
1,i_scoreboard.sb_full_o,i_scoreboard.issue_ack_i
1,i_scoreboard.sb_full_o,i_scoreboard.issue_en
1,i_scoreboard.sb_full_o,i_scoreboard.issue_instr_o.use_imm
1,i_scoreboard.sb_full_o,i_scoreboard.issue_instr_valid_o
1,i_scoreboard.sb_full_o,i_scoreboard.mem_n[0].issued
1,i_scoreboard.sb_full_o,i_scoreboard.mem_n[0].sbe.is_compressed
1,i_scoreboard.sb_full_o,i_scoreboard.mem_n[0].sbe.use_imm
1,i_scoreboard.sb_full_o,i_scoreboard.mem_n[0].sbe.valid
1,i_scoreboard.sb_full_o,i_scoreboard.mem_q[0].issued
1,i_scoreboard.sb_full_o,i_scoreboard.mem_q[0].sbe.is_compressed
1,i_scoreboard.sb_full_o,i_scoreboard.mem_q[0].sbe.use_imm
1,i_scoreboard.sb_full_o,i_scoreboard.mem_q[0].sbe.valid
1,i_scoreboard.sb_full_o,i_scoreboard.num_commit[1]
1,i_scoreboard.sb_full_o,issue_ack_iro_sb
1,i_scoreboard.sb_full_o,issue_ack_sb_rename
1,i_scoreboard.sb_full_o,issue_instr_rename_sb.use_imm
1,i_scoreboard.sb_full_o,issue_instr_sb_iro.use_imm
1,i_scoreboard.sb_full_o,issue_instr_valid_rename_sb
1,i_scoreboard.sb_full_o,issue_instr_valid_sb_iro
1,i_scoreboard.wt_valid_i[0],commit_instr_o[0].valid
1,i_scoreboard.wt_valid_i[0],i_issue_read_operands.flu_ready_i
1,i_scoreboard.wt_valid_i[0],i_issue_read_operands.lsu_ready_i
1,i_scoreboard.wt_valid_i[0],i_issue_read_operands.we_fpr_i[0]
1,i_scoreboard.wt_valid_i[0],i_scoreboard.commit_ack_i[0]
1,i_scoreboard.wt_valid_i[0],i_scoreboard.commit_instr_o[0].valid
1,i_scoreboard.wt_valid_i[0],i_scoreboard.i_popcount.data_i[0]
1,i_scoreboard.wt_valid_i[0],i_scoreboard.i_popcount.padded_input[0]
1,i_scoreboard.wt_valid_i[0],i_scoreboard.i_popcount.right_child_result[0]
1,i_scoreboard.wt_valid_i[1],commit_instr_o[0].use_imm
1,i_scoreboard.wt_valid_i[1],commit_instr_o[0].valid
1,i_scoreboard.wt_valid_i[1],decoded_instr_i.use_imm
1,i_scoreboard.wt_valid_i[1],i_issue_read_operands.flu_ready_i
1,i_scoreboard.wt_valid_i[1],i_issue_read_operands.issue_instr_i.use_imm
1,i_scoreboard.wt_valid_i[1],i_issue_read_operands.lsu_ready_i
1,i_scoreboard.wt_valid_i[1],i_issue_read_operands.we_gpr_i[0]
1,i_scoreboard.wt_valid_i[1],i_issue_read_operands.we_pack[0]
1,i_scoreboard.wt_valid_i[1],i_re_name.issue_instr_i.use_imm
1,i_scoreboard.wt_valid_i[1],i_re_name.issue_instr_o.use_imm
1,i_scoreboard.wt_valid_i[1],i_scoreboard.commit_ack_i[0]
1,i_scoreboard.wt_valid_i[1],i_scoreboard.commit_instr_o[0].use_imm
1,i_scoreboard.wt_valid_i[1],i_scoreboard.commit_instr_o[0].valid
1,i_scoreboard.wt_valid_i[1],i_scoreboard.decoded_instr_i.use_imm
1,i_scoreboard.wt_valid_i[1],i_scoreboard.i_popcount.data_i[0]
1,i_scoreboard.wt_valid_i[1],i_scoreboard.i_popcount.padded_input[0]
1,i_scoreboard.wt_valid_i[1],i_scoreboard.i_popcount.popcount_o[0]
1,i_scoreboard.wt_valid_i[1],i_scoreboard.i_popcount.right_child_result[0]
1,i_scoreboard.wt_valid_i[1],i_scoreboard.issue_instr_o.use_imm
1,i_scoreboard.wt_valid_i[1],i_scoreboard.mem_n[0].sbe.use_imm
1,i_scoreboard.wt_valid_i[1],i_scoreboard.mem_q[0].sbe.use_imm
1,i_scoreboard.wt_valid_i[1],i_scoreboard.num_commit[0]
1,i_scoreboard.wt_valid_i[1],issue_instr_rename_sb.use_imm
1,i_scoreboard.wt_valid_i[1],issue_instr_sb_iro.use_imm
1,i_scoreboard.wt_valid_i[2],commit_instr_o[0].use_imm
1,i_scoreboard.wt_valid_i[2],commit_instr_o[0].valid
1,i_scoreboard.wt_valid_i[2],commit_instr_o[1].use_imm
1,i_scoreboard.wt_valid_i[2],decoded_instr_ack_o
1,i_scoreboard.wt_valid_i[2],decoded_instr_i.use_imm
1,i_scoreboard.wt_valid_i[2],i_issue_read_operands.flu_ready_i
1,i_scoreboard.wt_valid_i[2],i_issue_read_operands.issue_ack_o
1,i_scoreboard.wt_valid_i[2],i_issue_read_operands.issue_instr_i.use_imm
1,i_scoreboard.wt_valid_i[2],i_issue_read_operands.issue_instr_valid_i
1,i_scoreboard.wt_valid_i[2],i_issue_read_operands.lsu_ready_i
1,i_scoreboard.wt_valid_i[2],i_issue_read_operands.orig_instr.rvftype.repl[14]
1,i_scoreboard.wt_valid_i[2],i_issue_read_operands.we_gpr_i[0]
1,i_scoreboard.wt_valid_i[2],i_issue_read_operands.we_pack[0]
1,i_scoreboard.wt_valid_i[2],i_re_name.issue_ack_i
1,i_scoreboard.wt_valid_i[2],i_re_name.issue_ack_o
1,i_scoreboard.wt_valid_i[2],i_re_name.issue_instr_i.use_imm
1,i_scoreboard.wt_valid_i[2],i_re_name.issue_instr_o.use_imm
1,i_scoreboard.wt_valid_i[2],i_re_name.issue_instr_valid_i
1,i_scoreboard.wt_valid_i[2],i_re_name.issue_instr_valid_o
1,i_scoreboard.wt_valid_i[2],i_scoreboard.commit_ack_i[0]
1,i_scoreboard.wt_valid_i[2],i_scoreboard.commit_instr_o[0].use_imm
1,i_scoreboard.wt_valid_i[2],i_scoreboard.commit_instr_o[0].valid
1,i_scoreboard.wt_valid_i[2],i_scoreboard.commit_instr_o[1].use_imm
1,i_scoreboard.wt_valid_i[2],i_scoreboard.decoded_instr_ack_o
1,i_scoreboard.wt_valid_i[2],i_scoreboard.decoded_instr_i.use_imm
1,i_scoreboard.wt_valid_i[2],i_scoreboard.decoded_instr_valid_i
1,i_scoreboard.wt_valid_i[2],i_scoreboard.i_popcount.data_i[0]
1,i_scoreboard.wt_valid_i[2],i_scoreboard.i_popcount.padded_input[0]
1,i_scoreboard.wt_valid_i[2],i_scoreboard.i_popcount.popcount_o[0]
1,i_scoreboard.wt_valid_i[2],i_scoreboard.i_popcount.right_child_result[0]
1,i_scoreboard.wt_valid_i[2],i_scoreboard.issue_ack_i
1,i_scoreboard.wt_valid_i[2],i_scoreboard.issue_en
1,i_scoreboard.wt_valid_i[2],i_scoreboard.issue_instr_o.use_imm
1,i_scoreboard.wt_valid_i[2],i_scoreboard.issue_instr_valid_o
1,i_scoreboard.wt_valid_i[2],i_scoreboard.mem_n[0].sbe.use_imm
1,i_scoreboard.wt_valid_i[2],i_scoreboard.mem_q[0].sbe.use_imm
1,i_scoreboard.wt_valid_i[2],i_scoreboard.num_commit[0]
1,i_scoreboard.wt_valid_i[2],issue_ack_iro_sb
1,i_scoreboard.wt_valid_i[2],issue_ack_sb_rename
1,i_scoreboard.wt_valid_i[2],issue_instr_rename_sb.use_imm
1,i_scoreboard.wt_valid_i[2],issue_instr_sb_iro.use_imm
1,i_scoreboard.wt_valid_i[2],issue_instr_valid_rename_sb
1,i_scoreboard.wt_valid_i[2],issue_instr_valid_sb_iro
1,i_scoreboard.wt_valid_i[3],commit_instr_o[0].valid
1,i_scoreboard.wt_valid_i[3],i_issue_read_operands.lsu_ready_i
1,i_scoreboard.wt_valid_i[3],i_issue_read_operands.we_gpr_i[0]
1,i_scoreboard.wt_valid_i[3],i_issue_read_operands.we_pack[0]
1,i_scoreboard.wt_valid_i[3],i_scoreboard.commit_ack_i[0]
1,i_scoreboard.wt_valid_i[3],i_scoreboard.commit_instr_o[0].valid
1,i_scoreboard.wt_valid_i[3],i_scoreboard.i_popcount.data_i[0]
1,i_scoreboard.wt_valid_i[3],i_scoreboard.i_popcount.padded_input[0]
1,i_scoreboard.wt_valid_i[3],i_scoreboard.i_popcount.popcount_o[0]
1,i_scoreboard.wt_valid_i[3],i_scoreboard.i_popcount.right_child_result[0]
1,i_scoreboard.wt_valid_i[3],i_scoreboard.mem_n[0].sbe.use_imm
1,i_scoreboard.wt_valid_i[3],i_scoreboard.mem_q[0].sbe.use_imm
1,i_scoreboard.wt_valid_i[3],i_scoreboard.num_commit[0]
1,icache_areq_i.fetch_req,fpu_ready_o
1,icache_areq_i.fetch_req,lsu_commit_ready_o
1,icache_areq_i.fetch_req,lsu_ready_o
1,icache_areq_i.fetch_req,no_st_pending_o
1,icache_dreq_i.ready,i_instr_queue.branch_empty
1,icache_dreq_i.ready,i_instr_queue.ready_o
1,icache_dreq_i.ready,icache_dreq_o.req
1,icache_dreq_i.ready,instr_queue_ready
1,icache_dreq_i.valid,i_instr_queue.consumed_o[0]
1,icache_dreq_i.valid,i_instr_queue.ready_o
1,icache_dreq_i.valid,i_instr_queue.valid[0]
1,icache_dreq_i.valid,i_instr_queue.valid_i[0]
1,icache_dreq_i.valid,i_instr_realign.valid_o[0]
1,icache_dreq_i.valid,icache_dreq_o.req
1,icache_dreq_i.valid,if_ready
1,icache_dreq_i.valid,instr_queue_consumed[0]
1,icache_dreq_i.valid,instr_queue_ready
1,icache_valid_q,i_instr_queue.branch_empty
1,icache_valid_q,i_instr_queue.ready_o
1,icache_valid_q,icache_dreq_o.req
1,icache_valid_q,instr_queue_ready
1,if_ready,i_instr_queue.branch_empty
1,if_ready,i_instr_queue.ready_o
1,if_ready,icache_dreq_o.req
1,if_ready,instr_queue_ready
1,instr_queue_consumed[0],i_instr_queue.branch_empty
1,instr_queue_consumed[0],i_instr_queue.ready_o
1,instr_queue_consumed[0],icache_dreq_o.req
1,instr_queue_consumed[0],instr_queue_ready
1,instr_queue_consumed[1],gen_instr_scan[0].i_instr_scan.is_rvc
1,instr_queue_consumed[1],i_instr_queue.branch_empty
1,instr_queue_consumed[1],i_instr_queue.ready_o
1,instr_queue_consumed[1],icache_dreq_o.req
1,instr_queue_consumed[1],instr_queue_ready
1,is_branch[0],fetch_entry_valid_o
1,is_branch[0],gen_instr_scan[0].i_instr_scan.rvi_branch_o
1,is_branch[0],i_instr_queue.branch_empty
1,is_branch[0],i_instr_queue.fetch_entry_ready_i
1,is_branch[0],i_instr_queue.fetch_entry_valid_o
1,is_branch[0],i_instr_queue.gen_instr_fifo[0].i_fifo_instr_data.gate_clock
1,is_branch[0],i_instr_queue.gen_instr_fifo[1].i_fifo_instr_data.gate_clock
1,is_branch[0],i_instr_queue.gen_instr_fifo[1].i_fifo_instr_data.read_pointer_q[0]
1,is_branch[0],i_instr_queue.ready_o
1,is_branch[0],icache_dreq_o.req
1,is_branch[0],instr_queue_ready
1,is_branch[0],rvi_branch[0]
1,is_branch[1],fetch_entry_valid_o
1,is_branch[1],i_instr_queue.branch_empty
1,is_branch[1],i_instr_queue.fetch_entry_valid_o
1,is_branch[1],i_instr_queue.gen_instr_fifo[0].i_fifo_instr_data.usage_o[1]
1,is_branch[1],i_instr_queue.gen_instr_fifo[0].i_fifo_instr_data.write_pointer_n[0]
1,is_branch[1],i_instr_queue.gen_instr_fifo[0].i_fifo_instr_data.write_pointer_n[1]
1,is_branch[1],i_instr_queue.gen_instr_fifo[0].i_fifo_instr_data.write_pointer_q[1]
1,is_branch[1],i_instr_queue.gen_instr_fifo[1].i_fifo_instr_data.gate_clock
1,is_branch[1],i_instr_queue.gen_instr_fifo[1].i_fifo_instr_data.write_pointer_n[1]
1,is_branch[1],i_instr_queue.gen_instr_fifo[1].i_fifo_instr_data.write_pointer_q[1]
1,is_branch[1],i_instr_queue.idx_ds_q[0]
1,is_branch[1],i_instr_queue.idx_is_d[0]
1,is_branch[1],i_instr_queue.instr_queue_usage[0][1]
1,is_branch[1],i_instr_queue.ready_o
1,is_branch[1],i_ras.data_o.valid
1,is_branch[1],i_ras.stack_d[0].valid
1,is_branch[1],i_ras.stack_d[1].valid
1,is_branch[1],i_ras.stack_q[0].valid
1,is_branch[1],i_ras.stack_q[1].valid
1,is_branch[1],icache_dreq_o.req
1,is_branch[1],instr_queue_ready
1,is_branch[1],ras_predict.valid
1,is_call[0],i_instr_queue.branch_empty
1,is_call[0],i_instr_queue.gen_instr_fifo[0].i_fifo_instr_data.gate_clock
1,is_call[0],i_instr_queue.gen_instr_fifo[1].i_fifo_instr_data.gate_clock
1,is_call[0],i_ras.data_o.valid
1,is_call[0],i_ras.stack_d[0].valid
1,is_call[0],i_ras.stack_q[0].valid
1,is_call[0],ras_predict.valid
1,is_call[1],fetch_entry_valid_o
1,is_call[1],i_instr_queue.branch_empty
1,is_call[1],i_instr_queue.fetch_entry_valid_o
1,is_call[1],i_instr_queue.gen_instr_fifo[0].i_fifo_instr_data.usage_o[1]
1,is_call[1],i_instr_queue.gen_instr_fifo[1].i_fifo_instr_data.usage_o[1]
1,is_call[1],i_instr_queue.instr_queue_usage[0][1]
1,is_call[1],i_instr_queue.instr_queue_usage[1][1]
1,is_call[1],i_instr_queue.ready_o
1,is_call[1],i_ras.data_o.valid
1,is_call[1],i_ras.stack_d[0].valid
1,is_call[1],i_ras.stack_q[0].valid
1,is_call[1],icache_dreq_o.req
1,is_call[1],instr_queue_ready
1,is_call[1],ras_predict.valid
1,is_compressed,decoder_i.priv_lvl_i[0]
1,is_compressed,decoder_i.priv_lvl_i[1]
1,is_compressed_instr_i,fpu_ready_o
1,is_compressed_instr_i,lsu_commit_ready_o
1,is_compressed_instr_i,lsu_ready_o
1,is_compressed_instr_i,no_st_pending_o
1,is_control_flow_instr,decoder_i.priv_lvl_i[0]
1,is_control_flow_instr,decoder_i.priv_lvl_i[1]
1,is_ctrl_flow_i,i_issue_read_operands.fpu_ready_i
1,is_ctrl_flow_i,i_issue_read_operands.lsu_ready_i
1,is_ctrl_flow_i,i_scoreboard.mem_n[0].sbe.use_imm
1,is_ctrl_flow_i,i_scoreboard.mem_q[0].sbe.use_imm
1,is_illegal,decoder_i.priv_lvl_i[0]
1,is_illegal,decoder_i.priv_lvl_i[1]
1,is_jalr[0],fetch_entry_valid_o
1,is_jalr[0],gen_instr_scan[0].i_instr_scan.is_jal_r
1,is_jalr[0],gen_instr_scan[0].i_instr_scan.is_rvc
1,is_jalr[0],gen_instr_scan[0].i_instr_scan.rvc_jr_o
1,is_jalr[0],i_instr_queue.fetch_entry_ready_i
1,is_jalr[0],i_instr_queue.fetch_entry_valid_o
1,is_jalr[0],i_instr_queue.gen_instr_fifo[0].i_fifo_instr_data.gate_clock
1,is_jalr[0],i_instr_queue.gen_instr_fifo[0].i_fifo_instr_data.read_pointer_n[0]
1,is_jalr[0],i_instr_queue.gen_instr_fifo[0].i_fifo_instr_data.read_pointer_n[1]
1,is_jalr[0],i_instr_queue.gen_instr_fifo[0].i_fifo_instr_data.read_pointer_q[0]
1,is_jalr[0],i_instr_queue.gen_instr_fifo[0].i_fifo_instr_data.read_pointer_q[1]
1,is_jalr[0],i_instr_queue.gen_instr_fifo[0].i_fifo_instr_data.usage_o[0]
1,is_jalr[0],i_instr_queue.gen_instr_fifo[1].i_fifo_instr_data.gate_clock
1,is_jalr[0],i_instr_queue.gen_instr_fifo[1].i_fifo_instr_data.pop_i
1,is_jalr[0],i_instr_queue.gen_instr_fifo[1].i_fifo_instr_data.read_pointer_n[0]
1,is_jalr[0],i_instr_queue.gen_instr_fifo[1].i_fifo_instr_data.read_pointer_n[1]
1,is_jalr[0],i_instr_queue.gen_instr_fifo[1].i_fifo_instr_data.read_pointer_q[1]
1,is_jalr[0],i_instr_queue.gen_instr_fifo[1].i_fifo_instr_data.usage_o[0]
1,is_jalr[0],i_instr_queue.gen_instr_fifo[1].i_fifo_instr_data.write_pointer_n[0]
1,is_jalr[0],i_instr_queue.gen_instr_fifo[1].i_fifo_instr_data.write_pointer_n[1]
1,is_jalr[0],i_instr_queue.gen_instr_fifo[1].i_fifo_instr_data.write_pointer_q[0]
1,is_jalr[0],i_instr_queue.gen_instr_fifo[1].i_fifo_instr_data.write_pointer_q[1]
1,is_jalr[0],i_instr_queue.idx_ds_d[0]
1,is_jalr[0],i_instr_queue.idx_ds_q[1]
1,is_jalr[0],i_instr_queue.idx_is_d[0]
1,is_jalr[0],i_instr_queue.idx_is_q[0]
1,is_jalr[0],i_instr_queue.instr_queue_usage[0][0]
1,is_jalr[0],i_instr_queue.instr_queue_usage[1][0]
1,is_jalr[0],i_instr_queue.pop_instr[1]
1,is_jalr[0],i_instr_queue.ready_o
1,is_jalr[0],icache_dreq_o.req
1,is_jalr[0],instr_queue_ready
1,is_jalr[0],rvc_jr[0]
1,is_jump[0],fetch_entry_valid_o
1,is_jump[0],i_instr_queue.fetch_entry_ready_i
1,is_jump[0],i_instr_queue.fetch_entry_valid_o
1,is_jump[0],i_instr_queue.ready_o
1,is_jump[0],icache_dreq_o.req
1,is_jump[0],instr_queue_ready
1,is_jump[1],fetch_entry_valid_o
1,is_jump[1],i_instr_queue.fetch_entry_valid_o
1,is_jump[1],i_instr_queue.gen_instr_fifo[0].i_fifo_instr_data.write_pointer_n[1]
1,is_jump[1],i_instr_queue.gen_instr_fifo[0].i_fifo_instr_data.write_pointer_q[1]
1,is_jump[1],i_instr_queue.idx_ds_d[0]
1,is_jump[1],i_ras.data_o.valid
1,is_jump[1],i_ras.stack_d[0].valid
1,is_jump[1],i_ras.stack_d[1].valid
1,is_jump[1],i_ras.stack_q[0].valid
1,is_jump[1],i_ras.stack_q[1].valid
1,is_jump[1],ras_predict.valid
1,is_return[0],fetch_entry_valid_o
1,is_return[0],gen_instr_scan[0].i_instr_scan.is_jal_r
1,is_return[0],gen_instr_scan[0].i_instr_scan.is_rvc
1,is_return[0],gen_instr_scan[0].i_instr_scan.rvc_jr_o
1,is_return[0],gen_instr_scan[0].i_instr_scan.rvc_return_o
1,is_return[0],i_instr_queue.fetch_entry_valid_o
1,is_return[0],rvc_jr[0]
1,is_return[0],rvc_return[0]
1,is_return[1],fetch_entry_valid_o
1,is_return[1],gen_instr_scan[0].i_instr_scan.is_rvc
1,is_return[1],gen_instr_scan[1].i_instr_scan.is_jal_r
1,is_return[1],gen_instr_scan[1].i_instr_scan.rvc_jr_o
1,is_return[1],gen_instr_scan[1].i_instr_scan.rvc_return_o
1,is_return[1],i_instr_queue.fetch_entry_valid_o
1,is_return[1],rvc_jr[1]
1,is_return[1],rvc_return[1]
1,issue_ack_iro_sb,i_issue_read_operands.fpu_ready_i
1,issue_ack_iro_sb,i_issue_read_operands.lsu_ready_i
1,issue_ack_sb_rename,i_issue_read_operands.fpu_ready_i
1,issue_ack_sb_rename,i_issue_read_operands.lsu_ready_i
1,issue_instr_ack_i,decoder_i.priv_lvl_i[0]
1,issue_instr_ack_i,decoder_i.priv_lvl_i[1]
1,issue_instr_rename_sb.ex.valid,i_issue_read_operands.lsu_ready_i
1,issue_instr_rename_sb.ex.valid,i_scoreboard.mem_n[0].sbe.use_imm
1,issue_instr_rename_sb.ex.valid,i_scoreboard.mem_q[0].sbe.use_imm
1,issue_instr_rename_sb.is_compressed,i_issue_read_operands.fpu_ready_i
1,issue_instr_rename_sb.is_compressed,i_issue_read_operands.lsu_ready_i
1,issue_instr_rename_sb.is_compressed,i_scoreboard.mem_n[0].sbe.use_imm
1,issue_instr_rename_sb.is_compressed,i_scoreboard.mem_q[0].sbe.use_imm
1,issue_instr_rename_sb.use_imm,i_issue_read_operands.fpu_ready_i
1,issue_instr_rename_sb.use_imm,i_issue_read_operands.lsu_ready_i
1,issue_instr_rename_sb.use_imm,i_scoreboard.mem_n[0].sbe.use_imm
1,issue_instr_rename_sb.use_imm,i_scoreboard.mem_q[0].sbe.use_imm
1,issue_instr_rename_sb.use_pc,decoded_instr_i.use_imm
1,issue_instr_rename_sb.use_pc,i_issue_read_operands.flu_ready_i
1,issue_instr_rename_sb.use_pc,i_issue_read_operands.issue_instr_i.use_imm
1,issue_instr_rename_sb.use_pc,i_issue_read_operands.lsu_ready_i
1,issue_instr_rename_sb.use_pc,i_re_name.issue_instr_i.use_imm
1,issue_instr_rename_sb.use_pc,i_re_name.issue_instr_o.use_imm
1,issue_instr_rename_sb.use_pc,i_scoreboard.decoded_instr_i.use_imm
1,issue_instr_rename_sb.use_pc,i_scoreboard.issue_instr_o.use_imm
1,issue_instr_rename_sb.use_pc,i_scoreboard.mem_n[0].sbe.use_imm
1,issue_instr_rename_sb.use_pc,i_scoreboard.mem_q[0].sbe.use_imm
1,issue_instr_rename_sb.use_pc,issue_instr_rename_sb.use_imm
1,issue_instr_rename_sb.use_pc,issue_instr_sb_iro.use_imm
1,issue_instr_rename_sb.valid,i_issue_read_operands.lsu_ready_i
1,issue_instr_rename_sb.valid,i_scoreboard.mem_n[0].sbe.use_imm
1,issue_instr_rename_sb.valid,i_scoreboard.mem_q[0].sbe.use_imm
1,issue_instr_sb_iro.ex.valid,i_issue_read_operands.lsu_ready_i
1,issue_instr_sb_iro.ex.valid,i_scoreboard.mem_n[0].sbe.use_imm
1,issue_instr_sb_iro.ex.valid,i_scoreboard.mem_q[0].sbe.use_imm
1,issue_instr_sb_iro.is_compressed,i_issue_read_operands.fpu_ready_i
1,issue_instr_sb_iro.is_compressed,i_issue_read_operands.lsu_ready_i
1,issue_instr_sb_iro.is_compressed,i_scoreboard.mem_n[0].sbe.use_imm
1,issue_instr_sb_iro.is_compressed,i_scoreboard.mem_q[0].sbe.use_imm
1,issue_instr_sb_iro.use_imm,i_issue_read_operands.fpu_ready_i
1,issue_instr_sb_iro.use_imm,i_issue_read_operands.lsu_ready_i
1,issue_instr_sb_iro.use_imm,i_scoreboard.mem_n[0].sbe.use_imm
1,issue_instr_sb_iro.use_imm,i_scoreboard.mem_q[0].sbe.use_imm
1,issue_instr_sb_iro.use_pc,decoded_instr_i.use_imm
1,issue_instr_sb_iro.use_pc,i_issue_read_operands.flu_ready_i
1,issue_instr_sb_iro.use_pc,i_issue_read_operands.issue_instr_i.use_imm
1,issue_instr_sb_iro.use_pc,i_issue_read_operands.lsu_ready_i
1,issue_instr_sb_iro.use_pc,i_re_name.issue_instr_i.use_imm
1,issue_instr_sb_iro.use_pc,i_re_name.issue_instr_o.use_imm
1,issue_instr_sb_iro.use_pc,i_scoreboard.decoded_instr_i.use_imm
1,issue_instr_sb_iro.use_pc,i_scoreboard.issue_instr_o.use_imm
1,issue_instr_sb_iro.use_pc,i_scoreboard.mem_n[0].sbe.use_imm
1,issue_instr_sb_iro.use_pc,i_scoreboard.mem_q[0].sbe.use_imm
1,issue_instr_sb_iro.use_pc,issue_instr_rename_sb.use_imm
1,issue_instr_sb_iro.use_pc,issue_instr_sb_iro.use_imm
1,issue_instr_sb_iro.valid,i_issue_read_operands.lsu_ready_i
1,issue_instr_sb_iro.valid,i_scoreboard.mem_n[0].sbe.use_imm
1,issue_instr_sb_iro.valid,i_scoreboard.mem_q[0].sbe.use_imm
1,issue_instr_valid_rename_sb,i_issue_read_operands.fpu_ready_i
1,issue_instr_valid_rename_sb,i_issue_read_operands.lsu_ready_i
1,issue_instr_valid_sb_iro,i_issue_read_operands.fpu_ready_i
1,issue_instr_valid_sb_iro,i_issue_read_operands.lsu_ready_i
1,issue_n.is_ctrl_flow,decoder_i.priv_lvl_i[0]
1,issue_n.is_ctrl_flow,decoder_i.priv_lvl_i[1]
1,issue_n.sbe.ex.valid,decoder_i.priv_lvl_i[0]
1,issue_n.sbe.ex.valid,decoder_i.priv_lvl_i[1]
1,issue_n.sbe.is_compressed,decoder_i.priv_lvl_i[0]
1,issue_n.sbe.is_compressed,decoder_i.priv_lvl_i[1]
1,issue_n.sbe.use_imm,decoder_i.priv_lvl_i[0]
1,issue_n.sbe.use_imm,decoder_i.priv_lvl_i[1]
1,issue_n.sbe.use_pc,decoder_i.priv_lvl_i[0]
1,issue_n.sbe.use_pc,decoder_i.priv_lvl_i[1]
1,issue_n.sbe.use_pc,issue_n.sbe.use_imm
1,issue_n.sbe.valid,decoder_i.priv_lvl_i[0]
1,issue_n.sbe.valid,decoder_i.priv_lvl_i[1]
1,issue_n.valid,decoder_i.priv_lvl_i[0]
1,issue_n.valid,decoder_i.priv_lvl_i[1]
1,issue_q.is_ctrl_flow,decoder_i.priv_lvl_i[0]
1,issue_q.is_ctrl_flow,decoder_i.priv_lvl_i[1]
1,issue_q.sbe.ex.valid,decoder_i.priv_lvl_i[0]
1,issue_q.sbe.ex.valid,decoder_i.priv_lvl_i[1]
1,issue_q.sbe.is_compressed,decoder_i.priv_lvl_i[0]
1,issue_q.sbe.is_compressed,decoder_i.priv_lvl_i[1]
1,issue_q.sbe.use_imm,decoder_i.priv_lvl_i[0]
1,issue_q.sbe.use_imm,decoder_i.priv_lvl_i[1]
1,issue_q.sbe.use_pc,decoder_i.priv_lvl_i[0]
1,issue_q.sbe.use_pc,decoder_i.priv_lvl_i[1]
1,issue_q.sbe.use_pc,issue_entry_o.use_imm
1,issue_q.sbe.use_pc,issue_n.sbe.use_imm
1,issue_q.sbe.use_pc,issue_q.sbe.use_imm
1,issue_q.sbe.valid,decoder_i.priv_lvl_i[0]
1,issue_q.sbe.valid,decoder_i.priv_lvl_i[1]
1,issue_q.valid,decoder_i.priv_lvl_i[0]
1,issue_q.valid,decoder_i.priv_lvl_i[1]
1,lsu_commit_i,flu_ready_o
1,lsu_commit_i,lsu_commit_ready_o
1,lsu_commit_i,lsu_ready_o
1,lsu_i.i_store_unit.state_q[0],flu_ready_o
1,lsu_i.i_store_unit.state_q[0],lsu_commit_ready_o
1,lsu_i.i_store_unit.state_q[0],lsu_ready_o
1,lsu_i.i_store_unit.state_q[0],no_st_pending_o
1,lsu_i.i_store_unit.state_q[1],i_mult.i_div.div_res_zero_q
1,lsu_i.i_store_unit.state_q[1],i_mult.i_div.rem_sel_q
1,lsu_i.i_store_unit.state_q[1],i_mult.word_op_q
1,lsu_i.i_store_unit.state_q[1],lsu_i.i_store_unit.store_buffer_i.commit_queue_q[2].valid
1,lsu_i.i_store_unit.state_q[1],lsu_i.lsu_bypass_i.mem_q[0].valid
1,lsu_i.i_store_unit.state_q[1],lsu_i.lsu_bypass_i.mem_q[1].valid
1,lsu_i.i_store_unit.state_q[1],lsu_i.lsu_bypass_i.read_pointer_q
1,lsu_i.i_store_unit.state_q[1],lsu_i.lsu_bypass_i.status_cnt_q[1]
1,lsu_i.i_store_unit.state_q[1],lsu_i.lsu_bypass_i.write_pointer_q
1,lsu_i.i_store_unit.store_buffer_i.commit_queue_q[0].valid,flu_ready_o
1,lsu_i.i_store_unit.store_buffer_i.commit_queue_q[0].valid,lsu_commit_ready_o
1,lsu_i.i_store_unit.store_buffer_i.commit_queue_q[0].valid,lsu_i.i_store_unit.store_buffer_i.commit_read_pointer_q[0]
1,lsu_i.i_store_unit.store_buffer_i.commit_queue_q[0].valid,lsu_i.i_store_unit.store_buffer_i.commit_write_pointer_q[0]
1,lsu_i.i_store_unit.store_buffer_i.commit_queue_q[0].valid,lsu_i.i_store_unit.store_buffer_i.speculative_read_pointer_q[0]
1,lsu_i.i_store_unit.store_buffer_i.commit_queue_q[0].valid,lsu_i.i_store_unit.store_buffer_i.speculative_write_pointer_q[0]
1,lsu_i.i_store_unit.store_buffer_i.commit_queue_q[0].valid,lsu_ready_o
1,lsu_i.i_store_unit.store_buffer_i.commit_queue_q[0].valid,no_st_pending_o
1,lsu_i.i_store_unit.store_buffer_i.commit_queue_q[1].valid,flu_ready_o
1,lsu_i.i_store_unit.store_buffer_i.commit_queue_q[1].valid,lsu_commit_ready_o
1,lsu_i.i_store_unit.store_buffer_i.commit_queue_q[1].valid,lsu_i.i_store_unit.store_buffer_i.commit_read_pointer_q[1]
1,lsu_i.i_store_unit.store_buffer_i.commit_queue_q[1].valid,lsu_i.i_store_unit.store_buffer_i.commit_write_pointer_q[1]
1,lsu_i.i_store_unit.store_buffer_i.commit_queue_q[1].valid,lsu_i.i_store_unit.store_buffer_i.speculative_read_pointer_q[1]
1,lsu_i.i_store_unit.store_buffer_i.commit_queue_q[1].valid,lsu_i.i_store_unit.store_buffer_i.speculative_write_pointer_q[1]
1,lsu_i.i_store_unit.store_buffer_i.commit_queue_q[1].valid,lsu_ready_o
1,lsu_i.i_store_unit.store_buffer_i.commit_queue_q[1].valid,no_st_pending_o
1,lsu_i.i_store_unit.store_buffer_i.commit_read_pointer_q[0],lsu_commit_ready_o
1,lsu_i.i_store_unit.store_buffer_i.commit_read_pointer_q[0],lsu_ready_o
1,lsu_i.i_store_unit.store_buffer_i.commit_write_pointer_q[0],lsu_commit_ready_o
1,lsu_i.i_store_unit.store_buffer_i.commit_write_pointer_q[0],lsu_i.i_store_unit.store_buffer_i.commit_read_pointer_q[0]
1,lsu_i.i_store_unit.store_buffer_i.commit_write_pointer_q[0],lsu_ready_o
1,lsu_i.i_store_unit.store_buffer_i.speculative_queue_q[0].valid,flu_ready_o
1,lsu_i.i_store_unit.store_buffer_i.speculative_queue_q[0].valid,lsu_commit_ready_o
1,lsu_i.i_store_unit.store_buffer_i.speculative_queue_q[0].valid,lsu_i.i_store_unit.store_buffer_i.commit_queue_q[0].valid
1,lsu_i.i_store_unit.store_buffer_i.speculative_queue_q[0].valid,lsu_i.i_store_unit.store_buffer_i.commit_write_pointer_q[0]
1,lsu_i.i_store_unit.store_buffer_i.speculative_queue_q[0].valid,lsu_i.i_store_unit.store_buffer_i.speculative_read_pointer_q[0]
1,lsu_i.i_store_unit.store_buffer_i.speculative_queue_q[0].valid,lsu_i.i_store_unit.store_buffer_i.speculative_write_pointer_q[0]
1,lsu_i.i_store_unit.store_buffer_i.speculative_queue_q[0].valid,lsu_ready_o
1,lsu_i.i_store_unit.store_buffer_i.speculative_queue_q[1].valid,flu_ready_o
1,lsu_i.i_store_unit.store_buffer_i.speculative_queue_q[1].valid,lsu_commit_ready_o
1,lsu_i.i_store_unit.store_buffer_i.speculative_queue_q[1].valid,lsu_i.i_store_unit.store_buffer_i.commit_queue_q[1].valid
1,lsu_i.i_store_unit.store_buffer_i.speculative_queue_q[1].valid,lsu_i.i_store_unit.store_buffer_i.commit_read_pointer_q[0]
1,lsu_i.i_store_unit.store_buffer_i.speculative_queue_q[1].valid,lsu_i.i_store_unit.store_buffer_i.commit_write_pointer_q[1]
1,lsu_i.i_store_unit.store_buffer_i.speculative_queue_q[1].valid,lsu_i.i_store_unit.store_buffer_i.speculative_read_pointer_q[1]
1,lsu_i.i_store_unit.store_buffer_i.speculative_queue_q[1].valid,lsu_i.i_store_unit.store_buffer_i.speculative_write_pointer_q[1]
1,lsu_i.i_store_unit.store_buffer_i.speculative_queue_q[1].valid,lsu_ready_o
1,lsu_i.i_store_unit.store_buffer_i.speculative_read_pointer_q[0],lsu_commit_ready_o
1,lsu_i.i_store_unit.store_buffer_i.speculative_read_pointer_q[0],lsu_i.i_store_unit.store_buffer_i.commit_read_pointer_q[0]
1,lsu_i.i_store_unit.store_buffer_i.speculative_read_pointer_q[0],lsu_ready_o
1,lsu_i.i_store_unit.store_buffer_i.speculative_write_pointer_q[0],lsu_commit_ready_o
1,lsu_i.i_store_unit.store_buffer_i.speculative_write_pointer_q[0],lsu_i.i_store_unit.store_buffer_i.commit_write_pointer_q[0]
1,lsu_i.i_store_unit.store_buffer_i.speculative_write_pointer_q[0],lsu_i.i_store_unit.store_buffer_i.speculative_read_pointer_q[0]
1,lsu_i.i_store_unit.store_buffer_i.speculative_write_pointer_q[0],lsu_ready_o
1,lsu_i.lsu_bypass_i.read_pointer_q,lsu_commit_ready_o
1,lsu_i.lsu_bypass_i.read_pointer_q,lsu_ready_o
1,lsu_i.lsu_bypass_i.write_pointer_q,lsu_commit_ready_o
1,lsu_i.lsu_bypass_i.write_pointer_q,lsu_ready_o
1,lsu_valid_i,flu_ready_o
1,lsu_valid_i,lsu_commit_ready_o
1,lsu_valid_i,lsu_ready_o
1,lsu_valid_i,no_st_pending_o
1,mult_valid_i,flu_valid_o
1,mult_valid_i,i_mult.i_div.div_res_zero_q
1,mult_valid_i,i_mult.i_div.rem_sel_q
1,mult_valid_i,lsu_commit_ready_o
1,mult_valid_i,lsu_ready_o
1,mult_valid_i,no_st_pending_o
1,ras_pop,fetch_entry_valid_o
1,ras_pop,gen_instr_scan[0].i_instr_scan.is_rvc
1,ras_pop,i_instr_queue.fetch_entry_valid_o
1,ras_push,i_instr_queue.branch_empty
1,ras_push,i_ras.stack_d[0].valid
1,replay,fetch_entry_valid_o
1,replay,i_instr_queue.fetch_entry_valid_o
1,resolve_branch_i,commit_instr_o[0].use_imm
1,resolve_branch_i,commit_instr_o[0].valid
1,resolve_branch_i,i_issue_read_operands.flu_ready_i
1,resolve_branch_i,i_issue_read_operands.lsu_ready_i
1,resolve_branch_i,i_issue_read_operands.we_gpr_i[0]
1,resolve_branch_i,i_issue_read_operands.we_pack[0]
1,resolve_branch_i,i_scoreboard.commit_ack_i[0]
1,resolve_branch_i,i_scoreboard.commit_instr_o[0].use_imm
1,resolve_branch_i,i_scoreboard.commit_instr_o[0].valid
1,resolve_branch_i,i_scoreboard.i_popcount.data_i[0]
1,resolve_branch_i,i_scoreboard.i_popcount.padded_input[0]
1,resolve_branch_i,i_scoreboard.i_popcount.popcount_o[0]
1,resolve_branch_i,i_scoreboard.i_popcount.right_child_result[0]
1,resolve_branch_i,i_scoreboard.mem_n[0].sbe.use_imm
1,resolve_branch_i,i_scoreboard.mem_q[0].sbe.use_imm
1,resolve_branch_i,i_scoreboard.num_commit[0]
1,resolved_branch_i.is_mispredict,commit_instr_o[0].use_imm
1,resolved_branch_i.is_mispredict,commit_instr_o[0].valid
1,resolved_branch_i.is_mispredict,i_issue_read_operands.flu_ready_i
1,resolved_branch_i.is_mispredict,i_issue_read_operands.lsu_ready_i
1,resolved_branch_i.is_mispredict,i_issue_read_operands.we_gpr_i[0]
1,resolved_branch_i.is_mispredict,i_issue_read_operands.we_pack[0]
1,resolved_branch_i.is_mispredict,i_scoreboard.commit_ack_i[0]
1,resolved_branch_i.is_mispredict,i_scoreboard.commit_instr_o[0].use_imm
1,resolved_branch_i.is_mispredict,i_scoreboard.commit_instr_o[0].valid
1,resolved_branch_i.is_mispredict,i_scoreboard.i_popcount.data_i[0]
1,resolved_branch_i.is_mispredict,i_scoreboard.i_popcount.padded_input[0]
1,resolved_branch_i.is_mispredict,i_scoreboard.i_popcount.popcount_o[0]
1,resolved_branch_i.is_mispredict,i_scoreboard.i_popcount.right_child_result[0]
1,resolved_branch_i.is_mispredict,i_scoreboard.mem_n[0].sbe.use_imm
1,resolved_branch_i.is_mispredict,i_scoreboard.mem_q[0].sbe.use_imm
1,resolved_branch_i.is_mispredict,i_scoreboard.num_commit[0]
1,resolved_branch_i.is_taken,commit_instr_o[0].use_imm
1,resolved_branch_i.is_taken,commit_instr_o[0].valid
1,resolved_branch_i.is_taken,i_instr_queue.branch_empty
1,resolved_branch_i.is_taken,i_instr_queue.gen_instr_fifo[0].i_fifo_instr_data.empty_o
1,resolved_branch_i.is_taken,i_instr_queue.gen_instr_fifo[0].i_fifo_instr_data.gate_clock
1,resolved_branch_i.is_taken,i_instr_queue.gen_instr_fifo[1].i_fifo_instr_data.empty_o
1,resolved_branch_i.is_taken,i_instr_queue.gen_instr_fifo[1].i_fifo_instr_data.gate_clock
1,resolved_branch_i.is_taken,i_instr_queue.instr_queue_empty[0]
1,resolved_branch_i.is_taken,i_instr_queue.instr_queue_empty[1]
1,resolved_branch_i.is_taken,i_instr_queue.ready_o
1,resolved_branch_i.is_taken,i_issue_read_operands.flu_ready_i
1,resolved_branch_i.is_taken,i_issue_read_operands.lsu_ready_i
1,resolved_branch_i.is_taken,i_issue_read_operands.we_gpr_i[0]
1,resolved_branch_i.is_taken,i_issue_read_operands.we_pack[0]
1,resolved_branch_i.is_taken,i_scoreboard.commit_ack_i[0]
1,resolved_branch_i.is_taken,i_scoreboard.commit_instr_o[0].use_imm
1,resolved_branch_i.is_taken,i_scoreboard.commit_instr_o[0].valid
1,resolved_branch_i.is_taken,i_scoreboard.i_popcount.data_i[0]
1,resolved_branch_i.is_taken,i_scoreboard.i_popcount.padded_input[0]
1,resolved_branch_i.is_taken,i_scoreboard.i_popcount.popcount_o[0]
1,resolved_branch_i.is_taken,i_scoreboard.i_popcount.right_child_result[0]
1,resolved_branch_i.is_taken,i_scoreboard.mem_n[0].sbe.use_imm
1,resolved_branch_i.is_taken,i_scoreboard.mem_q[0].sbe.use_imm
1,resolved_branch_i.is_taken,i_scoreboard.num_commit[0]
1,resolved_branch_i.is_taken,icache_dreq_o.req
1,resolved_branch_i.is_taken,instr_queue_ready
1,resolved_branch_i.valid,commit_instr_o[0].use_imm
1,resolved_branch_i.valid,commit_instr_o[0].valid
1,resolved_branch_i.valid,i_instr_queue.branch_empty
1,resolved_branch_i.valid,i_instr_queue.gen_instr_fifo[0].i_fifo_instr_data.empty_o
1,resolved_branch_i.valid,i_instr_queue.gen_instr_fifo[0].i_fifo_instr_data.gate_clock
1,resolved_branch_i.valid,i_instr_queue.gen_instr_fifo[1].i_fifo_instr_data.empty_o
1,resolved_branch_i.valid,i_instr_queue.gen_instr_fifo[1].i_fifo_instr_data.gate_clock
1,resolved_branch_i.valid,i_instr_queue.instr_queue_empty[0]
1,resolved_branch_i.valid,i_instr_queue.instr_queue_empty[1]
1,resolved_branch_i.valid,i_instr_queue.ready_o
1,resolved_branch_i.valid,i_issue_read_operands.flu_ready_i
1,resolved_branch_i.valid,i_issue_read_operands.lsu_ready_i
1,resolved_branch_i.valid,i_issue_read_operands.we_gpr_i[0]
1,resolved_branch_i.valid,i_issue_read_operands.we_pack[0]
1,resolved_branch_i.valid,i_scoreboard.commit_ack_i[0]
1,resolved_branch_i.valid,i_scoreboard.commit_instr_o[0].use_imm
1,resolved_branch_i.valid,i_scoreboard.commit_instr_o[0].valid
1,resolved_branch_i.valid,i_scoreboard.i_popcount.data_i[0]
1,resolved_branch_i.valid,i_scoreboard.i_popcount.padded_input[0]
1,resolved_branch_i.valid,i_scoreboard.i_popcount.popcount_o[0]
1,resolved_branch_i.valid,i_scoreboard.i_popcount.right_child_result[0]
1,resolved_branch_i.valid,i_scoreboard.mem_n[0].sbe.use_imm
1,resolved_branch_i.valid,i_scoreboard.mem_q[0].sbe.use_imm
1,resolved_branch_i.valid,i_scoreboard.num_commit[0]
1,resolved_branch_i.valid,icache_dreq_o.req
1,resolved_branch_i.valid,instr_queue_ready
1,rvc_branch[0],i_instr_queue.branch_empty
1,rvc_branch[0],i_ras.data_o.valid
1,rvc_branch[0],i_ras.stack_d[0].valid
1,rvc_branch[0],i_ras.stack_q[0].valid
1,rvc_branch[0],ras_predict.valid
1,rvc_branch[1],fetch_entry_valid_o
1,rvc_branch[1],i_instr_queue.branch_empty
1,rvc_branch[1],i_instr_queue.fetch_entry_valid_o
1,rvc_branch[1],i_instr_queue.gen_instr_fifo[0].i_fifo_instr_data.write_pointer_n[0]
1,rvc_branch[1],i_instr_queue.gen_instr_fifo[0].i_fifo_instr_data.write_pointer_n[1]
1,rvc_branch[1],i_instr_queue.gen_instr_fifo[0].i_fifo_instr_data.write_pointer_q[1]
1,rvc_branch[1],i_instr_queue.gen_instr_fifo[1].i_fifo_instr_data.write_pointer_n[1]
1,rvc_branch[1],i_instr_queue.gen_instr_fifo[1].i_fifo_instr_data.write_pointer_q[1]
1,rvc_branch[1],i_instr_queue.ready_o
1,rvc_branch[1],i_ras.data_o.valid
1,rvc_branch[1],i_ras.stack_d[0].valid
1,rvc_branch[1],i_ras.stack_d[1].valid
1,rvc_branch[1],i_ras.stack_q[0].valid
1,rvc_branch[1],i_ras.stack_q[1].valid
1,rvc_branch[1],icache_dreq_o.req
1,rvc_branch[1],instr_queue_ready
1,rvc_branch[1],ras_predict.valid
1,rvc_call[0],gen_instr_scan[0].i_instr_scan.is_rvc
1,rvc_call[0],i_instr_queue.gen_instr_fifo[0].i_fifo_instr_data.empty_o
1,rvc_call[0],i_instr_queue.gen_instr_fifo[1].i_fifo_instr_data.empty_o
1,rvc_call[0],i_instr_queue.gen_instr_fifo[1].i_fifo_instr_data.gate_clock
1,rvc_call[0],i_instr_queue.idx_ds_d[0]
1,rvc_call[0],i_instr_queue.idx_ds_q[0]
1,rvc_call[0],i_instr_queue.instr_queue_empty[0]
1,rvc_call[0],i_instr_queue.instr_queue_empty[1]
1,rvc_call[0],i_instr_queue.ready_o
1,rvc_call[0],i_instr_realign.unaligned_d
1,rvc_call[0],i_ras.data_o.valid
1,rvc_call[0],i_ras.stack_d[0].valid
1,rvc_call[0],i_ras.stack_d[1].valid
1,rvc_call[0],i_ras.stack_q[0].valid
1,rvc_call[0],i_ras.stack_q[1].valid
1,rvc_call[0],icache_dreq_o.req
1,rvc_call[0],instr_queue_ready
1,rvc_call[0],ras_predict.valid
1,rvc_call[1],fetch_entry_valid_o
1,rvc_call[1],i_instr_queue.branch_empty
1,rvc_call[1],i_instr_queue.fetch_entry_valid_o
1,rvc_call[1],i_instr_queue.gen_instr_fifo[0].i_fifo_instr_data.usage_o[1]
1,rvc_call[1],i_instr_queue.gen_instr_fifo[1].i_fifo_instr_data.usage_o[1]
1,rvc_call[1],i_instr_queue.instr_queue_usage[0][1]
1,rvc_call[1],i_instr_queue.instr_queue_usage[1][1]
1,rvc_call[1],i_instr_queue.ready_o
1,rvc_call[1],i_ras.data_o.valid
1,rvc_call[1],i_ras.stack_d[0].valid
1,rvc_call[1],i_ras.stack_q[0].valid
1,rvc_call[1],icache_dreq_o.req
1,rvc_call[1],instr_queue_ready
1,rvc_call[1],ras_predict.valid
1,rvc_jalr[0],gen_instr_scan[0].i_instr_scan.is_rvc
1,rvc_jalr[0],i_instr_queue.gen_instr_fifo[0].i_fifo_instr_data.empty_o
1,rvc_jalr[0],i_instr_queue.gen_instr_fifo[1].i_fifo_instr_data.empty_o
1,rvc_jalr[0],i_instr_queue.gen_instr_fifo[1].i_fifo_instr_data.gate_clock
1,rvc_jalr[0],i_instr_queue.idx_ds_d[0]
1,rvc_jalr[0],i_instr_queue.idx_ds_q[0]
1,rvc_jalr[0],i_instr_queue.instr_queue_empty[0]
1,rvc_jalr[0],i_instr_queue.instr_queue_empty[1]
1,rvc_jalr[0],i_instr_queue.ready_o
1,rvc_jalr[0],i_instr_realign.unaligned_d
1,rvc_jalr[0],i_ras.data_o.valid
1,rvc_jalr[0],i_ras.stack_d[0].valid
1,rvc_jalr[0],i_ras.stack_d[1].valid
1,rvc_jalr[0],i_ras.stack_q[0].valid
1,rvc_jalr[0],i_ras.stack_q[1].valid
1,rvc_jalr[0],icache_dreq_o.req
1,rvc_jalr[0],instr_queue_ready
1,rvc_jalr[0],ras_predict.valid
1,rvc_jalr[1],fetch_entry_valid_o
1,rvc_jalr[1],i_instr_queue.branch_empty
1,rvc_jalr[1],i_instr_queue.fetch_entry_valid_o
1,rvc_jalr[1],i_instr_queue.gen_instr_fifo[0].i_fifo_instr_data.usage_o[1]
1,rvc_jalr[1],i_instr_queue.gen_instr_fifo[1].i_fifo_instr_data.usage_o[1]
1,rvc_jalr[1],i_instr_queue.instr_queue_usage[0][1]
1,rvc_jalr[1],i_instr_queue.instr_queue_usage[1][1]
1,rvc_jalr[1],i_instr_queue.ready_o
1,rvc_jalr[1],i_ras.data_o.valid
1,rvc_jalr[1],i_ras.stack_d[0].valid
1,rvc_jalr[1],i_ras.stack_q[0].valid
1,rvc_jalr[1],icache_dreq_o.req
1,rvc_jalr[1],instr_queue_ready
1,rvc_jalr[1],ras_predict.valid
1,rvc_jr[0],gen_instr_scan[0].i_instr_scan.is_rvc
1,rvc_jr[0],i_instr_queue.branch_empty
1,rvc_jr[0],i_instr_queue.ready_o
1,rvc_jr[0],icache_dreq_o.req
1,rvc_jr[0],instr_queue_ready
1,rvc_jr[1],i_instr_queue.branch_empty
1,rvc_jump[0],i_instr_queue.gen_instr_fifo[1].i_fifo_instr_data.empty_o
1,rvc_jump[0],i_instr_queue.instr_queue_empty[1]
1,rvc_jump[0],i_instr_queue.ready_o
1,rvc_jump[0],icache_dreq_o.req
1,rvc_jump[0],instr_queue_ready
1,rvc_jump[1],i_instr_queue.branch_empty
1,rvc_jump[1],i_instr_queue.gen_instr_fifo[0].i_fifo_instr_data.write_pointer_n[1]
1,rvc_jump[1],i_instr_queue.gen_instr_fifo[0].i_fifo_instr_data.write_pointer_q[1]
1,rvc_jump[1],i_ras.data_o.valid
1,rvc_jump[1],i_ras.stack_d[0].valid
1,rvc_jump[1],i_ras.stack_d[1].valid
1,rvc_jump[1],i_ras.stack_q[0].valid
1,rvc_jump[1],i_ras.stack_q[1].valid
1,rvc_jump[1],ras_predict.valid
1,rvc_return[0],fetch_entry_valid_o
1,rvc_return[0],i_instr_queue.branch_empty
1,rvc_return[0],i_instr_queue.fetch_entry_valid_o
1,rvc_return[1],i_instr_queue.branch_empty
1,rvi_branch[0],i_instr_queue.ready_o
1,rvi_branch[0],icache_dreq_o.req
1,rvi_branch[0],instr_queue_ready
1,rvi_jalr[0],btb_prediction[1].valid
1,rvi_jalr[0],btb_prediction_shifted[1].valid
1,rvi_jalr[0],i_btb.btb_prediction_o[1].valid
1,rvi_jalr[0],i_instr_queue.branch_empty
1,rvi_jalr[0],i_instr_queue.gen_instr_fifo[0].i_fifo_instr_data.empty_o
1,rvi_jalr[0],i_instr_queue.gen_instr_fifo[0].i_fifo_instr_data.gate_clock
1,rvi_jalr[0],i_instr_queue.gen_instr_fifo[1].i_fifo_instr_data.empty_o
1,rvi_jalr[0],i_instr_queue.gen_instr_fifo[1].i_fifo_instr_data.gate_clock
1,rvi_jalr[0],i_instr_queue.idx_ds_d[0]
1,rvi_jalr[0],i_instr_queue.idx_ds_q[0]
1,rvi_jalr[0],i_instr_queue.instr_queue_empty[0]
1,rvi_jalr[0],i_instr_queue.instr_queue_empty[1]
1,rvi_jalr[0],i_instr_queue.ready_o
1,rvi_jalr[0],i_instr_realign.unaligned_d
1,rvi_jalr[0],i_instr_realign.valid_i
1,rvi_jalr[0],icache_dreq_o.req
1,rvi_jalr[0],icache_valid_q
1,rvi_jalr[0],if_ready
1,rvi_jalr[0],instr_queue_ready
1,rvi_jump[0],i_instr_queue.ready_o
1,rvi_jump[0],icache_dreq_o.req
1,rvi_jump[0],instr_queue_ready
1,taken_rvc_cf[0],fetch_entry_valid_o
1,taken_rvc_cf[0],gen_instr_scan[0].i_instr_scan.rvc_jump_o
1,taken_rvc_cf[0],i_instr_queue.fetch_entry_ready_i
1,taken_rvc_cf[0],i_instr_queue.fetch_entry_valid_o
1,taken_rvc_cf[0],i_instr_queue.gen_instr_fifo[0].i_fifo_instr_data.pop_i
1,taken_rvc_cf[0],i_instr_queue.gen_instr_fifo[0].i_fifo_instr_data.usage_o[0]
1,taken_rvc_cf[0],i_instr_queue.gen_instr_fifo[1].i_fifo_instr_data.empty_o
1,taken_rvc_cf[0],i_instr_queue.idx_ds_d[1]
1,taken_rvc_cf[0],i_instr_queue.idx_ds_q[0]
1,taken_rvc_cf[0],i_instr_queue.idx_is_d[0]
1,taken_rvc_cf[0],i_instr_queue.idx_is_q[0]
1,taken_rvc_cf[0],i_instr_queue.instr_queue_empty[1]
1,taken_rvc_cf[0],i_instr_queue.instr_queue_usage[0][0]
1,taken_rvc_cf[0],i_instr_queue.pop_instr[0]
1,taken_rvc_cf[0],i_instr_queue.ready_o
1,taken_rvc_cf[0],icache_dreq_o.req
1,taken_rvc_cf[0],instr_queue_ready
1,taken_rvc_cf[0],rvc_jump[0]
1,taken_rvc_cf[1],fetch_entry_valid_o
1,taken_rvc_cf[1],i_instr_queue.fetch_entry_valid_o
1,taken_rvc_cf[1],i_instr_queue.gen_instr_fifo[0].i_fifo_instr_data.write_pointer_n[1]
1,taken_rvc_cf[1],i_instr_queue.gen_instr_fifo[0].i_fifo_instr_data.write_pointer_q[1]
1,taken_rvc_cf[1],i_instr_queue.idx_ds_d[0]
1,taken_rvc_cf[1],i_ras.data_o.valid
1,taken_rvc_cf[1],i_ras.stack_d[0].valid
1,taken_rvc_cf[1],i_ras.stack_d[1].valid
1,taken_rvc_cf[1],i_ras.stack_q[0].valid
1,taken_rvc_cf[1],i_ras.stack_q[1].valid
1,taken_rvc_cf[1],ras_predict.valid
1,taken_rvi_cf[0],fetch_entry_valid_o
1,taken_rvi_cf[0],i_instr_queue.fetch_entry_ready_i
1,taken_rvi_cf[0],i_instr_queue.fetch_entry_valid_o
1,taken_rvi_cf[0],i_instr_queue.ready_o
1,taken_rvi_cf[0],icache_dreq_o.req
1,taken_rvi_cf[0],instr_queue_ready
1,we_fpr_i[0],i_issue_read_operands.flu_ready_i
1,we_fpr_i[0],i_issue_read_operands.lsu_ready_i
1,we_gpr_i[0],i_issue_read_operands.flu_ready_i
1,we_gpr_i[0],i_issue_read_operands.lsu_ready_i
1,we_gpr_i[0],i_scoreboard.mem_n[0].sbe.use_imm
1,we_gpr_i[0],i_scoreboard.mem_q[0].sbe.use_imm
1,we_gpr_i[1],commit_instr_o[1].use_imm
1,we_gpr_i[1],i_issue_read_operands.lsu_ready_i
1,we_gpr_i[1],i_scoreboard.commit_instr_o[1].use_imm
1,wt_valid_i[0],commit_instr_o[0].valid
1,wt_valid_i[0],i_issue_read_operands.flu_ready_i
1,wt_valid_i[0],i_issue_read_operands.lsu_ready_i
1,wt_valid_i[0],i_issue_read_operands.we_fpr_i[0]
1,wt_valid_i[0],i_scoreboard.commit_ack_i[0]
1,wt_valid_i[0],i_scoreboard.commit_instr_o[0].valid
1,wt_valid_i[0],i_scoreboard.i_popcount.data_i[0]
1,wt_valid_i[0],i_scoreboard.i_popcount.padded_input[0]
1,wt_valid_i[0],i_scoreboard.i_popcount.right_child_result[0]
1,wt_valid_i[1],commit_instr_o[0].use_imm
1,wt_valid_i[1],commit_instr_o[0].valid
1,wt_valid_i[1],decoded_instr_i.use_imm
1,wt_valid_i[1],i_issue_read_operands.flu_ready_i
1,wt_valid_i[1],i_issue_read_operands.issue_instr_i.use_imm
1,wt_valid_i[1],i_issue_read_operands.lsu_ready_i
1,wt_valid_i[1],i_issue_read_operands.we_gpr_i[0]
1,wt_valid_i[1],i_issue_read_operands.we_pack[0]
1,wt_valid_i[1],i_re_name.issue_instr_i.use_imm
1,wt_valid_i[1],i_re_name.issue_instr_o.use_imm
1,wt_valid_i[1],i_scoreboard.commit_ack_i[0]
1,wt_valid_i[1],i_scoreboard.commit_instr_o[0].use_imm
1,wt_valid_i[1],i_scoreboard.commit_instr_o[0].valid
1,wt_valid_i[1],i_scoreboard.decoded_instr_i.use_imm
1,wt_valid_i[1],i_scoreboard.i_popcount.data_i[0]
1,wt_valid_i[1],i_scoreboard.i_popcount.padded_input[0]
1,wt_valid_i[1],i_scoreboard.i_popcount.popcount_o[0]
1,wt_valid_i[1],i_scoreboard.i_popcount.right_child_result[0]
1,wt_valid_i[1],i_scoreboard.issue_instr_o.use_imm
1,wt_valid_i[1],i_scoreboard.mem_n[0].sbe.use_imm
1,wt_valid_i[1],i_scoreboard.mem_q[0].sbe.use_imm
1,wt_valid_i[1],i_scoreboard.num_commit[0]
1,wt_valid_i[1],issue_instr_rename_sb.use_imm
1,wt_valid_i[1],issue_instr_sb_iro.use_imm
1,wt_valid_i[2],commit_instr_o[0].use_imm
1,wt_valid_i[2],commit_instr_o[0].valid
1,wt_valid_i[2],commit_instr_o[1].use_imm
1,wt_valid_i[2],decoded_instr_ack_o
1,wt_valid_i[2],decoded_instr_i.use_imm
1,wt_valid_i[2],i_issue_read_operands.flu_ready_i
1,wt_valid_i[2],i_issue_read_operands.issue_ack_o
1,wt_valid_i[2],i_issue_read_operands.issue_instr_i.use_imm
1,wt_valid_i[2],i_issue_read_operands.issue_instr_valid_i
1,wt_valid_i[2],i_issue_read_operands.lsu_ready_i
1,wt_valid_i[2],i_issue_read_operands.orig_instr.rvftype.repl[14]
1,wt_valid_i[2],i_issue_read_operands.we_gpr_i[0]
1,wt_valid_i[2],i_issue_read_operands.we_pack[0]
1,wt_valid_i[2],i_re_name.issue_ack_i
1,wt_valid_i[2],i_re_name.issue_ack_o
1,wt_valid_i[2],i_re_name.issue_instr_i.use_imm
1,wt_valid_i[2],i_re_name.issue_instr_o.use_imm
1,wt_valid_i[2],i_re_name.issue_instr_valid_i
1,wt_valid_i[2],i_re_name.issue_instr_valid_o
1,wt_valid_i[2],i_scoreboard.commit_ack_i[0]
1,wt_valid_i[2],i_scoreboard.commit_instr_o[0].use_imm
1,wt_valid_i[2],i_scoreboard.commit_instr_o[0].valid
1,wt_valid_i[2],i_scoreboard.commit_instr_o[1].use_imm
1,wt_valid_i[2],i_scoreboard.decoded_instr_ack_o
1,wt_valid_i[2],i_scoreboard.decoded_instr_i.use_imm
1,wt_valid_i[2],i_scoreboard.decoded_instr_valid_i
1,wt_valid_i[2],i_scoreboard.i_popcount.data_i[0]
1,wt_valid_i[2],i_scoreboard.i_popcount.padded_input[0]
1,wt_valid_i[2],i_scoreboard.i_popcount.popcount_o[0]
1,wt_valid_i[2],i_scoreboard.i_popcount.right_child_result[0]
1,wt_valid_i[2],i_scoreboard.issue_ack_i
1,wt_valid_i[2],i_scoreboard.issue_en
1,wt_valid_i[2],i_scoreboard.issue_instr_o.use_imm
1,wt_valid_i[2],i_scoreboard.issue_instr_valid_o
1,wt_valid_i[2],i_scoreboard.mem_n[0].sbe.use_imm
1,wt_valid_i[2],i_scoreboard.mem_q[0].sbe.use_imm
1,wt_valid_i[2],i_scoreboard.num_commit[0]
1,wt_valid_i[2],issue_ack_iro_sb
1,wt_valid_i[2],issue_ack_sb_rename
1,wt_valid_i[2],issue_instr_rename_sb.use_imm
1,wt_valid_i[2],issue_instr_sb_iro.use_imm
1,wt_valid_i[2],issue_instr_valid_rename_sb
1,wt_valid_i[2],issue_instr_valid_sb_iro
1,wt_valid_i[3],commit_instr_o[0].valid
1,wt_valid_i[3],i_issue_read_operands.lsu_ready_i
1,wt_valid_i[3],i_issue_read_operands.we_gpr_i[0]
1,wt_valid_i[3],i_issue_read_operands.we_pack[0]
1,wt_valid_i[3],i_scoreboard.commit_ack_i[0]
1,wt_valid_i[3],i_scoreboard.commit_instr_o[0].valid
1,wt_valid_i[3],i_scoreboard.i_popcount.data_i[0]
1,wt_valid_i[3],i_scoreboard.i_popcount.padded_input[0]
1,wt_valid_i[3],i_scoreboard.i_popcount.popcount_o[0]
1,wt_valid_i[3],i_scoreboard.i_popcount.right_child_result[0]
1,wt_valid_i[3],i_scoreboard.mem_n[0].sbe.use_imm
1,wt_valid_i[3],i_scoreboard.mem_q[0].sbe.use_imm
1,wt_valid_i[3],i_scoreboard.num_commit[0]
2,bht_prediction[0].taken,gen_instr_scan[1].i_instr_scan.is_rvc
2,bht_prediction[0].valid,gen_instr_scan[1].i_instr_scan.is_rvc
2,bht_prediction[1].taken,gen_instr_scan[1].i_instr_scan.is_rvc
2,bht_prediction[1].valid,gen_instr_scan[1].i_instr_scan.is_rvc
2,bht_prediction_shifted[0].taken,gen_instr_scan[1].i_instr_scan.is_rvc
2,bht_prediction_shifted[0].valid,gen_instr_scan[1].i_instr_scan.is_rvc
2,bht_prediction_shifted[1].taken,gen_instr_scan[1].i_instr_scan.is_rvc
2,bht_prediction_shifted[1].valid,gen_instr_scan[1].i_instr_scan.is_rvc
2,bht_update.taken,gen_instr_scan[1].i_instr_scan.is_rvc
2,bht_update.valid,gen_instr_scan[1].i_instr_scan.is_rvc
2,bp_valid,gen_instr_scan[1].i_instr_scan.is_rvc
2,btb_prediction[0].valid,gen_instr_scan[1].i_instr_scan.is_rvc
2,btb_prediction_shifted[0].valid,gen_instr_scan[1].i_instr_scan.is_rvc
2,btb_q.valid,gen_instr_scan[1].i_instr_scan.is_rvc
2,btb_update.valid,gen_instr_scan[1].i_instr_scan.is_rvc
2,btb_update.valid,i_instr_queue.gen_instr_fifo[0].i_fifo_instr_data.empty_o
2,btb_update.valid,i_instr_queue.gen_instr_fifo[1].i_fifo_instr_data.empty_o
2,btb_update.valid,i_instr_queue.idx_ds_d[0]
2,btb_update.valid,i_instr_queue.idx_ds_q[0]
2,btb_update.valid,i_instr_queue.instr_queue_empty[0]
2,btb_update.valid,i_instr_queue.instr_queue_empty[1]
2,btb_update.valid,i_instr_queue.ready_o
2,btb_update.valid,icache_dreq_o.req
2,btb_update.valid,instr_queue_ready
2,debug_mode_i,gen_instr_scan[1].i_instr_scan.is_rvc
2,eret_i,gen_instr_scan[1].i_instr_scan.is_rvc
2,eret_i,i_instr_queue.gen_instr_fifo[0].i_fifo_instr_data.empty_o
2,eret_i,i_instr_queue.gen_instr_fifo[1].i_fifo_instr_data.empty_o
2,eret_i,i_instr_queue.idx_ds_d[0]
2,eret_i,i_instr_queue.idx_ds_q[0]
2,eret_i,i_instr_queue.instr_queue_empty[0]
2,eret_i,i_instr_queue.instr_queue_empty[1]
2,eret_i,i_instr_queue.ready_o
2,eret_i,icache_dreq_o.req
2,eret_i,instr_queue_ready
2,ex_valid_i,gen_instr_scan[1].i_instr_scan.is_rvc
2,ex_valid_i,i_instr_queue.gen_instr_fifo[0].i_fifo_instr_data.empty_o
2,ex_valid_i,i_instr_queue.gen_instr_fifo[1].i_fifo_instr_data.empty_o
2,ex_valid_i,i_instr_queue.idx_ds_d[0]
2,ex_valid_i,i_instr_queue.idx_ds_q[0]
2,ex_valid_i,i_instr_queue.instr_queue_empty[0]
2,ex_valid_i,i_instr_queue.instr_queue_empty[1]
2,ex_valid_i,i_instr_queue.ready_o
2,ex_valid_i,icache_dreq_o.req
2,ex_valid_i,instr_queue_ready
2,fetch_entry_ready_i,gen_instr_scan[1].i_instr_scan.is_rvc
2,flush_i,fpu_ready_o
2,flush_i,gen_instr_scan[1].i_instr_scan.is_rvc
2,flush_i,i_instr_queue.gen_instr_fifo[0].i_fifo_instr_data.empty_o
2,flush_i,i_instr_queue.gen_instr_fifo[1].i_fifo_instr_data.empty_o
2,flush_i,i_instr_queue.idx_ds_d[0]
2,flush_i,i_instr_queue.idx_ds_q[0]
2,flush_i,i_instr_queue.instr_queue_empty[0]
2,flush_i,i_instr_queue.instr_queue_empty[1]
2,flush_i,i_instr_queue.ready_o
2,flush_i,i_issue_read_operands.fpu_ready_i
2,flush_i,i_issue_read_operands.lsu_ready_i
2,flush_i,icache_dreq_o.req
2,flush_i,instr_queue_ready
2,flush_i,lsu_ready_o
2,gen_instr_scan[0].i_instr_scan.is_jal_r,gen_instr_scan[1].i_instr_scan.is_rvc
2,gen_instr_scan[0].i_instr_scan.is_rvc,gen_instr_scan[1].i_instr_scan.is_rvc
2,gen_instr_scan[0].i_instr_scan.rvc_branch_o,gen_instr_scan[1].i_instr_scan.is_rvc
2,gen_instr_scan[0].i_instr_scan.rvc_call_o,gen_instr_scan[1].i_instr_scan.is_rvc
2,gen_instr_scan[0].i_instr_scan.rvc_jalr_o,gen_instr_scan[1].i_instr_scan.is_rvc
2,gen_instr_scan[0].i_instr_scan.rvc_jr_o,gen_instr_scan[1].i_instr_scan.is_rvc
2,gen_instr_scan[0].i_instr_scan.rvc_jump_o,gen_instr_scan[1].i_instr_scan.is_rvc
2,gen_instr_scan[0].i_instr_scan.rvc_return_o,gen_instr_scan[1].i_instr_scan.is_rvc
2,gen_instr_scan[0].i_instr_scan.rvi_branch_o,gen_instr_scan[1].i_instr_scan.is_rvc
2,gen_instr_scan[0].i_instr_scan.rvi_call_o,gen_instr_scan[1].i_instr_scan.is_rvc
2,gen_instr_scan[0].i_instr_scan.rvi_jalr_o,gen_instr_scan[1].i_instr_scan.is_rvc
2,gen_instr_scan[0].i_instr_scan.rvi_jump_o,gen_instr_scan[1].i_instr_scan.is_rvc
2,gen_instr_scan[1].i_instr_scan.is_jal_r,gen_instr_scan[1].i_instr_scan.is_rvc
2,gen_instr_scan[1].i_instr_scan.rvc_branch_o,gen_instr_scan[1].i_instr_scan.is_rvc
2,gen_instr_scan[1].i_instr_scan.rvc_call_o,gen_instr_scan[1].i_instr_scan.is_rvc
2,gen_instr_scan[1].i_instr_scan.rvc_jalr_o,gen_instr_scan[1].i_instr_scan.is_rvc
2,gen_instr_scan[1].i_instr_scan.rvc_jr_o,gen_instr_scan[1].i_instr_scan.is_rvc
2,gen_instr_scan[1].i_instr_scan.rvc_jump_o,gen_instr_scan[1].i_instr_scan.is_rvc
2,gen_instr_scan[1].i_instr_scan.rvc_return_o,gen_instr_scan[1].i_instr_scan.is_rvc
2,i_bht.bht_prediction_o[0].taken,gen_instr_scan[1].i_instr_scan.is_rvc
2,i_bht.bht_prediction_o[0].valid,gen_instr_scan[1].i_instr_scan.is_rvc
2,i_bht.bht_prediction_o[1].taken,gen_instr_scan[1].i_instr_scan.is_rvc
2,i_bht.bht_prediction_o[1].valid,gen_instr_scan[1].i_instr_scan.is_rvc
2,i_bht.bht_update_i.taken,gen_instr_scan[1].i_instr_scan.is_rvc
2,i_bht.bht_update_i.valid,gen_instr_scan[1].i_instr_scan.is_rvc
2,i_bht.debug_mode_i,gen_instr_scan[1].i_instr_scan.is_rvc
2,i_bht.saturation_counter[0],gen_instr_scan[1].i_instr_scan.is_rvc
2,i_bht.saturation_counter[1],gen_instr_scan[1].i_instr_scan.is_rvc
2,i_btb.btb_prediction_o[0].valid,gen_instr_scan[1].i_instr_scan.is_rvc
2,i_btb.btb_update_i.valid,gen_instr_scan[1].i_instr_scan.is_rvc
2,i_btb.btb_update_i.valid,i_instr_queue.gen_instr_fifo[0].i_fifo_instr_data.empty_o
2,i_btb.btb_update_i.valid,i_instr_queue.gen_instr_fifo[1].i_fifo_instr_data.empty_o
2,i_btb.btb_update_i.valid,i_instr_queue.idx_ds_d[0]
2,i_btb.btb_update_i.valid,i_instr_queue.idx_ds_q[0]
2,i_btb.btb_update_i.valid,i_instr_queue.instr_queue_empty[0]
2,i_btb.btb_update_i.valid,i_instr_queue.instr_queue_empty[1]
2,i_btb.btb_update_i.valid,i_instr_queue.ready_o
2,i_btb.btb_update_i.valid,icache_dreq_o.req
2,i_btb.btb_update_i.valid,instr_queue_ready
2,i_btb.debug_mode_i,gen_instr_scan[1].i_instr_scan.is_rvc
2,i_instr_queue.branch_empty,gen_instr_scan[1].i_instr_scan.is_rvc
2,i_instr_queue.consumed_o[0],gen_instr_scan[1].i_instr_scan.is_rvc
2,i_instr_queue.consumed_o[1],gen_instr_scan[1].i_instr_scan.is_rvc
2,i_instr_queue.fetch_entry_ready_i,gen_instr_scan[1].i_instr_scan.is_rvc
2,i_instr_queue.fetch_entry_valid_o,gen_instr_scan[1].i_instr_scan.is_rvc
2,i_instr_queue.fifo_pos[0],gen_instr_scan[1].i_instr_scan.is_rvc
2,i_instr_queue.fifo_pos[1],gen_instr_scan[1].i_instr_scan.is_rvc
2,i_instr_queue.flush_i,gen_instr_scan[1].i_instr_scan.is_rvc
2,i_instr_queue.flush_i,i_instr_queue.gen_instr_fifo[0].i_fifo_instr_data.empty_o
2,i_instr_queue.flush_i,i_instr_queue.gen_instr_fifo[1].i_fifo_instr_data.empty_o
2,i_instr_queue.flush_i,i_instr_queue.idx_ds_d[0]
2,i_instr_queue.flush_i,i_instr_queue.idx_ds_q[0]
2,i_instr_queue.flush_i,i_instr_queue.instr_queue_empty[0]
2,i_instr_queue.flush_i,i_instr_queue.instr_queue_empty[1]
2,i_instr_queue.flush_i,i_instr_queue.ready_o
2,i_instr_queue.flush_i,icache_dreq_o.req
2,i_instr_queue.flush_i,instr_queue_ready
2,i_instr_queue.gen_instr_fifo[0].i_fifo_instr_data.flush_i,gen_instr_scan[1].i_instr_scan.is_rvc
2,i_instr_queue.gen_instr_fifo[0].i_fifo_instr_data.flush_i,i_instr_queue.gen_instr_fifo[0].i_fifo_instr_data.empty_o
2,i_instr_queue.gen_instr_fifo[0].i_fifo_instr_data.flush_i,i_instr_queue.gen_instr_fifo[1].i_fifo_instr_data.empty_o
2,i_instr_queue.gen_instr_fifo[0].i_fifo_instr_data.flush_i,i_instr_queue.idx_ds_d[0]
2,i_instr_queue.gen_instr_fifo[0].i_fifo_instr_data.flush_i,i_instr_queue.idx_ds_q[0]
2,i_instr_queue.gen_instr_fifo[0].i_fifo_instr_data.flush_i,i_instr_queue.instr_queue_empty[0]
2,i_instr_queue.gen_instr_fifo[0].i_fifo_instr_data.flush_i,i_instr_queue.instr_queue_empty[1]
2,i_instr_queue.gen_instr_fifo[0].i_fifo_instr_data.flush_i,i_instr_queue.ready_o
2,i_instr_queue.gen_instr_fifo[0].i_fifo_instr_data.flush_i,icache_dreq_o.req
2,i_instr_queue.gen_instr_fifo[0].i_fifo_instr_data.flush_i,instr_queue_ready
2,i_instr_queue.gen_instr_fifo[0].i_fifo_instr_data.gate_clock,gen_instr_scan[1].i_instr_scan.is_rvc
2,i_instr_queue.gen_instr_fifo[0].i_fifo_instr_data.pop_i,gen_instr_scan[1].i_instr_scan.is_rvc
2,i_instr_queue.gen_instr_fifo[0].i_fifo_instr_data.push_i,gen_instr_scan[1].i_instr_scan.is_rvc
2,i_instr_queue.gen_instr_fifo[0].i_fifo_instr_data.read_pointer_n[0],gen_instr_scan[1].i_instr_scan.is_rvc
2,i_instr_queue.gen_instr_fifo[0].i_fifo_instr_data.read_pointer_n[1],gen_instr_scan[1].i_instr_scan.is_rvc
2,i_instr_queue.gen_instr_fifo[0].i_fifo_instr_data.read_pointer_q[0],gen_instr_scan[1].i_instr_scan.is_rvc
2,i_instr_queue.gen_instr_fifo[0].i_fifo_instr_data.read_pointer_q[1],gen_instr_scan[1].i_instr_scan.is_rvc
2,i_instr_queue.gen_instr_fifo[0].i_fifo_instr_data.usage_o[0],gen_instr_scan[1].i_instr_scan.is_rvc
2,i_instr_queue.gen_instr_fifo[0].i_fifo_instr_data.usage_o[1],gen_instr_scan[1].i_instr_scan.is_rvc
2,i_instr_queue.gen_instr_fifo[0].i_fifo_instr_data.write_pointer_n[0],gen_instr_scan[1].i_instr_scan.is_rvc
2,i_instr_queue.gen_instr_fifo[0].i_fifo_instr_data.write_pointer_n[1],gen_instr_scan[1].i_instr_scan.is_rvc
2,i_instr_queue.gen_instr_fifo[0].i_fifo_instr_data.write_pointer_q[0],gen_instr_scan[1].i_instr_scan.is_rvc
2,i_instr_queue.gen_instr_fifo[0].i_fifo_instr_data.write_pointer_q[1],gen_instr_scan[1].i_instr_scan.is_rvc
2,i_instr_queue.gen_instr_fifo[1].i_fifo_instr_data.flush_i,gen_instr_scan[1].i_instr_scan.is_rvc
2,i_instr_queue.gen_instr_fifo[1].i_fifo_instr_data.flush_i,i_instr_queue.gen_instr_fifo[0].i_fifo_instr_data.empty_o
2,i_instr_queue.gen_instr_fifo[1].i_fifo_instr_data.flush_i,i_instr_queue.gen_instr_fifo[1].i_fifo_instr_data.empty_o
2,i_instr_queue.gen_instr_fifo[1].i_fifo_instr_data.flush_i,i_instr_queue.idx_ds_d[0]
2,i_instr_queue.gen_instr_fifo[1].i_fifo_instr_data.flush_i,i_instr_queue.idx_ds_q[0]
2,i_instr_queue.gen_instr_fifo[1].i_fifo_instr_data.flush_i,i_instr_queue.instr_queue_empty[0]
2,i_instr_queue.gen_instr_fifo[1].i_fifo_instr_data.flush_i,i_instr_queue.instr_queue_empty[1]
2,i_instr_queue.gen_instr_fifo[1].i_fifo_instr_data.flush_i,i_instr_queue.ready_o
2,i_instr_queue.gen_instr_fifo[1].i_fifo_instr_data.flush_i,icache_dreq_o.req
2,i_instr_queue.gen_instr_fifo[1].i_fifo_instr_data.flush_i,instr_queue_ready
2,i_instr_queue.gen_instr_fifo[1].i_fifo_instr_data.gate_clock,gen_instr_scan[1].i_instr_scan.is_rvc
2,i_instr_queue.gen_instr_fifo[1].i_fifo_instr_data.pop_i,gen_instr_scan[1].i_instr_scan.is_rvc
2,i_instr_queue.gen_instr_fifo[1].i_fifo_instr_data.pop_i,i_instr_queue.idx_ds_q[0]
2,i_instr_queue.gen_instr_fifo[1].i_fifo_instr_data.push_i,gen_instr_scan[1].i_instr_scan.is_rvc
2,i_instr_queue.gen_instr_fifo[1].i_fifo_instr_data.read_pointer_n[0],gen_instr_scan[1].i_instr_scan.is_rvc
2,i_instr_queue.gen_instr_fifo[1].i_fifo_instr_data.read_pointer_n[1],gen_instr_scan[1].i_instr_scan.is_rvc
2,i_instr_queue.gen_instr_fifo[1].i_fifo_instr_data.read_pointer_q[0],gen_instr_scan[1].i_instr_scan.is_rvc
2,i_instr_queue.gen_instr_fifo[1].i_fifo_instr_data.read_pointer_q[1],gen_instr_scan[1].i_instr_scan.is_rvc
2,i_instr_queue.gen_instr_fifo[1].i_fifo_instr_data.usage_o[0],gen_instr_scan[1].i_instr_scan.is_rvc
2,i_instr_queue.gen_instr_fifo[1].i_fifo_instr_data.usage_o[1],gen_instr_scan[1].i_instr_scan.is_rvc
2,i_instr_queue.gen_instr_fifo[1].i_fifo_instr_data.write_pointer_n[0],gen_instr_scan[1].i_instr_scan.is_rvc
2,i_instr_queue.gen_instr_fifo[1].i_fifo_instr_data.write_pointer_n[1],gen_instr_scan[1].i_instr_scan.is_rvc
2,i_instr_queue.gen_instr_fifo[1].i_fifo_instr_data.write_pointer_q[0],gen_instr_scan[1].i_instr_scan.is_rvc
2,i_instr_queue.gen_instr_fifo[1].i_fifo_instr_data.write_pointer_q[1],gen_instr_scan[1].i_instr_scan.is_rvc
2,i_instr_queue.i_popcount.left_child_result[0],gen_instr_scan[1].i_instr_scan.is_rvc
2,i_instr_queue.i_popcount.padded_input[0],gen_instr_scan[1].i_instr_scan.is_rvc
2,i_instr_queue.i_popcount.padded_input[1],gen_instr_scan[1].i_instr_scan.is_rvc
2,i_instr_queue.i_popcount.popcount_o[0],gen_instr_scan[1].i_instr_scan.is_rvc
2,i_instr_queue.i_popcount.popcount_o[1],gen_instr_scan[1].i_instr_scan.is_rvc
2,i_instr_queue.i_popcount.right_child_result[0],gen_instr_scan[1].i_instr_scan.is_rvc
2,i_instr_queue.idx_ds_d[0],gen_instr_scan[1].i_instr_scan.is_rvc
2,i_instr_queue.idx_ds_d[0],i_instr_queue.idx_ds_q[0]
2,i_instr_queue.idx_ds_d[1],gen_instr_scan[1].i_instr_scan.is_rvc
2,i_instr_queue.idx_ds_q[0],gen_instr_scan[1].i_instr_scan.is_rvc
2,i_instr_queue.idx_ds_q[1],gen_instr_scan[1].i_instr_scan.is_rvc
2,i_instr_queue.idx_is_d[0],gen_instr_scan[1].i_instr_scan.is_rvc
2,i_instr_queue.idx_is_q[0],gen_instr_scan[1].i_instr_scan.is_rvc
2,i_instr_queue.instr_overflow,gen_instr_scan[1].i_instr_scan.is_rvc
2,i_instr_queue.instr_overflow_fifo[0],gen_instr_scan[1].i_instr_scan.is_rvc
2,i_instr_queue.instr_overflow_fifo[1],gen_instr_scan[1].i_instr_scan.is_rvc
2,i_instr_queue.instr_queue_full[0],gen_instr_scan[1].i_instr_scan.is_rvc
2,i_instr_queue.instr_queue_full[1],gen_instr_scan[1].i_instr_scan.is_rvc
2,i_instr_queue.instr_queue_usage[0][0],gen_instr_scan[1].i_instr_scan.is_rvc
2,i_instr_queue.instr_queue_usage[0][1],gen_instr_scan[1].i_instr_scan.is_rvc
2,i_instr_queue.instr_queue_usage[1][0],gen_instr_scan[1].i_instr_scan.is_rvc
2,i_instr_queue.instr_queue_usage[1][1],gen_instr_scan[1].i_instr_scan.is_rvc
2,i_instr_queue.pop_instr[0],gen_instr_scan[1].i_instr_scan.is_rvc
2,i_instr_queue.pop_instr[1],gen_instr_scan[1].i_instr_scan.is_rvc
2,i_instr_queue.pop_instr[1],i_instr_queue.idx_ds_q[0]
2,i_instr_queue.popcount[0],gen_instr_scan[1].i_instr_scan.is_rvc
2,i_instr_queue.popcount[1],gen_instr_scan[1].i_instr_scan.is_rvc
2,i_instr_queue.push_instr[0],gen_instr_scan[1].i_instr_scan.is_rvc
2,i_instr_queue.push_instr[1],gen_instr_scan[1].i_instr_scan.is_rvc
2,i_instr_queue.push_instr_fifo[0],gen_instr_scan[1].i_instr_scan.is_rvc
2,i_instr_queue.push_instr_fifo[1],gen_instr_scan[1].i_instr_scan.is_rvc
2,i_instr_queue.replay_o,gen_instr_scan[1].i_instr_scan.is_rvc
2,i_instr_queue.shamt[0],gen_instr_scan[1].i_instr_scan.is_rvc
2,i_instr_queue.taken[0],gen_instr_scan[1].i_instr_scan.is_rvc
2,i_instr_queue.taken[1],gen_instr_scan[1].i_instr_scan.is_rvc
2,i_instr_queue.valid[0],gen_instr_scan[1].i_instr_scan.is_rvc
2,i_instr_queue.valid[1],gen_instr_scan[1].i_instr_scan.is_rvc
2,i_instr_queue.valid_i[0],gen_instr_scan[1].i_instr_scan.is_rvc
2,i_instr_queue.valid_i[1],gen_instr_scan[1].i_instr_scan.is_rvc
2,i_instr_realign.flush_i,gen_instr_scan[1].i_instr_scan.is_rvc
2,i_instr_realign.serving_unaligned_o,gen_instr_scan[1].i_instr_scan.is_rvc
2,i_instr_realign.unaligned_d,gen_instr_scan[1].i_instr_scan.is_rvc
2,i_instr_realign.unaligned_q,gen_instr_scan[1].i_instr_scan.is_rvc
2,i_instr_realign.valid_i,gen_instr_scan[1].i_instr_scan.is_rvc
2,i_instr_realign.valid_o[0],gen_instr_scan[1].i_instr_scan.is_rvc
2,i_instr_realign.valid_o[1],gen_instr_scan[1].i_instr_scan.is_rvc
2,i_issue_read_operands.issue_instr_i.is_compressed,i_issue_read_operands.is_compressed_instr_o
2,i_issue_read_operands.issue_instr_i.is_compressed,is_compressed_instr_o
2,i_ras.pop_i,gen_instr_scan[1].i_instr_scan.is_rvc
2,i_ras.push_i,gen_instr_scan[1].i_instr_scan.is_rvc
2,i_ras.push_i,i_ras.data_o.valid
2,i_ras.push_i,i_ras.stack_q[0].valid
2,i_ras.push_i,ras_predict.valid
2,i_re_name.flush_i,i_issue_read_operands.fpu_ready_i
2,i_re_name.flush_i,i_issue_read_operands.lsu_ready_i
2,i_scoreboard.flush_i,i_issue_read_operands.fpu_ready_i
2,i_scoreboard.flush_i,i_issue_read_operands.lsu_ready_i
2,i_scoreboard.issue_instr_o.is_compressed,i_issue_read_operands.is_compressed_instr_o
2,i_scoreboard.issue_instr_o.is_compressed,is_compressed_instr_o
2,icache_dreq_i.ready,gen_instr_scan[1].i_instr_scan.is_rvc
2,icache_dreq_i.valid,gen_instr_scan[1].i_instr_scan.is_rvc
2,icache_dreq_i.valid,i_instr_realign.valid_i
2,icache_dreq_i.valid,icache_valid_q
2,icache_valid_q,gen_instr_scan[1].i_instr_scan.is_rvc
2,if_ready,gen_instr_scan[1].i_instr_scan.is_rvc
2,instr_queue_consumed[0],gen_instr_scan[1].i_instr_scan.is_rvc
2,instr_queue_consumed[1],gen_instr_scan[1].i_instr_scan.is_rvc
2,is_branch[0],gen_instr_scan[1].i_instr_scan.is_rvc
2,is_branch[1],gen_instr_scan[1].i_instr_scan.is_rvc
2,is_call[0],gen_instr_scan[1].i_instr_scan.is_rvc
2,is_call[1],gen_instr_scan[1].i_instr_scan.is_rvc
2,is_jalr[0],gen_instr_scan[1].i_instr_scan.is_rvc
2,is_jump[0],gen_instr_scan[1].i_instr_scan.is_rvc
2,is_jump[1],gen_instr_scan[1].i_instr_scan.is_rvc
2,is_mispredict,gen_instr_scan[1].i_instr_scan.is_rvc
2,is_mispredict,i_instr_queue.gen_instr_fifo[0].i_fifo_instr_data.empty_o
2,is_mispredict,i_instr_queue.gen_instr_fifo[1].i_fifo_instr_data.empty_o
2,is_mispredict,i_instr_queue.idx_ds_d[0]
2,is_mispredict,i_instr_queue.idx_ds_q[0]
2,is_mispredict,i_instr_queue.instr_queue_empty[0]
2,is_mispredict,i_instr_queue.instr_queue_empty[1]
2,is_mispredict,i_instr_queue.ready_o
2,is_mispredict,icache_dreq_o.req
2,is_mispredict,instr_queue_ready
2,is_return[0],gen_instr_scan[1].i_instr_scan.is_rvc
2,is_return[1],gen_instr_scan[1].i_instr_scan.is_rvc
2,issue_instr_sb_iro.is_compressed,i_issue_read_operands.is_compressed_instr_o
2,issue_instr_sb_iro.is_compressed,is_compressed_instr_o
2,issue_n.is_ctrl_flow,is_ctrl_flow_o
2,issue_n.is_ctrl_flow,issue_entry_o.use_imm
2,issue_n.is_ctrl_flow,issue_q.is_ctrl_flow
2,issue_n.is_ctrl_flow,issue_q.sbe.use_imm
2,issue_n.sbe.ex.valid,issue_entry_o.ex.valid
2,issue_n.sbe.ex.valid,issue_entry_o.valid
2,issue_n.sbe.ex.valid,issue_q.sbe.ex.valid
2,issue_n.sbe.ex.valid,issue_q.sbe.valid
2,issue_n.sbe.is_compressed,issue_entry_o.is_compressed
2,issue_n.sbe.is_compressed,issue_q.sbe.is_compressed
2,issue_n.sbe.use_imm,issue_entry_o.use_imm
2,issue_n.sbe.use_imm,issue_q.sbe.use_imm
2,issue_n.sbe.use_pc,issue_entry_o.use_imm
2,issue_n.sbe.use_pc,issue_entry_o.use_pc
2,issue_n.sbe.use_pc,issue_q.sbe.use_imm
2,issue_n.sbe.use_pc,issue_q.sbe.use_pc
2,issue_n.sbe.valid,issue_entry_o.ex.valid
2,issue_n.sbe.valid,issue_entry_o.valid
2,issue_n.sbe.valid,issue_q.sbe.ex.valid
2,issue_n.sbe.valid,issue_q.sbe.valid
2,issue_n.valid,issue_entry_valid_o
2,issue_n.valid,issue_q.valid
2,npc_rst_load_q,gen_instr_scan[1].i_instr_scan.is_rvc
2,npc_rst_load_q,i_instr_queue.gen_instr_fifo[0].i_fifo_instr_data.empty_o
2,npc_rst_load_q,i_instr_queue.gen_instr_fifo[1].i_fifo_instr_data.empty_o
2,npc_rst_load_q,i_instr_queue.idx_ds_d[0]
2,npc_rst_load_q,i_instr_queue.idx_ds_q[0]
2,npc_rst_load_q,i_instr_queue.instr_queue_empty[0]
2,npc_rst_load_q,i_instr_queue.instr_queue_empty[1]
2,npc_rst_load_q,i_instr_queue.ready_o
2,npc_rst_load_q,icache_dreq_o.req
2,npc_rst_load_q,instr_queue_ready
2,ras_pop,gen_instr_scan[1].i_instr_scan.is_rvc
2,ras_push,gen_instr_scan[1].i_instr_scan.is_rvc
2,ras_push,i_ras.data_o.valid
2,ras_push,i_ras.stack_q[0].valid
2,ras_push,ras_predict.valid
2,replay,gen_instr_scan[1].i_instr_scan.is_rvc
2,resolved_branch_i.is_mispredict,gen_instr_scan[1].i_instr_scan.is_rvc
2,resolved_branch_i.is_mispredict,i_instr_queue.gen_instr_fifo[0].i_fifo_instr_data.empty_o
2,resolved_branch_i.is_mispredict,i_instr_queue.gen_instr_fifo[1].i_fifo_instr_data.empty_o
2,resolved_branch_i.is_mispredict,i_instr_queue.idx_ds_d[0]
2,resolved_branch_i.is_mispredict,i_instr_queue.idx_ds_q[0]
2,resolved_branch_i.is_mispredict,i_instr_queue.instr_queue_empty[0]
2,resolved_branch_i.is_mispredict,i_instr_queue.instr_queue_empty[1]
2,resolved_branch_i.is_mispredict,i_instr_queue.ready_o
2,resolved_branch_i.is_mispredict,icache_dreq_o.req
2,resolved_branch_i.is_mispredict,instr_queue_ready
2,resolved_branch_i.is_taken,gen_instr_scan[1].i_instr_scan.is_rvc
2,resolved_branch_i.valid,gen_instr_scan[1].i_instr_scan.is_rvc
2,rvc_branch[0],gen_instr_scan[1].i_instr_scan.is_rvc
2,rvc_branch[1],gen_instr_scan[1].i_instr_scan.is_rvc
2,rvc_call[0],gen_instr_scan[1].i_instr_scan.is_rvc
2,rvc_call[1],gen_instr_scan[1].i_instr_scan.is_rvc
2,rvc_jalr[0],gen_instr_scan[1].i_instr_scan.is_rvc
2,rvc_jalr[1],gen_instr_scan[1].i_instr_scan.is_rvc
2,rvc_jr[0],gen_instr_scan[1].i_instr_scan.is_rvc
2,rvc_jr[1],gen_instr_scan[1].i_instr_scan.is_rvc
2,rvc_jump[0],gen_instr_scan[1].i_instr_scan.is_rvc
2,rvc_jump[1],gen_instr_scan[1].i_instr_scan.is_rvc
2,rvc_return[0],gen_instr_scan[1].i_instr_scan.is_rvc
2,rvc_return[1],gen_instr_scan[1].i_instr_scan.is_rvc
2,rvi_branch[0],gen_instr_scan[1].i_instr_scan.is_rvc
2,rvi_call[0],gen_instr_scan[1].i_instr_scan.is_rvc
2,rvi_jalr[0],gen_instr_scan[1].i_instr_scan.is_rvc
2,rvi_jump[0],gen_instr_scan[1].i_instr_scan.is_rvc
2,serving_unaligned,gen_instr_scan[1].i_instr_scan.is_rvc
2,shamt[0],gen_instr_scan[1].i_instr_scan.is_rvc
2,taken_rvc_cf[0],gen_instr_scan[1].i_instr_scan.is_rvc
2,taken_rvc_cf[1],gen_instr_scan[1].i_instr_scan.is_rvc
2,taken_rvi_cf[0],gen_instr_scan[1].i_instr_scan.is_rvc
4,alu_valid_i,fpu_ready_o
4,bp_valid,i_instr_queue.branch_empty
4,bp_valid,i_instr_queue.gen_instr_fifo[0].i_fifo_instr_data.gate_clock
4,bp_valid,i_instr_queue.gen_instr_fifo[1].i_fifo_instr_data.gate_clock
4,branch_valid_i,fpu_ready_o
4,btb_update.valid,i_instr_queue.branch_empty
4,btb_update.valid,i_instr_queue.gen_instr_fifo[0].i_fifo_instr_data.gate_clock
4,btb_update.valid,i_instr_queue.gen_instr_fifo[1].i_fifo_instr_data.gate_clock
4,commit_ack_i[0],i_issue_read_operands.fpu_ready_i
4,commit_ack_i[1],i_issue_read_operands.fpu_ready_i
4,csr_buffer_i.csr_reg_q.valid,fpu_ready_o
4,csr_commit_i,fpu_ready_o
4,csr_valid_i,fpu_ready_o
4,dcache_req_ports_i[1].data_gnt,fpu_ready_o
4,dcache_req_ports_i[1].data_rvalid,fpu_ready_o
4,dcache_req_ports_i[2].data_gnt,fpu_ready_o
4,dcache_req_ports_i[2].data_gnt,lsu_commit_ready_o
4,dcache_wbuffer_empty_i,lsu_commit_ready_o
4,debug_mode_i,decoder_i.priv_lvl_i[0]
4,debug_mode_i,decoder_i.priv_lvl_i[1]
4,debug_mode_i,fpu_ready_o
4,debug_mode_i,i_instr_queue.ready_o
4,debug_mode_i,icache_dreq_o.req
4,debug_mode_i,instr_queue_ready
4,debug_mode_i,lsu_commit_ready_o
4,debug_mode_i,lsu_ready_o
4,debug_req_i,decoder_i.priv_lvl_i[0]
4,debug_req_i,decoder_i.priv_lvl_i[1]
4,decoded_instr_i.ex.valid,i_issue_read_operands.fpu_ready_i
4,decoded_instr_i.is_compressed,i_issue_read_operands.is_compressed_instr_o
4,decoded_instr_i.is_compressed,is_compressed_instr_o
4,decoded_instr_i.use_pc,i_issue_read_operands.fpu_ready_i
4,decoded_instr_i.valid,i_issue_read_operands.fpu_ready_i
4,decoder_i.debug_mode_i,decoder_i.priv_lvl_i[0]
4,decoder_i.debug_mode_i,decoder_i.priv_lvl_i[1]
4,decoder_i.debug_req_i,decoder_i.priv_lvl_i[0]
4,decoder_i.debug_req_i,decoder_i.priv_lvl_i[1]
4,eret_i,i_instr_queue.branch_empty
4,eret_i,i_instr_queue.gen_instr_fifo[0].i_fifo_instr_data.gate_clock
4,eret_i,i_instr_queue.gen_instr_fifo[1].i_fifo_instr_data.gate_clock
4,ex_valid_i,i_instr_queue.branch_empty
4,ex_valid_i,i_instr_queue.gen_instr_fifo[0].i_fifo_instr_data.gate_clock
4,ex_valid_i,i_instr_queue.gen_instr_fifo[1].i_fifo_instr_data.gate_clock
4,flush_i,flu_ready_o
4,flush_i,i_instr_queue.branch_empty
4,flush_i,i_instr_queue.gen_instr_fifo[0].i_fifo_instr_data.gate_clock
4,flush_i,i_instr_queue.gen_instr_fifo[1].i_fifo_instr_data.gate_clock
4,flush_i,i_issue_read_operands.flu_ready_i
4,flush_unissued_instr_i,i_issue_read_operands.fpu_ready_i
4,i_bht.debug_mode_i,i_instr_queue.ready_o
4,i_bht.debug_mode_i,icache_dreq_o.req
4,i_bht.debug_mode_i,instr_queue_ready
4,i_btb.btb_update_i.valid,i_instr_queue.branch_empty
4,i_btb.btb_update_i.valid,i_instr_queue.gen_instr_fifo[0].i_fifo_instr_data.gate_clock
4,i_btb.btb_update_i.valid,i_instr_queue.gen_instr_fifo[1].i_fifo_instr_data.gate_clock
4,i_btb.debug_mode_i,i_instr_queue.ready_o
4,i_btb.debug_mode_i,icache_dreq_o.req
4,i_btb.debug_mode_i,instr_queue_ready
4,i_instr_queue.flush_i,i_instr_queue.branch_empty
4,i_instr_queue.flush_i,i_instr_queue.gen_instr_fifo[0].i_fifo_instr_data.gate_clock
4,i_instr_queue.flush_i,i_instr_queue.gen_instr_fifo[1].i_fifo_instr_data.gate_clock
4,i_instr_queue.gen_instr_fifo[0].i_fifo_instr_data.flush_i,i_instr_queue.branch_empty
4,i_instr_queue.gen_instr_fifo[0].i_fifo_instr_data.flush_i,i_instr_queue.gen_instr_fifo[0].i_fifo_instr_data.gate_clock
4,i_instr_queue.gen_instr_fifo[0].i_fifo_instr_data.flush_i,i_instr_queue.gen_instr_fifo[1].i_fifo_instr_data.gate_clock
4,i_instr_queue.gen_instr_fifo[1].i_fifo_instr_data.flush_i,i_instr_queue.branch_empty
4,i_instr_queue.gen_instr_fifo[1].i_fifo_instr_data.flush_i,i_instr_queue.gen_instr_fifo[0].i_fifo_instr_data.gate_clock
4,i_instr_queue.gen_instr_fifo[1].i_fifo_instr_data.flush_i,i_instr_queue.gen_instr_fifo[1].i_fifo_instr_data.gate_clock
4,i_instr_queue.instr_overflow,i_instr_queue.branch_empty
4,i_instr_queue.instr_overflow,i_instr_queue.gen_instr_fifo[0].i_fifo_instr_data.gate_clock
4,i_instr_queue.instr_overflow,i_instr_queue.gen_instr_fifo[1].i_fifo_instr_data.gate_clock
4,i_instr_queue.instr_overflow_fifo[0],i_instr_queue.branch_empty
4,i_instr_queue.instr_overflow_fifo[0],i_instr_queue.gen_instr_fifo[0].i_fifo_instr_data.gate_clock
4,i_instr_queue.instr_overflow_fifo[0],i_instr_queue.gen_instr_fifo[1].i_fifo_instr_data.gate_clock
4,i_instr_queue.instr_overflow_fifo[1],i_instr_queue.branch_empty
4,i_instr_queue.instr_overflow_fifo[1],i_instr_queue.gen_instr_fifo[0].i_fifo_instr_data.gate_clock
4,i_instr_queue.instr_overflow_fifo[1],i_instr_queue.gen_instr_fifo[1].i_fifo_instr_data.gate_clock
4,i_instr_queue.replay_o,i_instr_queue.branch_empty
4,i_instr_queue.replay_o,i_instr_queue.gen_instr_fifo[0].i_fifo_instr_data.gate_clock
4,i_instr_queue.replay_o,i_instr_queue.gen_instr_fifo[1].i_fifo_instr_data.gate_clock
4,i_instr_queue.taken[0],i_instr_queue.branch_empty
4,i_instr_queue.taken[0],i_instr_queue.gen_instr_fifo[0].i_fifo_instr_data.gate_clock
4,i_instr_queue.taken[0],i_instr_queue.gen_instr_fifo[1].i_fifo_instr_data.gate_clock
4,i_instr_queue.taken[1],i_instr_queue.branch_empty
4,i_instr_queue.taken[1],i_instr_queue.gen_instr_fifo[0].i_fifo_instr_data.gate_clock
4,i_instr_queue.taken[1],i_instr_queue.gen_instr_fifo[1].i_fifo_instr_data.gate_clock
4,i_instr_realign.flush_i,i_instr_queue.branch_empty
4,i_instr_realign.flush_i,i_instr_queue.gen_instr_fifo[0].i_fifo_instr_data.gate_clock
4,i_instr_realign.flush_i,i_instr_queue.gen_instr_fifo[1].i_fifo_instr_data.gate_clock
4,i_issue_read_operands.alu_valid_o,i_issue_read_operands.fpu_ready_i
4,i_issue_read_operands.alu_valid_q,i_issue_read_operands.fpu_ready_i
4,i_issue_read_operands.branch_valid_o,i_issue_read_operands.fpu_ready_i
4,i_issue_read_operands.branch_valid_q,i_issue_read_operands.fpu_ready_i
4,i_issue_read_operands.csr_valid_o,i_issue_read_operands.fpu_ready_i
4,i_issue_read_operands.csr_valid_q,i_issue_read_operands.fpu_ready_i
4,i_issue_read_operands.flush_i,i_issue_read_operands.fpu_ready_i
4,i_issue_read_operands.issue_instr_i.ex.valid,i_issue_read_operands.fpu_ready_i
4,i_issue_read_operands.issue_instr_i.use_pc,i_issue_read_operands.fpu_ready_i
4,i_issue_read_operands.issue_instr_i.valid,i_issue_read_operands.fpu_ready_i
4,i_issue_read_operands.lsu_valid_o,i_issue_read_operands.fpu_ready_i
4,i_issue_read_operands.lsu_valid_q,i_issue_read_operands.fpu_ready_i
4,i_issue_read_operands.mult_valid_o,i_issue_read_operands.fpu_ready_i
4,i_issue_read_operands.mult_valid_q,i_issue_read_operands.fpu_ready_i
4,i_issue_read_operands.orig_instr.atype.aq,i_issue_read_operands.fpu_ready_i
4,i_issue_read_operands.orig_instr.atype.rl,i_issue_read_operands.fpu_ready_i
4,i_issue_read_operands.stall,i_issue_read_operands.fpu_ready_i
4,i_issue_read_operands.we_fpr_i[0],i_issue_read_operands.fpu_ready_i
4,i_issue_read_operands.we_gpr_i[0],i_issue_read_operands.fpu_ready_i
4,i_issue_read_operands.we_gpr_i[1],i_issue_read_operands.fpu_ready_i
4,i_issue_read_operands.we_pack[0],i_issue_read_operands.fpu_ready_i
4,i_issue_read_operands.we_pack[1],i_issue_read_operands.fpu_ready_i
4,i_mult.i_div.state_q[0],fpu_ready_o
4,i_mult.i_multiplier.mult_valid_o,fpu_ready_o
4,i_mult.mul_valid,fpu_ready_o
4,i_ras.pop_i,i_instr_queue.branch_empty
4,i_ras.pop_i,i_instr_queue.gen_instr_fifo[0].i_fifo_instr_data.gate_clock
4,i_ras.pop_i,i_instr_queue.gen_instr_fifo[1].i_fifo_instr_data.gate_clock
4,i_re_name.flush_i,i_issue_read_operands.flu_ready_i
4,i_re_name.flush_unissied_instr_i,i_issue_read_operands.fpu_ready_i
4,i_re_name.issue_instr_i.ex.valid,i_issue_read_operands.fpu_ready_i
4,i_re_name.issue_instr_i.is_compressed,i_issue_read_operands.is_compressed_instr_o
4,i_re_name.issue_instr_i.is_compressed,is_compressed_instr_o
4,i_re_name.issue_instr_i.use_pc,i_issue_read_operands.fpu_ready_i
4,i_re_name.issue_instr_i.valid,i_issue_read_operands.fpu_ready_i
4,i_re_name.issue_instr_o.ex.valid,i_issue_read_operands.fpu_ready_i
4,i_re_name.issue_instr_o.is_compressed,i_issue_read_operands.is_compressed_instr_o
4,i_re_name.issue_instr_o.is_compressed,is_compressed_instr_o
4,i_re_name.issue_instr_o.use_pc,i_issue_read_operands.fpu_ready_i
4,i_re_name.issue_instr_o.valid,i_issue_read_operands.fpu_ready_i
4,i_scoreboard.commit_ack_i[0],i_issue_read_operands.fpu_ready_i
4,i_scoreboard.commit_ack_i[1],i_issue_read_operands.fpu_ready_i
4,i_scoreboard.commit_instr_o[0].ex.valid,i_issue_read_operands.flu_ready_i
4,i_scoreboard.commit_instr_o[0].ex.valid,i_issue_read_operands.fpu_ready_i
4,i_scoreboard.commit_instr_o[0].ex.valid,i_issue_read_operands.lsu_ready_i
4,i_scoreboard.commit_instr_o[0].is_compressed,i_issue_read_operands.fpu_ready_i
4,i_scoreboard.commit_instr_o[0].use_imm,i_issue_read_operands.fpu_ready_i
4,i_scoreboard.commit_instr_o[0].use_pc,i_issue_read_operands.fpu_ready_i
4,i_scoreboard.commit_instr_o[0].valid,i_issue_read_operands.fpu_ready_i
4,i_scoreboard.commit_instr_o[1].ex.valid,i_issue_read_operands.fpu_ready_i
4,i_scoreboard.commit_instr_o[1].is_compressed,i_issue_read_operands.fpu_ready_i
4,i_scoreboard.commit_instr_o[1].use_imm,i_issue_read_operands.fpu_ready_i
4,i_scoreboard.commit_instr_o[1].use_pc,i_issue_read_operands.fpu_ready_i
4,i_scoreboard.commit_instr_o[1].valid,i_issue_read_operands.fpu_ready_i
4,i_scoreboard.decoded_instr_i.ex.valid,i_issue_read_operands.fpu_ready_i
4,i_scoreboard.decoded_instr_i.is_compressed,i_issue_read_operands.is_compressed_instr_o
4,i_scoreboard.decoded_instr_i.is_compressed,is_compressed_instr_o
4,i_scoreboard.decoded_instr_i.use_pc,i_issue_read_operands.fpu_ready_i
4,i_scoreboard.decoded_instr_i.valid,i_issue_read_operands.fpu_ready_i
4,i_scoreboard.flush_i,i_issue_read_operands.flu_ready_i
4,i_scoreboard.flush_unissued_instr_i,i_issue_read_operands.fpu_ready_i
4,i_scoreboard.i_popcount.data_i[0],i_issue_read_operands.fpu_ready_i
4,i_scoreboard.i_popcount.data_i[1],i_issue_read_operands.fpu_ready_i
4,i_scoreboard.i_popcount.left_child_result[0],i_issue_read_operands.fpu_ready_i
4,i_scoreboard.i_popcount.padded_input[0],i_issue_read_operands.fpu_ready_i
4,i_scoreboard.i_popcount.padded_input[1],i_issue_read_operands.fpu_ready_i
4,i_scoreboard.i_popcount.popcount_o[0],i_issue_read_operands.fpu_ready_i
4,i_scoreboard.i_popcount.popcount_o[1],i_issue_read_operands.fpu_ready_i
4,i_scoreboard.i_popcount.right_child_result[0],i_issue_read_operands.fpu_ready_i
4,i_scoreboard.issue_instr_o.ex.valid,i_issue_read_operands.fpu_ready_i
4,i_scoreboard.issue_instr_o.use_pc,i_issue_read_operands.fpu_ready_i
4,i_scoreboard.issue_instr_o.valid,i_issue_read_operands.fpu_ready_i
4,i_scoreboard.mem_n[0].is_rd_fpr_flag,i_scoreboard.mem_q[0].is_rd_fpr_flag
4,i_scoreboard.mem_n[0].issued,i_scoreboard.mem_q[0].issued
4,i_scoreboard.mem_n[0].sbe.ex.valid,i_issue_read_operands.fpu_ready_i
4,i_scoreboard.mem_n[0].sbe.ex.valid,i_scoreboard.mem_q[0].issued
4,i_scoreboard.mem_n[0].sbe.ex.valid,i_scoreboard.mem_q[0].sbe.ex.valid
4,i_scoreboard.mem_n[0].sbe.ex.valid,i_scoreboard.mem_q[0].sbe.valid
4,i_scoreboard.mem_n[0].sbe.is_compressed,i_issue_read_operands.fpu_ready_i
4,i_scoreboard.mem_n[0].sbe.is_compressed,i_scoreboard.mem_q[0].sbe.is_compressed
4,i_scoreboard.mem_n[0].sbe.use_pc,i_issue_read_operands.fpu_ready_i
4,i_scoreboard.mem_n[0].sbe.use_pc,i_scoreboard.mem_q[0].sbe.use_imm
4,i_scoreboard.mem_n[0].sbe.use_pc,i_scoreboard.mem_q[0].sbe.use_pc
4,i_scoreboard.mem_n[0].sbe.valid,i_issue_read_operands.fpu_ready_i
4,i_scoreboard.mem_n[0].sbe.valid,i_scoreboard.mem_q[0].issued
4,i_scoreboard.mem_n[0].sbe.valid,i_scoreboard.mem_q[0].sbe.valid
4,i_scoreboard.mem_q[0].sbe.ex.valid,i_issue_read_operands.fpu_ready_i
4,i_scoreboard.mem_q[0].sbe.is_compressed,i_issue_read_operands.fpu_ready_i
4,i_scoreboard.mem_q[0].sbe.use_pc,i_issue_read_operands.fpu_ready_i
4,i_scoreboard.mem_q[0].sbe.valid,i_issue_read_operands.fpu_ready_i
4,i_scoreboard.num_commit[0],i_issue_read_operands.fpu_ready_i
4,i_scoreboard.num_commit[1],i_issue_read_operands.fpu_ready_i
4,i_scoreboard.resolved_branch_i.is_mispredict,i_issue_read_operands.fpu_ready_i
4,i_scoreboard.resolved_branch_i.is_taken,i_issue_read_operands.fpu_ready_i
4,i_scoreboard.resolved_branch_i.valid,i_issue_read_operands.fpu_ready_i
4,i_scoreboard.wt_valid_i[0],i_issue_read_operands.fpu_ready_i
4,i_scoreboard.wt_valid_i[1],i_issue_read_operands.fpu_ready_i
4,i_scoreboard.wt_valid_i[2],i_issue_read_operands.fpu_ready_i
4,i_scoreboard.wt_valid_i[3],i_issue_read_operands.fpu_ready_i
4,is_jalr[0],i_instr_queue.branch_empty
4,is_jump[0],i_instr_queue.branch_empty
4,is_jump[0],i_instr_queue.gen_instr_fifo[0].i_fifo_instr_data.gate_clock
4,is_jump[0],i_instr_queue.gen_instr_fifo[1].i_fifo_instr_data.gate_clock
4,is_jump[1],i_instr_queue.branch_empty
4,is_jump[1],i_instr_queue.gen_instr_fifo[0].i_fifo_instr_data.gate_clock
4,is_jump[1],i_instr_queue.gen_instr_fifo[1].i_fifo_instr_data.gate_clock
4,is_mispredict,i_instr_queue.branch_empty
4,is_mispredict,i_instr_queue.gen_instr_fifo[0].i_fifo_instr_data.gate_clock
4,is_mispredict,i_instr_queue.gen_instr_fifo[1].i_fifo_instr_data.gate_clock
4,is_return[0],i_instr_queue.branch_empty
4,is_return[0],i_instr_queue.gen_instr_fifo[0].i_fifo_instr_data.gate_clock
4,is_return[0],i_instr_queue.gen_instr_fifo[1].i_fifo_instr_data.gate_clock
4,is_return[1],i_instr_queue.branch_empty
4,is_return[1],i_instr_queue.gen_instr_fifo[0].i_fifo_instr_data.gate_clock
4,is_return[1],i_instr_queue.gen_instr_fifo[1].i_fifo_instr_data.gate_clock
4,issue_instr_rename_sb.ex.valid,i_issue_read_operands.fpu_ready_i
4,issue_instr_rename_sb.is_compressed,i_issue_read_operands.is_compressed_instr_o
4,issue_instr_rename_sb.is_compressed,is_compressed_instr_o
4,issue_instr_rename_sb.use_pc,i_issue_read_operands.fpu_ready_i
4,issue_instr_rename_sb.valid,i_issue_read_operands.fpu_ready_i
4,issue_instr_sb_iro.ex.valid,i_issue_read_operands.fpu_ready_i
4,issue_instr_sb_iro.use_pc,i_issue_read_operands.fpu_ready_i
4,issue_instr_sb_iro.valid,i_issue_read_operands.fpu_ready_i
4,lsu_commit_i,fpu_ready_o
4,lsu_i.i_store_unit.state_q[0],fpu_ready_o
4,lsu_i.i_store_unit.state_q[1],fpu_ready_o
4,lsu_i.i_store_unit.store_buffer_i.commit_queue_q[0].valid,fpu_ready_o
4,lsu_i.i_store_unit.store_buffer_i.commit_queue_q[1].valid,fpu_ready_o
4,lsu_i.i_store_unit.store_buffer_i.commit_queue_q[2].valid,flu_ready_o
4,lsu_i.i_store_unit.store_buffer_i.commit_queue_q[2].valid,fpu_ready_o
4,lsu_i.i_store_unit.store_buffer_i.commit_queue_q[2].valid,lsu_commit_ready_o
4,lsu_i.i_store_unit.store_buffer_i.commit_queue_q[2].valid,lsu_i.i_store_unit.store_buffer_i.commit_read_pointer_q[0]
4,lsu_i.i_store_unit.store_buffer_i.commit_queue_q[2].valid,lsu_i.i_store_unit.store_buffer_i.commit_read_pointer_q[1]
4,lsu_i.i_store_unit.store_buffer_i.commit_queue_q[2].valid,lsu_i.i_store_unit.store_buffer_i.commit_write_pointer_q[0]
4,lsu_i.i_store_unit.store_buffer_i.commit_queue_q[2].valid,lsu_i.i_store_unit.store_buffer_i.commit_write_pointer_q[1]
4,lsu_i.i_store_unit.store_buffer_i.commit_queue_q[2].valid,lsu_i.i_store_unit.store_buffer_i.speculative_read_pointer_q[0]
4,lsu_i.i_store_unit.store_buffer_i.commit_queue_q[2].valid,lsu_i.i_store_unit.store_buffer_i.speculative_read_pointer_q[1]
4,lsu_i.i_store_unit.store_buffer_i.commit_queue_q[2].valid,lsu_i.i_store_unit.store_buffer_i.speculative_write_pointer_q[0]
4,lsu_i.i_store_unit.store_buffer_i.commit_queue_q[2].valid,lsu_i.i_store_unit.store_buffer_i.speculative_write_pointer_q[1]
4,lsu_i.i_store_unit.store_buffer_i.commit_queue_q[2].valid,lsu_ready_o
4,lsu_i.i_store_unit.store_buffer_i.commit_queue_q[2].valid,no_st_pending_o
4,lsu_i.i_store_unit.store_buffer_i.commit_queue_q[3].valid,flu_ready_o
4,lsu_i.i_store_unit.store_buffer_i.commit_queue_q[3].valid,fpu_ready_o
4,lsu_i.i_store_unit.store_buffer_i.commit_queue_q[3].valid,lsu_commit_ready_o
4,lsu_i.i_store_unit.store_buffer_i.commit_queue_q[3].valid,lsu_i.lsu_bypass_i.read_pointer_q
4,lsu_i.i_store_unit.store_buffer_i.commit_queue_q[3].valid,lsu_i.lsu_bypass_i.write_pointer_q
4,lsu_i.i_store_unit.store_buffer_i.commit_queue_q[3].valid,lsu_ready_o
4,lsu_i.i_store_unit.store_buffer_i.commit_queue_q[3].valid,no_st_pending_o
4,lsu_i.i_store_unit.store_buffer_i.commit_read_pointer_q[0],fpu_ready_o
4,lsu_i.i_store_unit.store_buffer_i.commit_read_pointer_q[1],fpu_ready_o
4,lsu_i.i_store_unit.store_buffer_i.commit_read_pointer_q[1],lsu_commit_ready_o
4,lsu_i.i_store_unit.store_buffer_i.commit_read_pointer_q[1],lsu_ready_o
4,lsu_i.i_store_unit.store_buffer_i.commit_write_pointer_q[0],fpu_ready_o
4,lsu_i.i_store_unit.store_buffer_i.commit_write_pointer_q[1],fpu_ready_o
4,lsu_i.i_store_unit.store_buffer_i.commit_write_pointer_q[1],lsu_commit_ready_o
4,lsu_i.i_store_unit.store_buffer_i.commit_write_pointer_q[1],lsu_i.i_store_unit.store_buffer_i.commit_read_pointer_q[1]
4,lsu_i.i_store_unit.store_buffer_i.commit_write_pointer_q[1],lsu_ready_o
4,lsu_i.i_store_unit.store_buffer_i.speculative_queue_q[0].valid,fpu_ready_o
4,lsu_i.i_store_unit.store_buffer_i.speculative_queue_q[1].valid,fpu_ready_o
4,lsu_i.i_store_unit.store_buffer_i.speculative_queue_q[2].valid,flu_ready_o
4,lsu_i.i_store_unit.store_buffer_i.speculative_queue_q[2].valid,fpu_ready_o
4,lsu_i.i_store_unit.store_buffer_i.speculative_queue_q[2].valid,lsu_commit_ready_o
4,lsu_i.i_store_unit.store_buffer_i.speculative_queue_q[2].valid,lsu_i.i_store_unit.store_buffer_i.commit_queue_q[2].valid
4,lsu_i.i_store_unit.store_buffer_i.speculative_queue_q[2].valid,lsu_i.i_store_unit.store_buffer_i.commit_read_pointer_q[1]
4,lsu_i.i_store_unit.store_buffer_i.speculative_queue_q[2].valid,lsu_i.i_store_unit.store_buffer_i.commit_write_pointer_q[0]
4,lsu_i.i_store_unit.store_buffer_i.speculative_queue_q[2].valid,lsu_i.i_store_unit.store_buffer_i.commit_write_pointer_q[1]
4,lsu_i.i_store_unit.store_buffer_i.speculative_queue_q[2].valid,lsu_i.i_store_unit.store_buffer_i.speculative_read_pointer_q[0]
4,lsu_i.i_store_unit.store_buffer_i.speculative_queue_q[2].valid,lsu_i.i_store_unit.store_buffer_i.speculative_read_pointer_q[1]
4,lsu_i.i_store_unit.store_buffer_i.speculative_queue_q[2].valid,lsu_i.i_store_unit.store_buffer_i.speculative_write_pointer_q[0]
4,lsu_i.i_store_unit.store_buffer_i.speculative_queue_q[2].valid,lsu_i.i_store_unit.store_buffer_i.speculative_write_pointer_q[1]
4,lsu_i.i_store_unit.store_buffer_i.speculative_queue_q[2].valid,lsu_ready_o
4,lsu_i.i_store_unit.store_buffer_i.speculative_queue_q[3].valid,flu_ready_o
4,lsu_i.i_store_unit.store_buffer_i.speculative_queue_q[3].valid,fpu_ready_o
4,lsu_i.i_store_unit.store_buffer_i.speculative_queue_q[3].valid,lsu_commit_ready_o
4,lsu_i.i_store_unit.store_buffer_i.speculative_queue_q[3].valid,lsu_i.i_store_unit.store_buffer_i.commit_queue_q[3].valid
4,lsu_i.i_store_unit.store_buffer_i.speculative_queue_q[3].valid,lsu_i.i_store_unit.store_buffer_i.commit_read_pointer_q[0]
4,lsu_i.i_store_unit.store_buffer_i.speculative_queue_q[3].valid,lsu_i.i_store_unit.store_buffer_i.commit_read_pointer_q[1]
4,lsu_i.i_store_unit.store_buffer_i.speculative_queue_q[3].valid,lsu_i.lsu_bypass_i.read_pointer_q
4,lsu_i.i_store_unit.store_buffer_i.speculative_queue_q[3].valid,lsu_i.lsu_bypass_i.write_pointer_q
4,lsu_i.i_store_unit.store_buffer_i.speculative_queue_q[3].valid,lsu_ready_o
4,lsu_i.i_store_unit.store_buffer_i.speculative_read_pointer_q[0],fpu_ready_o
4,lsu_i.i_store_unit.store_buffer_i.speculative_read_pointer_q[1],fpu_ready_o
4,lsu_i.i_store_unit.store_buffer_i.speculative_read_pointer_q[1],lsu_commit_ready_o
4,lsu_i.i_store_unit.store_buffer_i.speculative_read_pointer_q[1],lsu_i.i_store_unit.store_buffer_i.commit_read_pointer_q[1]
4,lsu_i.i_store_unit.store_buffer_i.speculative_read_pointer_q[1],lsu_ready_o
4,lsu_i.i_store_unit.store_buffer_i.speculative_write_pointer_q[0],fpu_ready_o
4,lsu_i.i_store_unit.store_buffer_i.speculative_write_pointer_q[1],fpu_ready_o
4,lsu_i.i_store_unit.store_buffer_i.speculative_write_pointer_q[1],lsu_commit_ready_o
4,lsu_i.i_store_unit.store_buffer_i.speculative_write_pointer_q[1],lsu_i.i_store_unit.store_buffer_i.commit_write_pointer_q[1]
4,lsu_i.i_store_unit.store_buffer_i.speculative_write_pointer_q[1],lsu_i.i_store_unit.store_buffer_i.speculative_read_pointer_q[1]
4,lsu_i.i_store_unit.store_buffer_i.speculative_write_pointer_q[1],lsu_ready_o
4,lsu_i.lsu_bypass_i.mem_q[0].valid,fpu_ready_o
4,lsu_i.lsu_bypass_i.mem_q[1].valid,fpu_ready_o
4,lsu_i.lsu_bypass_i.read_pointer_q,fpu_ready_o
4,lsu_i.lsu_bypass_i.status_cnt_q[0],fpu_ready_o
4,lsu_i.lsu_bypass_i.status_cnt_q[1],fpu_ready_o
4,lsu_i.lsu_bypass_i.write_pointer_q,fpu_ready_o
4,lsu_valid_i,fpu_ready_o
4,mult_valid_i,fpu_ready_o
4,npc_rst_load_q,gen_instr_scan[0].i_instr_scan.is_rvc
4,npc_rst_load_q,i_instr_queue.branch_empty
4,npc_rst_load_q,i_instr_queue.gen_instr_fifo[0].i_fifo_instr_data.gate_clock
4,npc_rst_load_q,i_instr_queue.gen_instr_fifo[1].i_fifo_instr_data.gate_clock
4,ras_pop,i_instr_queue.branch_empty
4,ras_pop,i_instr_queue.gen_instr_fifo[0].i_fifo_instr_data.gate_clock
4,ras_pop,i_instr_queue.gen_instr_fifo[1].i_fifo_instr_data.gate_clock
4,replay,i_instr_queue.branch_empty
4,replay,i_instr_queue.gen_instr_fifo[0].i_fifo_instr_data.gate_clock
4,replay,i_instr_queue.gen_instr_fifo[1].i_fifo_instr_data.gate_clock
4,resolve_branch_i,i_issue_read_operands.fpu_ready_i
4,resolved_branch_i.is_mispredict,i_instr_queue.branch_empty
4,resolved_branch_i.is_mispredict,i_instr_queue.gen_instr_fifo[0].i_fifo_instr_data.gate_clock
4,resolved_branch_i.is_mispredict,i_instr_queue.gen_instr_fifo[1].i_fifo_instr_data.gate_clock
4,resolved_branch_i.is_mispredict,i_issue_read_operands.fpu_ready_i
4,resolved_branch_i.is_taken,i_issue_read_operands.fpu_ready_i
4,resolved_branch_i.valid,i_issue_read_operands.fpu_ready_i
4,taken_rvc_cf[0],gen_instr_scan[0].i_instr_scan.is_rvc
4,taken_rvc_cf[0],i_instr_queue.branch_empty
4,taken_rvc_cf[0],i_instr_queue.gen_instr_fifo[0].i_fifo_instr_data.gate_clock
4,taken_rvc_cf[0],i_instr_queue.gen_instr_fifo[1].i_fifo_instr_data.gate_clock
4,taken_rvc_cf[1],i_instr_queue.branch_empty
4,taken_rvc_cf[1],i_instr_queue.gen_instr_fifo[0].i_fifo_instr_data.gate_clock
4,taken_rvc_cf[1],i_instr_queue.gen_instr_fifo[1].i_fifo_instr_data.gate_clock
4,taken_rvi_cf[0],i_instr_queue.branch_empty
4,taken_rvi_cf[0],i_instr_queue.gen_instr_fifo[0].i_fifo_instr_data.gate_clock
4,taken_rvi_cf[0],i_instr_queue.gen_instr_fifo[1].i_fifo_instr_data.gate_clock
4,we_fpr_i[0],i_issue_read_operands.fpu_ready_i
4,we_gpr_i[0],i_issue_read_operands.fpu_ready_i
4,we_gpr_i[1],i_issue_read_operands.fpu_ready_i
4,wt_valid_i[0],i_issue_read_operands.fpu_ready_i
4,wt_valid_i[1],i_issue_read_operands.fpu_ready_i
4,wt_valid_i[2],i_issue_read_operands.fpu_ready_i
4,wt_valid_i[3],i_issue_read_operands.fpu_ready_i
