"cex","alu_valid_i","flu_ready_o"
"cex","alu_valid_i","fpu_ready_o"
"cex","alu_valid_i","lsu_commit_ready_o"
"cex","alu_valid_i","lsu_ready_o"
"cex","alu_valid_i","no_st_pending_o"
"cex","bht_prediction[0].taken","i_ras.data_o.valid"
"cex","bht_prediction[0].taken","i_ras.stack_d[0].valid"
"cex","bht_prediction[0].taken","i_ras.stack_q[0].valid"
"cex","bht_prediction[0].taken","ras_predict.valid"
"cex","bht_update.taken","i_instr_queue.branch_empty"
"cex","bht_update.taken","i_instr_queue.gen_instr_fifo[0].i_fifo_instr_data.empty_o"
"cex","bht_update.taken","i_instr_queue.gen_instr_fifo[0].i_fifo_instr_data.gate_clock"
"cex","bht_update.taken","i_instr_queue.gen_instr_fifo[1].i_fifo_instr_data.empty_o"
"cex","bht_update.taken","i_instr_queue.gen_instr_fifo[1].i_fifo_instr_data.gate_clock"
"cex","bht_update.taken","i_instr_queue.instr_queue_empty[0]"
"cex","bht_update.taken","i_instr_queue.instr_queue_empty[1]"
"cex","bht_update.taken","i_instr_queue.ready_o"
"cex","bht_update.taken","icache_dreq_o.req"
"cex","bht_update.taken","instr_queue_ready"
"cex","bht_update.valid","gen_instr_scan[0].i_instr_scan.rvi_branch_o"
"cex","bht_update.valid","i_instr_queue.branch_empty"
"cex","bht_update.valid","i_instr_queue.gen_instr_fifo[0].i_fifo_instr_data.empty_o"
"cex","bht_update.valid","i_instr_queue.gen_instr_fifo[0].i_fifo_instr_data.gate_clock"
"cex","bht_update.valid","i_instr_queue.gen_instr_fifo[1].i_fifo_instr_data.empty_o"
"cex","bht_update.valid","i_instr_queue.gen_instr_fifo[1].i_fifo_instr_data.gate_clock"
"cex","bht_update.valid","i_instr_queue.idx_ds_d[0]"
"cex","bht_update.valid","i_instr_queue.idx_ds_q[0]"
"cex","bht_update.valid","i_instr_queue.instr_queue_empty[0]"
"cex","bht_update.valid","i_instr_queue.instr_queue_empty[1]"
"cex","bht_update.valid","i_instr_queue.ready_o"
"cex","bht_update.valid","icache_dreq_o.req"
"cex","bht_update.valid","instr_queue_ready"
"cex","bht_update.valid","rvi_branch[0]"
"cex","bp_valid","fetch_entry_valid_o"
"cex","bp_valid","i_instr_queue.branch_empty"
"cex","bp_valid","i_instr_queue.fetch_entry_ready_i"
"cex","bp_valid","i_instr_queue.fetch_entry_valid_o"
"cex","bp_valid","i_instr_queue.gen_instr_fifo[0].i_fifo_instr_data.gate_clock"
"cex","bp_valid","i_instr_queue.gen_instr_fifo[1].i_fifo_instr_data.gate_clock"
"cex","bp_valid","i_instr_queue.ready_o"
"cex","bp_valid","icache_dreq_o.req"
"cex","bp_valid","instr_queue_ready"
"cex","branch_valid_i","flu_ready_o"
"cex","branch_valid_i","fpu_ready_o"
"cex","branch_valid_i","lsu_commit_ready_o"
"cex","branch_valid_i","lsu_ready_o"
"cex","branch_valid_i","no_st_pending_o"
"cex","btb_prediction[0].valid","i_instr_queue.branch_empty"
"cex","btb_prediction[0].valid","i_instr_queue.ready_o"
"cex","btb_prediction[0].valid","icache_dreq_o.req"
"cex","btb_prediction[0].valid","instr_queue_ready"
"cex","btb_prediction_shifted[0].valid","i_instr_queue.branch_empty"
"cex","btb_prediction_shifted[0].valid","i_instr_queue.ready_o"
"cex","btb_prediction_shifted[0].valid","icache_dreq_o.req"
"cex","btb_prediction_shifted[0].valid","instr_queue_ready"
"cex","btb_update.valid","btb_prediction[0].valid"
"cex","btb_update.valid","btb_prediction_shifted[0].valid"
"cex","btb_update.valid","gen_instr_scan[0].i_instr_scan.is_jal_r"
"cex","btb_update.valid","gen_instr_scan[0].i_instr_scan.is_rvc"
"cex","btb_update.valid","gen_instr_scan[0].i_instr_scan.rvc_jr_o"
"cex","btb_update.valid","i_btb.btb_prediction_o[0].valid"
"cex","btb_update.valid","i_instr_queue.branch_empty"
"cex","btb_update.valid","i_instr_queue.gen_instr_fifo[0].i_fifo_instr_data.gate_clock"
"cex","btb_update.valid","i_instr_queue.gen_instr_fifo[1].i_fifo_instr_data.gate_clock"
"cex","btb_update.valid","rvc_jr[0]"
"cex","commit_ack_i[0]","i_issue_read_operands.flu_ready_i"
"cex","commit_ack_i[0]","i_issue_read_operands.fpu_ready_i"
"cex","commit_ack_i[0]","i_issue_read_operands.lsu_ready_i"
"cex","commit_ack_i[0]","i_scoreboard.mem_n[0].sbe.use_imm"
"cex","commit_ack_i[0]","i_scoreboard.mem_q[0].sbe.use_imm"
"cex","commit_ack_i[1]","commit_instr_o[1].use_imm"
"cex","commit_ack_i[1]","i_issue_read_operands.fpu_ready_i"
"cex","commit_ack_i[1]","i_issue_read_operands.lsu_ready_i"
"cex","commit_ack_i[1]","i_scoreboard.commit_instr_o[1].use_imm"
"cex","commit_instr_i[0].ex.valid","commit_instr_i[0].use_imm"
"cex","commit_instr_i[0].ex.valid","commit_instr_i[1].use_imm"
"cex","commit_instr_i[1].ex.valid","commit_instr_i[1].use_imm"
"cex","commit_instr_i[1].use_pc","commit_instr_i[0].use_imm"
"cex","commit_instr_i[1].use_pc","commit_instr_i[1].use_imm"
"cex","commit_instr_i[1].valid","commit_instr_i[1].use_imm"
"cex","compressed_decoder_i.illegal_instr_o","decoder_i.priv_lvl_i[0]"
"cex","compressed_decoder_i.illegal_instr_o","decoder_i.priv_lvl_i[1]"
"cex","compressed_decoder_i.is_compressed_o","decoder_i.priv_lvl_i[0]"
"cex","compressed_decoder_i.is_compressed_o","decoder_i.priv_lvl_i[1]"
"cex","csr_buffer_i.csr_reg_q.valid","flu_ready_o"
"cex","csr_buffer_i.csr_reg_q.valid","fpu_ready_o"
"cex","csr_buffer_i.csr_reg_q.valid","lsu_commit_ready_o"
"cex","csr_buffer_i.csr_reg_q.valid","lsu_ready_o"
"cex","csr_buffer_i.csr_reg_q.valid","no_st_pending_o"
"cex","csr_commit_i","flu_ready_o"
"cex","csr_commit_i","fpu_ready_o"
"cex","csr_commit_i","lsu_commit_ready_o"
"cex","csr_commit_i","lsu_ready_o"
"cex","csr_commit_i","no_st_pending_o"
"cex","csr_valid_i","csr_buffer_i.csr_reg_q.valid"
"cex","csr_valid_i","fpu_ready_o"
"cex","csr_valid_i","lsu_commit_ready_o"
"cex","csr_valid_i","lsu_ready_o"
"cex","csr_valid_i","no_st_pending_o"
"cex","dcache_req_ports_i[1].data_gnt","flu_ready_o"
"cex","dcache_req_ports_i[1].data_gnt","fpu_ready_o"
"cex","dcache_req_ports_i[1].data_gnt","lsu_commit_ready_o"
"cex","dcache_req_ports_i[1].data_gnt","lsu_ready_o"
"cex","dcache_req_ports_i[1].data_gnt","no_st_pending_o"
"cex","dcache_req_ports_i[1].data_rvalid","flu_ready_o"
"cex","dcache_req_ports_i[1].data_rvalid","fpu_ready_o"
"cex","dcache_req_ports_i[1].data_rvalid","load_valid_o"
"cex","dcache_req_ports_i[1].data_rvalid","lsu_commit_ready_o"
"cex","dcache_req_ports_i[1].data_rvalid","lsu_ready_o"
"cex","dcache_req_ports_i[1].data_rvalid","no_st_pending_o"
"cex","dcache_req_ports_i[2].data_gnt","flu_ready_o"
"cex","dcache_req_ports_i[2].data_gnt","fpu_ready_o"
"cex","dcache_req_ports_i[2].data_gnt","lsu_commit_ready_o"
"cex","dcache_req_ports_i[2].data_gnt","lsu_ready_o"
"cex","dcache_req_ports_i[2].data_gnt","no_st_pending_o"
"cex","dcache_wbuffer_empty_i","fpu_ready_o"
"cex","dcache_wbuffer_empty_i","lsu_commit_ready_o"
"cex","dcache_wbuffer_empty_i","lsu_ready_o"
"cex","debug_mode_i","decoder_i.priv_lvl_i[0]"
"cex","debug_mode_i","decoder_i.priv_lvl_i[1]"
"cex","debug_mode_i","fpu_ready_o"
"cex","debug_mode_i","i_instr_queue.ready_o"
"cex","debug_mode_i","icache_dreq_o.req"
"cex","debug_mode_i","instr_queue_ready"
"cex","debug_mode_i","lsu_commit_ready_o"
"cex","debug_mode_i","lsu_ready_o"
"cex","debug_req_i","decoder_i.priv_lvl_i[0]"
"cex","debug_req_i","decoder_i.priv_lvl_i[1]"
"cex","decoded_instr_i.ex.valid","i_issue_read_operands.fpu_ready_i"
"cex","decoded_instr_i.ex.valid","i_issue_read_operands.lsu_ready_i"
"cex","decoded_instr_i.ex.valid","i_scoreboard.mem_n[0].sbe.use_imm"
"cex","decoded_instr_i.ex.valid","i_scoreboard.mem_q[0].sbe.use_imm"
"cex","decoded_instr_i.is_compressed","i_issue_read_operands.fpu_ready_i"
"cex","decoded_instr_i.is_compressed","i_issue_read_operands.is_compressed_instr_o"
"cex","decoded_instr_i.is_compressed","i_issue_read_operands.lsu_ready_i"
"cex","decoded_instr_i.is_compressed","i_scoreboard.mem_n[0].sbe.use_imm"
"cex","decoded_instr_i.is_compressed","i_scoreboard.mem_q[0].sbe.use_imm"
"cex","decoded_instr_i.is_compressed","is_compressed_instr_o"
"cex","decoded_instr_i.use_imm","i_issue_read_operands.fpu_ready_i"
"cex","decoded_instr_i.use_imm","i_issue_read_operands.lsu_ready_i"
"cex","decoded_instr_i.use_imm","i_scoreboard.mem_n[0].sbe.use_imm"
"cex","decoded_instr_i.use_imm","i_scoreboard.mem_q[0].sbe.use_imm"
"cex","decoded_instr_i.use_pc","decoded_instr_i.use_imm"
"cex","decoded_instr_i.use_pc","i_issue_read_operands.flu_ready_i"
"cex","decoded_instr_i.use_pc","i_issue_read_operands.fpu_ready_i"
"cex","decoded_instr_i.use_pc","i_issue_read_operands.issue_instr_i.use_imm"
"cex","decoded_instr_i.use_pc","i_issue_read_operands.lsu_ready_i"
"cex","decoded_instr_i.use_pc","i_re_name.issue_instr_i.use_imm"
"cex","decoded_instr_i.use_pc","i_re_name.issue_instr_o.use_imm"
"cex","decoded_instr_i.use_pc","i_scoreboard.decoded_instr_i.use_imm"
"cex","decoded_instr_i.use_pc","i_scoreboard.issue_instr_o.use_imm"
"cex","decoded_instr_i.use_pc","i_scoreboard.mem_n[0].sbe.use_imm"
"cex","decoded_instr_i.use_pc","i_scoreboard.mem_q[0].sbe.use_imm"
"cex","decoded_instr_i.use_pc","issue_instr_rename_sb.use_imm"
"cex","decoded_instr_i.use_pc","issue_instr_sb_iro.use_imm"
"cex","decoded_instr_i.valid","i_issue_read_operands.fpu_ready_i"
"cex","decoded_instr_i.valid","i_issue_read_operands.lsu_ready_i"
"cex","decoded_instr_i.valid","i_scoreboard.mem_n[0].sbe.use_imm"
"cex","decoded_instr_i.valid","i_scoreboard.mem_q[0].sbe.use_imm"
"cex","decoded_instr_valid_i","i_issue_read_operands.fpu_ready_i"
"cex","decoded_instr_valid_i","i_issue_read_operands.lsu_ready_i"
"cex","decoded_instruction.ex.valid","decoder_i.priv_lvl_i[0]"
"cex","decoded_instruction.ex.valid","decoder_i.priv_lvl_i[1]"
"cex","decoded_instruction.is_compressed","decoder_i.priv_lvl_i[0]"
"cex","decoded_instruction.is_compressed","decoder_i.priv_lvl_i[1]"
"cex","decoded_instruction.use_imm","decoder_i.priv_lvl_i[0]"
"cex","decoded_instruction.use_imm","decoder_i.priv_lvl_i[1]"
"cex","decoded_instruction.use_pc","decoder_i.priv_lvl_i[0]"
"cex","decoded_instruction.use_pc","decoder_i.priv_lvl_i[1]"
"cex","decoded_instruction.use_pc","issue_entry_o.use_imm"
"cex","decoded_instruction.use_pc","issue_q.sbe.use_imm"
"cex","decoded_instruction.valid","decoder_i.priv_lvl_i[0]"
"cex","decoded_instruction.valid","decoder_i.priv_lvl_i[1]"
"cex","decoder_i.debug_mode_i","decoder_i.priv_lvl_i[0]"
"cex","decoder_i.debug_mode_i","decoder_i.priv_lvl_i[1]"
"cex","decoder_i.debug_req_i","decoder_i.priv_lvl_i[0]"
"cex","decoder_i.debug_req_i","decoder_i.priv_lvl_i[1]"
"cex","decoder_i.ebreak","decoder_i.debug_mode_i"
"cex","decoder_i.ebreak","decoder_i.priv_lvl_i[0]"
"cex","decoder_i.ebreak","decoder_i.priv_lvl_i[1]"
"cex","decoder_i.illegal_instr","decoder_i.priv_lvl_i[0]"
"cex","decoder_i.illegal_instr","decoder_i.priv_lvl_i[1]"
"cex","decoder_i.instr.atype.aq","decoder_i.priv_lvl_i[0]"
"cex","decoder_i.instr.atype.aq","decoder_i.priv_lvl_i[1]"
"cex","decoder_i.instr.atype.rl","decoder_i.priv_lvl_i[0]"
"cex","decoder_i.instr.atype.rl","decoder_i.priv_lvl_i[1]"
"cex","decoder_i.instr.rvftype.repl[14]","decoder_i.priv_lvl_i[0]"
"cex","decoder_i.instr.rvftype.repl[14]","decoder_i.priv_lvl_i[1]"
"cex","decoder_i.is_compressed_i","decoder_i.priv_lvl_i[0]"
"cex","decoder_i.is_compressed_i","decoder_i.priv_lvl_i[1]"
"cex","decoder_i.is_control_flow_instr_o","decoder_i.priv_lvl_i[0]"
"cex","decoder_i.is_control_flow_instr_o","decoder_i.priv_lvl_i[1]"
"cex","decoder_i.is_illegal_i","decoder_i.priv_lvl_i[0]"
"cex","decoder_i.is_illegal_i","decoder_i.priv_lvl_i[1]"
"cex","eret_i","i_instr_queue.branch_empty"
"cex","eret_i","i_instr_queue.gen_instr_fifo[0].i_fifo_instr_data.gate_clock"
"cex","eret_i","i_instr_queue.gen_instr_fifo[1].i_fifo_instr_data.gate_clock"
"cex","ex_valid_i","i_instr_queue.branch_empty"
"cex","ex_valid_i","i_instr_queue.gen_instr_fifo[0].i_fifo_instr_data.gate_clock"
"cex","ex_valid_i","i_instr_queue.gen_instr_fifo[1].i_fifo_instr_data.gate_clock"
"cex","fetch_entry_ready_i","i_instr_queue.branch_empty"
"cex","fetch_entry_ready_i","i_instr_queue.ready_o"
"cex","fetch_entry_ready_i","icache_dreq_o.req"
"cex","fetch_entry_ready_i","instr_queue_ready"
"cex","fetch_entry_valid_i","decoder_i.priv_lvl_i[0]"
"cex","fetch_entry_valid_i","decoder_i.priv_lvl_i[1]"
"cex","flu_ready_i","i_issue_read_operands.fpu_ready_i"
"cex","flu_ready_i","i_issue_read_operands.lsu_ready_i"
"cex","flush_i","commit_instr_o[0].use_imm"
"cex","flush_i","commit_instr_o[1].use_imm"
"cex","flush_i","decoder_i.priv_lvl_i[0]"
"cex","flush_i","decoder_i.priv_lvl_i[1]"
"cex","flush_i","flu_ready_o"
"cex","flush_i","i_instr_queue.branch_empty"
"cex","flush_i","i_instr_queue.gen_instr_fifo[0].i_fifo_instr_data.gate_clock"
"cex","flush_i","i_instr_queue.gen_instr_fifo[1].i_fifo_instr_data.gate_clock"
"cex","flush_i","i_issue_read_operands.flu_ready_i"
"cex","flush_i","i_scoreboard.commit_instr_o[0].use_imm"
"cex","flush_i","i_scoreboard.commit_instr_o[1].use_imm"
"cex","flush_i","i_scoreboard.mem_n[0].sbe.use_imm"
"cex","flush_i","i_scoreboard.mem_q[0].sbe.use_imm"
"cex","flush_i","lsu_commit_ready_o"
"cex","flush_i","no_st_pending_o"
"cex","flush_unissued_instr_i","commit_instr_o[0].use_imm"
"cex","flush_unissued_instr_i","i_issue_read_operands.flu_ready_i"
"cex","flush_unissued_instr_i","i_issue_read_operands.fpu_ready_i"
"cex","flush_unissued_instr_i","i_issue_read_operands.lsu_ready_i"
"cex","flush_unissued_instr_i","i_scoreboard.commit_instr_o[0].use_imm"
"cex","flush_unissued_instr_i","i_scoreboard.mem_n[0].sbe.use_imm"
"cex","flush_unissued_instr_i","i_scoreboard.mem_q[0].sbe.use_imm"
"cex","fpu_valid_i","flu_ready_o"
"cex","fpu_valid_i","fpu_ready_o"
"cex","fpu_valid_i","lsu_commit_ready_o"
"cex","fpu_valid_i","lsu_ready_o"
"cex","fpu_valid_i","no_st_pending_o"
"cex","gen_instr_scan[0].i_instr_scan.is_jal_r","gen_instr_scan[0].i_instr_scan.is_rvc"
"cex","gen_instr_scan[0].i_instr_scan.is_jal_r","i_instr_queue.branch_empty"
"cex","gen_instr_scan[0].i_instr_scan.is_jal_r","i_instr_queue.ready_o"
"cex","gen_instr_scan[0].i_instr_scan.is_jal_r","icache_dreq_o.req"
"cex","gen_instr_scan[0].i_instr_scan.is_jal_r","instr_queue_ready"
"cex","gen_instr_scan[0].i_instr_scan.is_rvc","i_instr_queue.ready_o"
"cex","gen_instr_scan[0].i_instr_scan.is_rvc","icache_dreq_o.req"
"cex","gen_instr_scan[0].i_instr_scan.is_rvc","instr_queue_ready"
"cex","gen_instr_scan[0].i_instr_scan.rvc_branch_o","i_instr_queue.branch_empty"
"cex","gen_instr_scan[0].i_instr_scan.rvc_branch_o","i_ras.data_o.valid"
"cex","gen_instr_scan[0].i_instr_scan.rvc_branch_o","i_ras.stack_d[0].valid"
"cex","gen_instr_scan[0].i_instr_scan.rvc_branch_o","i_ras.stack_q[0].valid"
"cex","gen_instr_scan[0].i_instr_scan.rvc_branch_o","ras_predict.valid"
"cex","gen_instr_scan[0].i_instr_scan.rvc_call_o","gen_instr_scan[0].i_instr_scan.is_rvc"
"cex","gen_instr_scan[0].i_instr_scan.rvc_call_o","i_instr_queue.gen_instr_fifo[0].i_fifo_instr_data.empty_o"
"cex","gen_instr_scan[0].i_instr_scan.rvc_call_o","i_instr_queue.gen_instr_fifo[1].i_fifo_instr_data.empty_o"
"cex","gen_instr_scan[0].i_instr_scan.rvc_call_o","i_instr_queue.gen_instr_fifo[1].i_fifo_instr_data.gate_clock"
"cex","gen_instr_scan[0].i_instr_scan.rvc_call_o","i_instr_queue.idx_ds_d[0]"
"cex","gen_instr_scan[0].i_instr_scan.rvc_call_o","i_instr_queue.idx_ds_q[0]"
"cex","gen_instr_scan[0].i_instr_scan.rvc_call_o","i_instr_queue.instr_queue_empty[0]"
"cex","gen_instr_scan[0].i_instr_scan.rvc_call_o","i_instr_queue.instr_queue_empty[1]"
"cex","gen_instr_scan[0].i_instr_scan.rvc_call_o","i_instr_queue.ready_o"
"cex","gen_instr_scan[0].i_instr_scan.rvc_call_o","i_instr_realign.unaligned_d"
"cex","gen_instr_scan[0].i_instr_scan.rvc_call_o","i_ras.data_o.valid"
"cex","gen_instr_scan[0].i_instr_scan.rvc_call_o","i_ras.stack_d[0].valid"
"cex","gen_instr_scan[0].i_instr_scan.rvc_call_o","i_ras.stack_d[1].valid"
"cex","gen_instr_scan[0].i_instr_scan.rvc_call_o","i_ras.stack_q[0].valid"
"cex","gen_instr_scan[0].i_instr_scan.rvc_call_o","i_ras.stack_q[1].valid"
"cex","gen_instr_scan[0].i_instr_scan.rvc_call_o","icache_dreq_o.req"
"cex","gen_instr_scan[0].i_instr_scan.rvc_call_o","instr_queue_ready"
"cex","gen_instr_scan[0].i_instr_scan.rvc_call_o","ras_predict.valid"
"cex","gen_instr_scan[0].i_instr_scan.rvc_jalr_o","gen_instr_scan[0].i_instr_scan.is_rvc"
"cex","gen_instr_scan[0].i_instr_scan.rvc_jalr_o","i_instr_queue.gen_instr_fifo[0].i_fifo_instr_data.empty_o"
"cex","gen_instr_scan[0].i_instr_scan.rvc_jalr_o","i_instr_queue.gen_instr_fifo[1].i_fifo_instr_data.empty_o"
"cex","gen_instr_scan[0].i_instr_scan.rvc_jalr_o","i_instr_queue.gen_instr_fifo[1].i_fifo_instr_data.gate_clock"
"cex","gen_instr_scan[0].i_instr_scan.rvc_jalr_o","i_instr_queue.idx_ds_d[0]"
"cex","gen_instr_scan[0].i_instr_scan.rvc_jalr_o","i_instr_queue.idx_ds_q[0]"
"cex","gen_instr_scan[0].i_instr_scan.rvc_jalr_o","i_instr_queue.instr_queue_empty[0]"
"cex","gen_instr_scan[0].i_instr_scan.rvc_jalr_o","i_instr_queue.instr_queue_empty[1]"
"cex","gen_instr_scan[0].i_instr_scan.rvc_jalr_o","i_instr_queue.ready_o"
"cex","gen_instr_scan[0].i_instr_scan.rvc_jalr_o","i_instr_realign.unaligned_d"
"cex","gen_instr_scan[0].i_instr_scan.rvc_jalr_o","i_ras.data_o.valid"
"cex","gen_instr_scan[0].i_instr_scan.rvc_jalr_o","i_ras.stack_d[0].valid"
"cex","gen_instr_scan[0].i_instr_scan.rvc_jalr_o","i_ras.stack_d[1].valid"
"cex","gen_instr_scan[0].i_instr_scan.rvc_jalr_o","i_ras.stack_q[0].valid"
"cex","gen_instr_scan[0].i_instr_scan.rvc_jalr_o","i_ras.stack_q[1].valid"
"cex","gen_instr_scan[0].i_instr_scan.rvc_jalr_o","icache_dreq_o.req"
"cex","gen_instr_scan[0].i_instr_scan.rvc_jalr_o","instr_queue_ready"
"cex","gen_instr_scan[0].i_instr_scan.rvc_jalr_o","ras_predict.valid"
"cex","gen_instr_scan[0].i_instr_scan.rvc_jr_o","gen_instr_scan[0].i_instr_scan.is_rvc"
"cex","gen_instr_scan[0].i_instr_scan.rvc_jr_o","i_instr_queue.branch_empty"
"cex","gen_instr_scan[0].i_instr_scan.rvc_jr_o","i_instr_queue.ready_o"
"cex","gen_instr_scan[0].i_instr_scan.rvc_jr_o","icache_dreq_o.req"
"cex","gen_instr_scan[0].i_instr_scan.rvc_jr_o","instr_queue_ready"
"cex","gen_instr_scan[0].i_instr_scan.rvc_jump_o","i_instr_queue.gen_instr_fifo[1].i_fifo_instr_data.empty_o"
"cex","gen_instr_scan[0].i_instr_scan.rvc_jump_o","i_instr_queue.instr_queue_empty[1]"
"cex","gen_instr_scan[0].i_instr_scan.rvc_jump_o","i_instr_queue.ready_o"
"cex","gen_instr_scan[0].i_instr_scan.rvc_jump_o","icache_dreq_o.req"
"cex","gen_instr_scan[0].i_instr_scan.rvc_jump_o","instr_queue_ready"
"cex","gen_instr_scan[0].i_instr_scan.rvc_return_o","fetch_entry_valid_o"
"cex","gen_instr_scan[0].i_instr_scan.rvc_return_o","i_instr_queue.branch_empty"
"cex","gen_instr_scan[0].i_instr_scan.rvc_return_o","i_instr_queue.fetch_entry_valid_o"
"cex","gen_instr_scan[0].i_instr_scan.rvi_branch_o","i_instr_queue.ready_o"
"cex","gen_instr_scan[0].i_instr_scan.rvi_branch_o","icache_dreq_o.req"
"cex","gen_instr_scan[0].i_instr_scan.rvi_branch_o","instr_queue_ready"
"cex","gen_instr_scan[0].i_instr_scan.rvi_jalr_o","btb_prediction[1].valid"
"cex","gen_instr_scan[0].i_instr_scan.rvi_jalr_o","btb_prediction_shifted[1].valid"
"cex","gen_instr_scan[0].i_instr_scan.rvi_jalr_o","i_btb.btb_prediction_o[1].valid"
"cex","gen_instr_scan[0].i_instr_scan.rvi_jalr_o","i_instr_queue.branch_empty"
"cex","gen_instr_scan[0].i_instr_scan.rvi_jalr_o","i_instr_queue.gen_instr_fifo[0].i_fifo_instr_data.empty_o"
"cex","gen_instr_scan[0].i_instr_scan.rvi_jalr_o","i_instr_queue.gen_instr_fifo[0].i_fifo_instr_data.gate_clock"
"cex","gen_instr_scan[0].i_instr_scan.rvi_jalr_o","i_instr_queue.gen_instr_fifo[1].i_fifo_instr_data.empty_o"
"cex","gen_instr_scan[0].i_instr_scan.rvi_jalr_o","i_instr_queue.gen_instr_fifo[1].i_fifo_instr_data.gate_clock"
"cex","gen_instr_scan[0].i_instr_scan.rvi_jalr_o","i_instr_queue.idx_ds_d[0]"
"cex","gen_instr_scan[0].i_instr_scan.rvi_jalr_o","i_instr_queue.idx_ds_q[0]"
"cex","gen_instr_scan[0].i_instr_scan.rvi_jalr_o","i_instr_queue.instr_queue_empty[0]"
"cex","gen_instr_scan[0].i_instr_scan.rvi_jalr_o","i_instr_queue.instr_queue_empty[1]"
"cex","gen_instr_scan[0].i_instr_scan.rvi_jalr_o","i_instr_queue.ready_o"
"cex","gen_instr_scan[0].i_instr_scan.rvi_jalr_o","i_instr_realign.unaligned_d"
"cex","gen_instr_scan[0].i_instr_scan.rvi_jalr_o","i_instr_realign.valid_i"
"cex","gen_instr_scan[0].i_instr_scan.rvi_jalr_o","icache_dreq_o.req"
"cex","gen_instr_scan[0].i_instr_scan.rvi_jalr_o","icache_valid_q"
"cex","gen_instr_scan[0].i_instr_scan.rvi_jalr_o","if_ready"
"cex","gen_instr_scan[0].i_instr_scan.rvi_jalr_o","instr_queue_ready"
"cex","gen_instr_scan[0].i_instr_scan.rvi_jump_o","i_instr_queue.ready_o"
"cex","gen_instr_scan[0].i_instr_scan.rvi_jump_o","icache_dreq_o.req"
"cex","gen_instr_scan[0].i_instr_scan.rvi_jump_o","instr_queue_ready"
"cex","gen_instr_scan[1].i_instr_scan.is_jal_r","i_instr_queue.branch_empty"
"cex","gen_instr_scan[1].i_instr_scan.rvc_branch_o","fetch_entry_valid_o"
"cex","gen_instr_scan[1].i_instr_scan.rvc_branch_o","i_instr_queue.branch_empty"
"cex","gen_instr_scan[1].i_instr_scan.rvc_branch_o","i_instr_queue.fetch_entry_valid_o"
"cex","gen_instr_scan[1].i_instr_scan.rvc_branch_o","i_instr_queue.gen_instr_fifo[0].i_fifo_instr_data.write_pointer_n[0]"
"cex","gen_instr_scan[1].i_instr_scan.rvc_branch_o","i_instr_queue.gen_instr_fifo[0].i_fifo_instr_data.write_pointer_n[1]"
"cex","gen_instr_scan[1].i_instr_scan.rvc_branch_o","i_instr_queue.gen_instr_fifo[0].i_fifo_instr_data.write_pointer_q[1]"
"cex","gen_instr_scan[1].i_instr_scan.rvc_branch_o","i_instr_queue.gen_instr_fifo[1].i_fifo_instr_data.write_pointer_n[1]"
"cex","gen_instr_scan[1].i_instr_scan.rvc_branch_o","i_instr_queue.gen_instr_fifo[1].i_fifo_instr_data.write_pointer_q[1]"
"cex","gen_instr_scan[1].i_instr_scan.rvc_branch_o","i_instr_queue.ready_o"
"cex","gen_instr_scan[1].i_instr_scan.rvc_branch_o","i_ras.data_o.valid"
"cex","gen_instr_scan[1].i_instr_scan.rvc_branch_o","i_ras.stack_d[0].valid"
"cex","gen_instr_scan[1].i_instr_scan.rvc_branch_o","i_ras.stack_d[1].valid"
"cex","gen_instr_scan[1].i_instr_scan.rvc_branch_o","i_ras.stack_q[0].valid"
"cex","gen_instr_scan[1].i_instr_scan.rvc_branch_o","i_ras.stack_q[1].valid"
"cex","gen_instr_scan[1].i_instr_scan.rvc_branch_o","icache_dreq_o.req"
"cex","gen_instr_scan[1].i_instr_scan.rvc_branch_o","instr_queue_ready"
"cex","gen_instr_scan[1].i_instr_scan.rvc_branch_o","ras_predict.valid"
"cex","gen_instr_scan[1].i_instr_scan.rvc_call_o","fetch_entry_valid_o"
"cex","gen_instr_scan[1].i_instr_scan.rvc_call_o","i_instr_queue.branch_empty"
"cex","gen_instr_scan[1].i_instr_scan.rvc_call_o","i_instr_queue.fetch_entry_valid_o"
"cex","gen_instr_scan[1].i_instr_scan.rvc_call_o","i_instr_queue.gen_instr_fifo[0].i_fifo_instr_data.usage_o[1]"
"cex","gen_instr_scan[1].i_instr_scan.rvc_call_o","i_instr_queue.gen_instr_fifo[1].i_fifo_instr_data.usage_o[1]"
"cex","gen_instr_scan[1].i_instr_scan.rvc_call_o","i_instr_queue.instr_queue_usage[0][1]"
"cex","gen_instr_scan[1].i_instr_scan.rvc_call_o","i_instr_queue.instr_queue_usage[1][1]"
"cex","gen_instr_scan[1].i_instr_scan.rvc_call_o","i_instr_queue.ready_o"
"cex","gen_instr_scan[1].i_instr_scan.rvc_call_o","i_ras.data_o.valid"
"cex","gen_instr_scan[1].i_instr_scan.rvc_call_o","i_ras.stack_d[0].valid"
"cex","gen_instr_scan[1].i_instr_scan.rvc_call_o","i_ras.stack_q[0].valid"
"cex","gen_instr_scan[1].i_instr_scan.rvc_call_o","icache_dreq_o.req"
"cex","gen_instr_scan[1].i_instr_scan.rvc_call_o","instr_queue_ready"
"cex","gen_instr_scan[1].i_instr_scan.rvc_call_o","ras_predict.valid"
"cex","gen_instr_scan[1].i_instr_scan.rvc_jalr_o","fetch_entry_valid_o"
"cex","gen_instr_scan[1].i_instr_scan.rvc_jalr_o","i_instr_queue.branch_empty"
"cex","gen_instr_scan[1].i_instr_scan.rvc_jalr_o","i_instr_queue.fetch_entry_valid_o"
"cex","gen_instr_scan[1].i_instr_scan.rvc_jalr_o","i_instr_queue.gen_instr_fifo[0].i_fifo_instr_data.usage_o[1]"
"cex","gen_instr_scan[1].i_instr_scan.rvc_jalr_o","i_instr_queue.gen_instr_fifo[1].i_fifo_instr_data.usage_o[1]"
"cex","gen_instr_scan[1].i_instr_scan.rvc_jalr_o","i_instr_queue.instr_queue_usage[0][1]"
"cex","gen_instr_scan[1].i_instr_scan.rvc_jalr_o","i_instr_queue.instr_queue_usage[1][1]"
"cex","gen_instr_scan[1].i_instr_scan.rvc_jalr_o","i_instr_queue.ready_o"
"cex","gen_instr_scan[1].i_instr_scan.rvc_jalr_o","i_ras.data_o.valid"
"cex","gen_instr_scan[1].i_instr_scan.rvc_jalr_o","i_ras.stack_d[0].valid"
"cex","gen_instr_scan[1].i_instr_scan.rvc_jalr_o","i_ras.stack_q[0].valid"
"cex","gen_instr_scan[1].i_instr_scan.rvc_jalr_o","icache_dreq_o.req"
"cex","gen_instr_scan[1].i_instr_scan.rvc_jalr_o","instr_queue_ready"
"cex","gen_instr_scan[1].i_instr_scan.rvc_jalr_o","ras_predict.valid"
"cex","gen_instr_scan[1].i_instr_scan.rvc_jr_o","i_instr_queue.branch_empty"
"cex","gen_instr_scan[1].i_instr_scan.rvc_jump_o","i_instr_queue.branch_empty"
"cex","gen_instr_scan[1].i_instr_scan.rvc_jump_o","i_instr_queue.gen_instr_fifo[0].i_fifo_instr_data.write_pointer_n[1]"
"cex","gen_instr_scan[1].i_instr_scan.rvc_jump_o","i_instr_queue.gen_instr_fifo[0].i_fifo_instr_data.write_pointer_q[1]"
"cex","gen_instr_scan[1].i_instr_scan.rvc_jump_o","i_ras.data_o.valid"
"cex","gen_instr_scan[1].i_instr_scan.rvc_jump_o","i_ras.stack_d[0].valid"
"cex","gen_instr_scan[1].i_instr_scan.rvc_jump_o","i_ras.stack_d[1].valid"
"cex","gen_instr_scan[1].i_instr_scan.rvc_jump_o","i_ras.stack_q[0].valid"
"cex","gen_instr_scan[1].i_instr_scan.rvc_jump_o","i_ras.stack_q[1].valid"
"cex","gen_instr_scan[1].i_instr_scan.rvc_jump_o","ras_predict.valid"
"cex","gen_instr_scan[1].i_instr_scan.rvc_return_o","i_instr_queue.branch_empty"
"cex","i_bht.bht_prediction_o[0].taken","i_ras.data_o.valid"
"cex","i_bht.bht_prediction_o[0].taken","i_ras.stack_d[0].valid"
"cex","i_bht.bht_prediction_o[0].taken","i_ras.stack_q[0].valid"
"cex","i_bht.bht_prediction_o[0].taken","ras_predict.valid"
"cex","i_bht.bht_update_i.taken","i_instr_queue.branch_empty"
"cex","i_bht.bht_update_i.taken","i_instr_queue.gen_instr_fifo[0].i_fifo_instr_data.empty_o"
"cex","i_bht.bht_update_i.taken","i_instr_queue.gen_instr_fifo[0].i_fifo_instr_data.gate_clock"
"cex","i_bht.bht_update_i.taken","i_instr_queue.gen_instr_fifo[1].i_fifo_instr_data.empty_o"
"cex","i_bht.bht_update_i.taken","i_instr_queue.gen_instr_fifo[1].i_fifo_instr_data.gate_clock"
"cex","i_bht.bht_update_i.taken","i_instr_queue.instr_queue_empty[0]"
"cex","i_bht.bht_update_i.taken","i_instr_queue.instr_queue_empty[1]"
"cex","i_bht.bht_update_i.taken","i_instr_queue.ready_o"
"cex","i_bht.bht_update_i.taken","icache_dreq_o.req"
"cex","i_bht.bht_update_i.taken","instr_queue_ready"
"cex","i_bht.bht_update_i.valid","gen_instr_scan[0].i_instr_scan.rvi_branch_o"
"cex","i_bht.bht_update_i.valid","i_instr_queue.branch_empty"
"cex","i_bht.bht_update_i.valid","i_instr_queue.gen_instr_fifo[0].i_fifo_instr_data.empty_o"
"cex","i_bht.bht_update_i.valid","i_instr_queue.gen_instr_fifo[0].i_fifo_instr_data.gate_clock"
"cex","i_bht.bht_update_i.valid","i_instr_queue.gen_instr_fifo[1].i_fifo_instr_data.empty_o"
"cex","i_bht.bht_update_i.valid","i_instr_queue.gen_instr_fifo[1].i_fifo_instr_data.gate_clock"
"cex","i_bht.bht_update_i.valid","i_instr_queue.idx_ds_d[0]"
"cex","i_bht.bht_update_i.valid","i_instr_queue.idx_ds_q[0]"
"cex","i_bht.bht_update_i.valid","i_instr_queue.instr_queue_empty[0]"
"cex","i_bht.bht_update_i.valid","i_instr_queue.instr_queue_empty[1]"
"cex","i_bht.bht_update_i.valid","i_instr_queue.ready_o"
"cex","i_bht.bht_update_i.valid","icache_dreq_o.req"
"cex","i_bht.bht_update_i.valid","instr_queue_ready"
"cex","i_bht.bht_update_i.valid","rvi_branch[0]"
"cex","i_bht.debug_mode_i","i_instr_queue.ready_o"
"cex","i_bht.debug_mode_i","icache_dreq_o.req"
"cex","i_bht.debug_mode_i","instr_queue_ready"
"cex","i_btb.btb_prediction_o[0].valid","i_instr_queue.branch_empty"
"cex","i_btb.btb_prediction_o[0].valid","i_instr_queue.ready_o"
"cex","i_btb.btb_prediction_o[0].valid","icache_dreq_o.req"
"cex","i_btb.btb_prediction_o[0].valid","instr_queue_ready"
"cex","i_btb.btb_update_i.valid","btb_prediction[0].valid"
"cex","i_btb.btb_update_i.valid","btb_prediction_shifted[0].valid"
"cex","i_btb.btb_update_i.valid","gen_instr_scan[0].i_instr_scan.is_jal_r"
"cex","i_btb.btb_update_i.valid","gen_instr_scan[0].i_instr_scan.is_rvc"
"cex","i_btb.btb_update_i.valid","gen_instr_scan[0].i_instr_scan.rvc_jr_o"
"cex","i_btb.btb_update_i.valid","i_btb.btb_prediction_o[0].valid"
"cex","i_btb.btb_update_i.valid","i_instr_queue.branch_empty"
"cex","i_btb.btb_update_i.valid","i_instr_queue.gen_instr_fifo[0].i_fifo_instr_data.gate_clock"
"cex","i_btb.btb_update_i.valid","i_instr_queue.gen_instr_fifo[1].i_fifo_instr_data.gate_clock"
"cex","i_btb.btb_update_i.valid","rvc_jr[0]"
"cex","i_btb.debug_mode_i","i_instr_queue.ready_o"
"cex","i_btb.debug_mode_i","icache_dreq_o.req"
"cex","i_btb.debug_mode_i","instr_queue_ready"
"cex","i_instr_queue.branch_empty","i_instr_queue.ready_o"
"cex","i_instr_queue.branch_empty","icache_dreq_o.req"
"cex","i_instr_queue.branch_empty","instr_queue_ready"
"cex","i_instr_queue.consumed_o[0]","i_instr_queue.branch_empty"
"cex","i_instr_queue.consumed_o[0]","i_instr_queue.ready_o"
"cex","i_instr_queue.consumed_o[0]","icache_dreq_o.req"
"cex","i_instr_queue.consumed_o[0]","instr_queue_ready"
"cex","i_instr_queue.consumed_o[1]","gen_instr_scan[0].i_instr_scan.is_rvc"
"cex","i_instr_queue.consumed_o[1]","i_instr_queue.branch_empty"
"cex","i_instr_queue.consumed_o[1]","i_instr_queue.ready_o"
"cex","i_instr_queue.consumed_o[1]","icache_dreq_o.req"
"cex","i_instr_queue.consumed_o[1]","instr_queue_ready"
"cex","i_instr_queue.fetch_entry_ready_i","i_instr_queue.branch_empty"
"cex","i_instr_queue.fetch_entry_ready_i","i_instr_queue.ready_o"
"cex","i_instr_queue.fetch_entry_ready_i","icache_dreq_o.req"
"cex","i_instr_queue.fetch_entry_ready_i","instr_queue_ready"
"cex","i_instr_queue.fetch_entry_valid_o","i_instr_queue.branch_empty"
"cex","i_instr_queue.fetch_entry_valid_o","i_instr_queue.ready_o"
"cex","i_instr_queue.fetch_entry_valid_o","icache_dreq_o.req"
"cex","i_instr_queue.fetch_entry_valid_o","instr_queue_ready"
"cex","i_instr_queue.fifo_pos[0]","i_instr_queue.branch_empty"
"cex","i_instr_queue.fifo_pos[0]","i_instr_queue.ready_o"
"cex","i_instr_queue.fifo_pos[0]","icache_dreq_o.req"
"cex","i_instr_queue.fifo_pos[0]","instr_queue_ready"
"cex","i_instr_queue.fifo_pos[1]","i_instr_queue.branch_empty"
"cex","i_instr_queue.fifo_pos[1]","i_instr_queue.ready_o"
"cex","i_instr_queue.fifo_pos[1]","icache_dreq_o.req"
"cex","i_instr_queue.fifo_pos[1]","instr_queue_ready"
"cex","i_instr_queue.flush_i","i_instr_queue.branch_empty"
"cex","i_instr_queue.flush_i","i_instr_queue.gen_instr_fifo[0].i_fifo_instr_data.gate_clock"
"cex","i_instr_queue.flush_i","i_instr_queue.gen_instr_fifo[1].i_fifo_instr_data.gate_clock"
"cex","i_instr_queue.gen_instr_fifo[0].i_fifo_instr_data.flush_i","i_instr_queue.branch_empty"
"cex","i_instr_queue.gen_instr_fifo[0].i_fifo_instr_data.flush_i","i_instr_queue.gen_instr_fifo[0].i_fifo_instr_data.gate_clock"
"cex","i_instr_queue.gen_instr_fifo[0].i_fifo_instr_data.flush_i","i_instr_queue.gen_instr_fifo[1].i_fifo_instr_data.gate_clock"
"cex","i_instr_queue.gen_instr_fifo[0].i_fifo_instr_data.gate_clock","i_instr_queue.ready_o"
"cex","i_instr_queue.gen_instr_fifo[0].i_fifo_instr_data.gate_clock","icache_dreq_o.req"
"cex","i_instr_queue.gen_instr_fifo[0].i_fifo_instr_data.gate_clock","instr_queue_ready"
"cex","i_instr_queue.gen_instr_fifo[0].i_fifo_instr_data.pop_i","i_instr_queue.branch_empty"
"cex","i_instr_queue.gen_instr_fifo[0].i_fifo_instr_data.pop_i","i_instr_queue.gen_instr_fifo[0].i_fifo_instr_data.empty_o"
"cex","i_instr_queue.gen_instr_fifo[0].i_fifo_instr_data.pop_i","i_instr_queue.instr_queue_empty[0]"
"cex","i_instr_queue.gen_instr_fifo[0].i_fifo_instr_data.pop_i","i_instr_queue.ready_o"
"cex","i_instr_queue.gen_instr_fifo[0].i_fifo_instr_data.pop_i","icache_dreq_o.req"
"cex","i_instr_queue.gen_instr_fifo[0].i_fifo_instr_data.pop_i","instr_queue_ready"
"cex","i_instr_queue.gen_instr_fifo[0].i_fifo_instr_data.push_i","i_instr_queue.branch_empty"
"cex","i_instr_queue.gen_instr_fifo[0].i_fifo_instr_data.push_i","i_instr_queue.ready_o"
"cex","i_instr_queue.gen_instr_fifo[0].i_fifo_instr_data.push_i","icache_dreq_o.req"
"cex","i_instr_queue.gen_instr_fifo[0].i_fifo_instr_data.push_i","instr_queue_ready"
"cex","i_instr_queue.gen_instr_fifo[0].i_fifo_instr_data.read_pointer_n[0]","i_instr_queue.ready_o"
"cex","i_instr_queue.gen_instr_fifo[0].i_fifo_instr_data.read_pointer_n[0]","icache_dreq_o.req"
"cex","i_instr_queue.gen_instr_fifo[0].i_fifo_instr_data.read_pointer_n[0]","instr_queue_ready"
"cex","i_instr_queue.gen_instr_fifo[0].i_fifo_instr_data.read_pointer_n[1]","i_instr_queue.ready_o"
"cex","i_instr_queue.gen_instr_fifo[0].i_fifo_instr_data.read_pointer_n[1]","icache_dreq_o.req"
"cex","i_instr_queue.gen_instr_fifo[0].i_fifo_instr_data.read_pointer_n[1]","instr_queue_ready"
"cex","i_instr_queue.gen_instr_fifo[0].i_fifo_instr_data.read_pointer_q[0]","i_instr_queue.ready_o"
"cex","i_instr_queue.gen_instr_fifo[0].i_fifo_instr_data.read_pointer_q[0]","icache_dreq_o.req"
"cex","i_instr_queue.gen_instr_fifo[0].i_fifo_instr_data.read_pointer_q[0]","instr_queue_ready"
"cex","i_instr_queue.gen_instr_fifo[0].i_fifo_instr_data.read_pointer_q[1]","i_instr_queue.ready_o"
"cex","i_instr_queue.gen_instr_fifo[0].i_fifo_instr_data.read_pointer_q[1]","icache_dreq_o.req"
"cex","i_instr_queue.gen_instr_fifo[0].i_fifo_instr_data.read_pointer_q[1]","instr_queue_ready"
"cex","i_instr_queue.gen_instr_fifo[0].i_fifo_instr_data.usage_o[0]","i_instr_queue.branch_empty"
"cex","i_instr_queue.gen_instr_fifo[0].i_fifo_instr_data.usage_o[0]","i_instr_queue.ready_o"
"cex","i_instr_queue.gen_instr_fifo[0].i_fifo_instr_data.usage_o[0]","icache_dreq_o.req"
"cex","i_instr_queue.gen_instr_fifo[0].i_fifo_instr_data.usage_o[0]","instr_queue_ready"
"cex","i_instr_queue.gen_instr_fifo[0].i_fifo_instr_data.write_pointer_n[0]","i_instr_queue.ready_o"
"cex","i_instr_queue.gen_instr_fifo[0].i_fifo_instr_data.write_pointer_n[0]","icache_dreq_o.req"
"cex","i_instr_queue.gen_instr_fifo[0].i_fifo_instr_data.write_pointer_n[0]","instr_queue_ready"
"cex","i_instr_queue.gen_instr_fifo[0].i_fifo_instr_data.write_pointer_n[1]","i_instr_queue.ready_o"
"cex","i_instr_queue.gen_instr_fifo[0].i_fifo_instr_data.write_pointer_n[1]","icache_dreq_o.req"
"cex","i_instr_queue.gen_instr_fifo[0].i_fifo_instr_data.write_pointer_n[1]","instr_queue_ready"
"cex","i_instr_queue.gen_instr_fifo[0].i_fifo_instr_data.write_pointer_q[0]","i_instr_queue.ready_o"
"cex","i_instr_queue.gen_instr_fifo[0].i_fifo_instr_data.write_pointer_q[0]","icache_dreq_o.req"
"cex","i_instr_queue.gen_instr_fifo[0].i_fifo_instr_data.write_pointer_q[0]","instr_queue_ready"
"cex","i_instr_queue.gen_instr_fifo[0].i_fifo_instr_data.write_pointer_q[1]","i_instr_queue.ready_o"
"cex","i_instr_queue.gen_instr_fifo[0].i_fifo_instr_data.write_pointer_q[1]","icache_dreq_o.req"
"cex","i_instr_queue.gen_instr_fifo[0].i_fifo_instr_data.write_pointer_q[1]","instr_queue_ready"
"cex","i_instr_queue.gen_instr_fifo[1].i_fifo_instr_data.flush_i","i_instr_queue.branch_empty"
"cex","i_instr_queue.gen_instr_fifo[1].i_fifo_instr_data.flush_i","i_instr_queue.gen_instr_fifo[0].i_fifo_instr_data.gate_clock"
"cex","i_instr_queue.gen_instr_fifo[1].i_fifo_instr_data.flush_i","i_instr_queue.gen_instr_fifo[1].i_fifo_instr_data.gate_clock"
"cex","i_instr_queue.gen_instr_fifo[1].i_fifo_instr_data.gate_clock","i_instr_queue.ready_o"
"cex","i_instr_queue.gen_instr_fifo[1].i_fifo_instr_data.gate_clock","icache_dreq_o.req"
"cex","i_instr_queue.gen_instr_fifo[1].i_fifo_instr_data.gate_clock","instr_queue_ready"
"cex","i_instr_queue.gen_instr_fifo[1].i_fifo_instr_data.pop_i","i_instr_queue.branch_empty"
"cex","i_instr_queue.gen_instr_fifo[1].i_fifo_instr_data.pop_i","i_instr_queue.ready_o"
"cex","i_instr_queue.gen_instr_fifo[1].i_fifo_instr_data.pop_i","icache_dreq_o.req"
"cex","i_instr_queue.gen_instr_fifo[1].i_fifo_instr_data.pop_i","instr_queue_ready"
"cex","i_instr_queue.gen_instr_fifo[1].i_fifo_instr_data.push_i","i_instr_queue.branch_empty"
"cex","i_instr_queue.gen_instr_fifo[1].i_fifo_instr_data.push_i","i_instr_queue.ready_o"
"cex","i_instr_queue.gen_instr_fifo[1].i_fifo_instr_data.push_i","icache_dreq_o.req"
"cex","i_instr_queue.gen_instr_fifo[1].i_fifo_instr_data.push_i","instr_queue_ready"
"cex","i_instr_queue.gen_instr_fifo[1].i_fifo_instr_data.read_pointer_n[0]","i_instr_queue.ready_o"
"cex","i_instr_queue.gen_instr_fifo[1].i_fifo_instr_data.read_pointer_n[0]","icache_dreq_o.req"
"cex","i_instr_queue.gen_instr_fifo[1].i_fifo_instr_data.read_pointer_n[0]","instr_queue_ready"
"cex","i_instr_queue.gen_instr_fifo[1].i_fifo_instr_data.read_pointer_n[1]","i_instr_queue.ready_o"
"cex","i_instr_queue.gen_instr_fifo[1].i_fifo_instr_data.read_pointer_n[1]","icache_dreq_o.req"
"cex","i_instr_queue.gen_instr_fifo[1].i_fifo_instr_data.read_pointer_n[1]","instr_queue_ready"
"cex","i_instr_queue.gen_instr_fifo[1].i_fifo_instr_data.read_pointer_q[0]","i_instr_queue.ready_o"
"cex","i_instr_queue.gen_instr_fifo[1].i_fifo_instr_data.read_pointer_q[0]","icache_dreq_o.req"
"cex","i_instr_queue.gen_instr_fifo[1].i_fifo_instr_data.read_pointer_q[0]","instr_queue_ready"
"cex","i_instr_queue.gen_instr_fifo[1].i_fifo_instr_data.read_pointer_q[1]","i_instr_queue.ready_o"
"cex","i_instr_queue.gen_instr_fifo[1].i_fifo_instr_data.read_pointer_q[1]","icache_dreq_o.req"
"cex","i_instr_queue.gen_instr_fifo[1].i_fifo_instr_data.read_pointer_q[1]","instr_queue_ready"
"cex","i_instr_queue.gen_instr_fifo[1].i_fifo_instr_data.usage_o[0]","i_instr_queue.branch_empty"
"cex","i_instr_queue.gen_instr_fifo[1].i_fifo_instr_data.usage_o[0]","i_instr_queue.ready_o"
"cex","i_instr_queue.gen_instr_fifo[1].i_fifo_instr_data.usage_o[0]","icache_dreq_o.req"
"cex","i_instr_queue.gen_instr_fifo[1].i_fifo_instr_data.usage_o[0]","instr_queue_ready"
"cex","i_instr_queue.gen_instr_fifo[1].i_fifo_instr_data.write_pointer_n[0]","i_instr_queue.ready_o"
"cex","i_instr_queue.gen_instr_fifo[1].i_fifo_instr_data.write_pointer_n[0]","icache_dreq_o.req"
"cex","i_instr_queue.gen_instr_fifo[1].i_fifo_instr_data.write_pointer_n[0]","instr_queue_ready"
"cex","i_instr_queue.gen_instr_fifo[1].i_fifo_instr_data.write_pointer_n[1]","i_instr_queue.ready_o"
"cex","i_instr_queue.gen_instr_fifo[1].i_fifo_instr_data.write_pointer_n[1]","icache_dreq_o.req"
"cex","i_instr_queue.gen_instr_fifo[1].i_fifo_instr_data.write_pointer_n[1]","instr_queue_ready"
"cex","i_instr_queue.gen_instr_fifo[1].i_fifo_instr_data.write_pointer_q[0]","i_instr_queue.ready_o"
"cex","i_instr_queue.gen_instr_fifo[1].i_fifo_instr_data.write_pointer_q[0]","icache_dreq_o.req"
"cex","i_instr_queue.gen_instr_fifo[1].i_fifo_instr_data.write_pointer_q[0]","instr_queue_ready"
"cex","i_instr_queue.gen_instr_fifo[1].i_fifo_instr_data.write_pointer_q[1]","i_instr_queue.ready_o"
"cex","i_instr_queue.gen_instr_fifo[1].i_fifo_instr_data.write_pointer_q[1]","icache_dreq_o.req"
"cex","i_instr_queue.gen_instr_fifo[1].i_fifo_instr_data.write_pointer_q[1]","instr_queue_ready"
"cex","i_instr_queue.i_popcount.left_child_result[0]","i_instr_queue.branch_empty"
"cex","i_instr_queue.i_popcount.left_child_result[0]","i_instr_queue.ready_o"
"cex","i_instr_queue.i_popcount.left_child_result[0]","icache_dreq_o.req"
"cex","i_instr_queue.i_popcount.left_child_result[0]","instr_queue_ready"
"cex","i_instr_queue.i_popcount.padded_input[0]","i_instr_queue.branch_empty"
"cex","i_instr_queue.i_popcount.padded_input[0]","i_instr_queue.ready_o"
"cex","i_instr_queue.i_popcount.padded_input[0]","icache_dreq_o.req"
"cex","i_instr_queue.i_popcount.padded_input[0]","instr_queue_ready"
"cex","i_instr_queue.i_popcount.padded_input[1]","i_instr_queue.branch_empty"
"cex","i_instr_queue.i_popcount.padded_input[1]","i_instr_queue.ready_o"
"cex","i_instr_queue.i_popcount.padded_input[1]","icache_dreq_o.req"
"cex","i_instr_queue.i_popcount.padded_input[1]","instr_queue_ready"
"cex","i_instr_queue.i_popcount.popcount_o[0]","fetch_entry_valid_o"
"cex","i_instr_queue.i_popcount.popcount_o[0]","i_instr_queue.branch_empty"
"cex","i_instr_queue.i_popcount.popcount_o[0]","i_instr_queue.fetch_entry_ready_i"
"cex","i_instr_queue.i_popcount.popcount_o[0]","i_instr_queue.fetch_entry_valid_o"
"cex","i_instr_queue.i_popcount.popcount_o[0]","i_instr_queue.gen_instr_fifo[0].i_fifo_instr_data.gate_clock"
"cex","i_instr_queue.i_popcount.popcount_o[0]","i_instr_queue.gen_instr_fifo[1].i_fifo_instr_data.gate_clock"
"cex","i_instr_queue.i_popcount.popcount_o[0]","i_instr_queue.ready_o"
"cex","i_instr_queue.i_popcount.popcount_o[0]","icache_dreq_o.req"
"cex","i_instr_queue.i_popcount.popcount_o[0]","instr_queue_ready"
"cex","i_instr_queue.i_popcount.popcount_o[1]","gen_instr_scan[0].i_instr_scan.is_rvc"
"cex","i_instr_queue.i_popcount.popcount_o[1]","i_instr_queue.branch_empty"
"cex","i_instr_queue.i_popcount.popcount_o[1]","i_instr_queue.ready_o"
"cex","i_instr_queue.i_popcount.popcount_o[1]","icache_dreq_o.req"
"cex","i_instr_queue.i_popcount.popcount_o[1]","instr_queue_ready"
"cex","i_instr_queue.i_popcount.right_child_result[0]","i_instr_queue.branch_empty"
"cex","i_instr_queue.i_popcount.right_child_result[0]","i_instr_queue.ready_o"
"cex","i_instr_queue.i_popcount.right_child_result[0]","icache_dreq_o.req"
"cex","i_instr_queue.i_popcount.right_child_result[0]","instr_queue_ready"
"cex","i_instr_queue.idx_ds_d[0]","i_instr_queue.ready_o"
"cex","i_instr_queue.idx_ds_d[0]","icache_dreq_o.req"
"cex","i_instr_queue.idx_ds_d[0]","instr_queue_ready"
"cex","i_instr_queue.idx_ds_d[1]","i_instr_queue.ready_o"
"cex","i_instr_queue.idx_ds_d[1]","icache_dreq_o.req"
"cex","i_instr_queue.idx_ds_d[1]","instr_queue_ready"
"cex","i_instr_queue.idx_ds_q[0]","i_instr_queue.ready_o"
"cex","i_instr_queue.idx_ds_q[0]","icache_dreq_o.req"
"cex","i_instr_queue.idx_ds_q[0]","instr_queue_ready"
"cex","i_instr_queue.idx_ds_q[1]","i_instr_queue.ready_o"
"cex","i_instr_queue.idx_ds_q[1]","icache_dreq_o.req"
"cex","i_instr_queue.idx_ds_q[1]","instr_queue_ready"
"cex","i_instr_queue.idx_is_d[0]","i_instr_queue.ready_o"
"cex","i_instr_queue.idx_is_d[0]","icache_dreq_o.req"
"cex","i_instr_queue.idx_is_d[0]","instr_queue_ready"
"cex","i_instr_queue.idx_is_q[0]","i_instr_queue.ready_o"
"cex","i_instr_queue.idx_is_q[0]","icache_dreq_o.req"
"cex","i_instr_queue.idx_is_q[0]","instr_queue_ready"
"cex","i_instr_queue.instr_overflow","fetch_entry_valid_o"
"cex","i_instr_queue.instr_overflow","i_instr_queue.branch_empty"
"cex","i_instr_queue.instr_overflow","i_instr_queue.fetch_entry_valid_o"
"cex","i_instr_queue.instr_overflow","i_instr_queue.gen_instr_fifo[0].i_fifo_instr_data.gate_clock"
"cex","i_instr_queue.instr_overflow","i_instr_queue.gen_instr_fifo[1].i_fifo_instr_data.gate_clock"
"cex","i_instr_queue.instr_overflow_fifo[0]","fetch_entry_valid_o"
"cex","i_instr_queue.instr_overflow_fifo[0]","i_instr_queue.branch_empty"
"cex","i_instr_queue.instr_overflow_fifo[0]","i_instr_queue.fetch_entry_valid_o"
"cex","i_instr_queue.instr_overflow_fifo[0]","i_instr_queue.gen_instr_fifo[0].i_fifo_instr_data.gate_clock"
"cex","i_instr_queue.instr_overflow_fifo[0]","i_instr_queue.gen_instr_fifo[1].i_fifo_instr_data.gate_clock"
"cex","i_instr_queue.instr_overflow_fifo[1]","fetch_entry_valid_o"
"cex","i_instr_queue.instr_overflow_fifo[1]","i_instr_queue.branch_empty"
"cex","i_instr_queue.instr_overflow_fifo[1]","i_instr_queue.fetch_entry_valid_o"
"cex","i_instr_queue.instr_overflow_fifo[1]","i_instr_queue.gen_instr_fifo[0].i_fifo_instr_data.gate_clock"
"cex","i_instr_queue.instr_overflow_fifo[1]","i_instr_queue.gen_instr_fifo[1].i_fifo_instr_data.gate_clock"
"cex","i_instr_queue.instr_queue_usage[0][0]","i_instr_queue.branch_empty"
"cex","i_instr_queue.instr_queue_usage[0][0]","i_instr_queue.ready_o"
"cex","i_instr_queue.instr_queue_usage[0][0]","icache_dreq_o.req"
"cex","i_instr_queue.instr_queue_usage[0][0]","instr_queue_ready"
"cex","i_instr_queue.instr_queue_usage[1][0]","i_instr_queue.branch_empty"
"cex","i_instr_queue.instr_queue_usage[1][0]","i_instr_queue.ready_o"
"cex","i_instr_queue.instr_queue_usage[1][0]","icache_dreq_o.req"
"cex","i_instr_queue.instr_queue_usage[1][0]","instr_queue_ready"
"cex","i_instr_queue.pop_instr[0]","i_instr_queue.branch_empty"
"cex","i_instr_queue.pop_instr[0]","i_instr_queue.gen_instr_fifo[0].i_fifo_instr_data.empty_o"
"cex","i_instr_queue.pop_instr[0]","i_instr_queue.instr_queue_empty[0]"
"cex","i_instr_queue.pop_instr[0]","i_instr_queue.ready_o"
"cex","i_instr_queue.pop_instr[0]","icache_dreq_o.req"
"cex","i_instr_queue.pop_instr[0]","instr_queue_ready"
"cex","i_instr_queue.pop_instr[1]","i_instr_queue.branch_empty"
"cex","i_instr_queue.pop_instr[1]","i_instr_queue.ready_o"
"cex","i_instr_queue.pop_instr[1]","icache_dreq_o.req"
"cex","i_instr_queue.pop_instr[1]","instr_queue_ready"
"cex","i_instr_queue.popcount[0]","fetch_entry_valid_o"
"cex","i_instr_queue.popcount[0]","i_instr_queue.branch_empty"
"cex","i_instr_queue.popcount[0]","i_instr_queue.fetch_entry_ready_i"
"cex","i_instr_queue.popcount[0]","i_instr_queue.fetch_entry_valid_o"
"cex","i_instr_queue.popcount[0]","i_instr_queue.gen_instr_fifo[0].i_fifo_instr_data.gate_clock"
"cex","i_instr_queue.popcount[0]","i_instr_queue.gen_instr_fifo[1].i_fifo_instr_data.gate_clock"
"cex","i_instr_queue.popcount[0]","i_instr_queue.ready_o"
"cex","i_instr_queue.popcount[0]","icache_dreq_o.req"
"cex","i_instr_queue.popcount[0]","instr_queue_ready"
"cex","i_instr_queue.popcount[1]","gen_instr_scan[0].i_instr_scan.is_rvc"
"cex","i_instr_queue.popcount[1]","i_instr_queue.branch_empty"
"cex","i_instr_queue.popcount[1]","i_instr_queue.ready_o"
"cex","i_instr_queue.popcount[1]","icache_dreq_o.req"
"cex","i_instr_queue.popcount[1]","instr_queue_ready"
"cex","i_instr_queue.push_instr[0]","i_instr_queue.branch_empty"
"cex","i_instr_queue.push_instr[0]","i_instr_queue.ready_o"
"cex","i_instr_queue.push_instr[0]","icache_dreq_o.req"
"cex","i_instr_queue.push_instr[0]","instr_queue_ready"
"cex","i_instr_queue.push_instr[1]","i_instr_queue.branch_empty"
"cex","i_instr_queue.push_instr[1]","i_instr_queue.ready_o"
"cex","i_instr_queue.push_instr[1]","icache_dreq_o.req"
"cex","i_instr_queue.push_instr[1]","instr_queue_ready"
"cex","i_instr_queue.push_instr_fifo[0]","i_instr_queue.branch_empty"
"cex","i_instr_queue.push_instr_fifo[0]","i_instr_queue.ready_o"
"cex","i_instr_queue.push_instr_fifo[0]","icache_dreq_o.req"
"cex","i_instr_queue.push_instr_fifo[0]","instr_queue_ready"
"cex","i_instr_queue.push_instr_fifo[1]","i_instr_queue.branch_empty"
"cex","i_instr_queue.push_instr_fifo[1]","i_instr_queue.ready_o"
"cex","i_instr_queue.push_instr_fifo[1]","icache_dreq_o.req"
"cex","i_instr_queue.push_instr_fifo[1]","instr_queue_ready"
"cex","i_instr_queue.replay_o","fetch_entry_valid_o"
"cex","i_instr_queue.replay_o","i_instr_queue.branch_empty"
"cex","i_instr_queue.replay_o","i_instr_queue.fetch_entry_valid_o"
"cex","i_instr_queue.replay_o","i_instr_queue.gen_instr_fifo[0].i_fifo_instr_data.gate_clock"
"cex","i_instr_queue.replay_o","i_instr_queue.gen_instr_fifo[1].i_fifo_instr_data.gate_clock"
"cex","i_instr_queue.shamt[0]","fetch_entry_valid_o"
"cex","i_instr_queue.shamt[0]","i_instr_queue.branch_empty"
"cex","i_instr_queue.shamt[0]","i_instr_queue.fetch_entry_ready_i"
"cex","i_instr_queue.shamt[0]","i_instr_queue.fetch_entry_valid_o"
"cex","i_instr_queue.shamt[0]","i_instr_queue.gen_instr_fifo[0].i_fifo_instr_data.gate_clock"
"cex","i_instr_queue.shamt[0]","i_instr_queue.gen_instr_fifo[1].i_fifo_instr_data.gate_clock"
"cex","i_instr_queue.shamt[0]","i_instr_queue.ready_o"
"cex","i_instr_queue.shamt[0]","icache_dreq_o.req"
"cex","i_instr_queue.shamt[0]","instr_queue_ready"
"cex","i_instr_queue.taken[0]","fetch_entry_valid_o"
"cex","i_instr_queue.taken[0]","i_instr_queue.branch_empty"
"cex","i_instr_queue.taken[0]","i_instr_queue.fetch_entry_ready_i"
"cex","i_instr_queue.taken[0]","i_instr_queue.fetch_entry_valid_o"
"cex","i_instr_queue.taken[0]","i_instr_queue.gen_instr_fifo[0].i_fifo_instr_data.gate_clock"
"cex","i_instr_queue.taken[0]","i_instr_queue.gen_instr_fifo[1].i_fifo_instr_data.gate_clock"
"cex","i_instr_queue.taken[0]","i_instr_queue.ready_o"
"cex","i_instr_queue.taken[0]","icache_dreq_o.req"
"cex","i_instr_queue.taken[0]","instr_queue_ready"
"cex","i_instr_queue.taken[1]","fetch_entry_valid_o"
"cex","i_instr_queue.taken[1]","i_instr_queue.branch_empty"
"cex","i_instr_queue.taken[1]","i_instr_queue.fetch_entry_valid_o"
"cex","i_instr_queue.taken[1]","i_instr_queue.gen_instr_fifo[0].i_fifo_instr_data.gate_clock"
"cex","i_instr_queue.taken[1]","i_instr_queue.gen_instr_fifo[1].i_fifo_instr_data.gate_clock"
"cex","i_instr_queue.valid[0]","i_instr_queue.branch_empty"
"cex","i_instr_queue.valid[0]","i_instr_queue.ready_o"
"cex","i_instr_queue.valid[0]","icache_dreq_o.req"
"cex","i_instr_queue.valid[0]","instr_queue_ready"
"cex","i_instr_queue.valid[1]","gen_instr_scan[0].i_instr_scan.is_rvc"
"cex","i_instr_queue.valid[1]","i_instr_queue.branch_empty"
"cex","i_instr_queue.valid[1]","i_instr_queue.ready_o"
"cex","i_instr_queue.valid[1]","icache_dreq_o.req"
"cex","i_instr_queue.valid[1]","instr_queue_ready"
"cex","i_instr_queue.valid_i[0]","i_instr_queue.branch_empty"
"cex","i_instr_queue.valid_i[0]","i_instr_queue.ready_o"
"cex","i_instr_queue.valid_i[0]","icache_dreq_o.req"
"cex","i_instr_queue.valid_i[0]","instr_queue_ready"
"cex","i_instr_queue.valid_i[1]","gen_instr_scan[0].i_instr_scan.is_rvc"
"cex","i_instr_queue.valid_i[1]","i_instr_queue.branch_empty"
"cex","i_instr_queue.valid_i[1]","i_instr_queue.ready_o"
"cex","i_instr_queue.valid_i[1]","icache_dreq_o.req"
"cex","i_instr_queue.valid_i[1]","instr_queue_ready"
"cex","i_instr_realign.flush_i","i_instr_queue.branch_empty"
"cex","i_instr_realign.flush_i","i_instr_queue.gen_instr_fifo[0].i_fifo_instr_data.gate_clock"
"cex","i_instr_realign.flush_i","i_instr_queue.gen_instr_fifo[1].i_fifo_instr_data.gate_clock"
"cex","i_instr_realign.flush_i","i_instr_queue.ready_o"
"cex","i_instr_realign.flush_i","icache_dreq_o.req"
"cex","i_instr_realign.flush_i","instr_queue_ready"
"cex","i_instr_realign.valid_i","i_instr_queue.branch_empty"
"cex","i_instr_realign.valid_i","i_instr_queue.ready_o"
"cex","i_instr_realign.valid_i","icache_dreq_o.req"
"cex","i_instr_realign.valid_i","instr_queue_ready"
"cex","i_instr_realign.valid_o[0]","i_instr_queue.branch_empty"
"cex","i_instr_realign.valid_o[0]","i_instr_queue.ready_o"
"cex","i_instr_realign.valid_o[0]","icache_dreq_o.req"
"cex","i_instr_realign.valid_o[0]","instr_queue_ready"
"cex","i_instr_realign.valid_o[1]","gen_instr_scan[0].i_instr_scan.is_rvc"
"cex","i_instr_realign.valid_o[1]","i_instr_queue.branch_empty"
"cex","i_instr_realign.valid_o[1]","i_instr_queue.ready_o"
"cex","i_instr_realign.valid_o[1]","icache_dreq_o.req"
"cex","i_instr_realign.valid_o[1]","instr_queue_ready"
"cex","i_issue_read_operands.alu_valid_o","commit_instr_o[0].valid"
"cex","i_issue_read_operands.alu_valid_o","i_issue_read_operands.flu_ready_i"
"cex","i_issue_read_operands.alu_valid_o","i_issue_read_operands.fpu_ready_i"
"cex","i_issue_read_operands.alu_valid_o","i_issue_read_operands.lsu_ready_i"
"cex","i_issue_read_operands.alu_valid_o","i_issue_read_operands.we_gpr_i[0]"
"cex","i_issue_read_operands.alu_valid_o","i_issue_read_operands.we_pack[0]"
"cex","i_issue_read_operands.alu_valid_o","i_scoreboard.commit_ack_i[0]"
"cex","i_issue_read_operands.alu_valid_o","i_scoreboard.commit_instr_o[0].valid"
"cex","i_issue_read_operands.alu_valid_o","i_scoreboard.i_popcount.data_i[0]"
"cex","i_issue_read_operands.alu_valid_o","i_scoreboard.i_popcount.padded_input[0]"
"cex","i_issue_read_operands.alu_valid_o","i_scoreboard.i_popcount.popcount_o[0]"
"cex","i_issue_read_operands.alu_valid_o","i_scoreboard.i_popcount.right_child_result[0]"
"cex","i_issue_read_operands.alu_valid_o","i_scoreboard.mem_n[0].sbe.use_imm"
"cex","i_issue_read_operands.alu_valid_o","i_scoreboard.mem_q[0].sbe.use_imm"
"cex","i_issue_read_operands.alu_valid_o","i_scoreboard.num_commit[0]"
"cex","i_issue_read_operands.alu_valid_q","commit_instr_o[0].valid"
"cex","i_issue_read_operands.alu_valid_q","i_issue_read_operands.flu_ready_i"
"cex","i_issue_read_operands.alu_valid_q","i_issue_read_operands.fpu_ready_i"
"cex","i_issue_read_operands.alu_valid_q","i_issue_read_operands.lsu_ready_i"
"cex","i_issue_read_operands.alu_valid_q","i_issue_read_operands.we_gpr_i[0]"
"cex","i_issue_read_operands.alu_valid_q","i_issue_read_operands.we_pack[0]"
"cex","i_issue_read_operands.alu_valid_q","i_scoreboard.commit_ack_i[0]"
"cex","i_issue_read_operands.alu_valid_q","i_scoreboard.commit_instr_o[0].valid"
"cex","i_issue_read_operands.alu_valid_q","i_scoreboard.i_popcount.data_i[0]"
"cex","i_issue_read_operands.alu_valid_q","i_scoreboard.i_popcount.padded_input[0]"
"cex","i_issue_read_operands.alu_valid_q","i_scoreboard.i_popcount.popcount_o[0]"
"cex","i_issue_read_operands.alu_valid_q","i_scoreboard.i_popcount.right_child_result[0]"
"cex","i_issue_read_operands.alu_valid_q","i_scoreboard.mem_n[0].sbe.use_imm"
"cex","i_issue_read_operands.alu_valid_q","i_scoreboard.mem_q[0].sbe.use_imm"
"cex","i_issue_read_operands.alu_valid_q","i_scoreboard.num_commit[0]"
"cex","i_issue_read_operands.branch_valid_o","commit_instr_o[0].use_imm"
"cex","i_issue_read_operands.branch_valid_o","commit_instr_o[0].valid"
"cex","i_issue_read_operands.branch_valid_o","i_issue_read_operands.flu_ready_i"
"cex","i_issue_read_operands.branch_valid_o","i_issue_read_operands.fpu_ready_i"
"cex","i_issue_read_operands.branch_valid_o","i_issue_read_operands.lsu_ready_i"
"cex","i_issue_read_operands.branch_valid_o","i_issue_read_operands.we_gpr_i[0]"
"cex","i_issue_read_operands.branch_valid_o","i_issue_read_operands.we_pack[0]"
"cex","i_issue_read_operands.branch_valid_o","i_scoreboard.commit_ack_i[0]"
"cex","i_issue_read_operands.branch_valid_o","i_scoreboard.commit_instr_o[0].use_imm"
"cex","i_issue_read_operands.branch_valid_o","i_scoreboard.commit_instr_o[0].valid"
"cex","i_issue_read_operands.branch_valid_o","i_scoreboard.i_popcount.data_i[0]"
"cex","i_issue_read_operands.branch_valid_o","i_scoreboard.i_popcount.padded_input[0]"
"cex","i_issue_read_operands.branch_valid_o","i_scoreboard.i_popcount.popcount_o[0]"
"cex","i_issue_read_operands.branch_valid_o","i_scoreboard.i_popcount.right_child_result[0]"
"cex","i_issue_read_operands.branch_valid_o","i_scoreboard.mem_n[0].sbe.use_imm"
"cex","i_issue_read_operands.branch_valid_o","i_scoreboard.mem_q[0].sbe.use_imm"
"cex","i_issue_read_operands.branch_valid_o","i_scoreboard.num_commit[0]"
"cex","i_issue_read_operands.branch_valid_q","commit_instr_o[0].use_imm"
"cex","i_issue_read_operands.branch_valid_q","commit_instr_o[0].valid"
"cex","i_issue_read_operands.branch_valid_q","i_issue_read_operands.flu_ready_i"
"cex","i_issue_read_operands.branch_valid_q","i_issue_read_operands.fpu_ready_i"
"cex","i_issue_read_operands.branch_valid_q","i_issue_read_operands.lsu_ready_i"
"cex","i_issue_read_operands.branch_valid_q","i_issue_read_operands.we_gpr_i[0]"
"cex","i_issue_read_operands.branch_valid_q","i_issue_read_operands.we_pack[0]"
"cex","i_issue_read_operands.branch_valid_q","i_scoreboard.commit_ack_i[0]"
"cex","i_issue_read_operands.branch_valid_q","i_scoreboard.commit_instr_o[0].use_imm"
"cex","i_issue_read_operands.branch_valid_q","i_scoreboard.commit_instr_o[0].valid"
"cex","i_issue_read_operands.branch_valid_q","i_scoreboard.i_popcount.data_i[0]"
"cex","i_issue_read_operands.branch_valid_q","i_scoreboard.i_popcount.padded_input[0]"
"cex","i_issue_read_operands.branch_valid_q","i_scoreboard.i_popcount.popcount_o[0]"
"cex","i_issue_read_operands.branch_valid_q","i_scoreboard.i_popcount.right_child_result[0]"
"cex","i_issue_read_operands.branch_valid_q","i_scoreboard.mem_n[0].sbe.use_imm"
"cex","i_issue_read_operands.branch_valid_q","i_scoreboard.mem_q[0].sbe.use_imm"
"cex","i_issue_read_operands.branch_valid_q","i_scoreboard.num_commit[0]"
"cex","i_issue_read_operands.csr_valid_o","commit_instr_o[0].valid"
"cex","i_issue_read_operands.csr_valid_o","i_issue_read_operands.fpu_ready_i"
"cex","i_issue_read_operands.csr_valid_o","i_issue_read_operands.lsu_ready_i"
"cex","i_issue_read_operands.csr_valid_o","i_issue_read_operands.we_gpr_i[0]"
"cex","i_issue_read_operands.csr_valid_o","i_issue_read_operands.we_pack[0]"
"cex","i_issue_read_operands.csr_valid_o","i_scoreboard.commit_ack_i[0]"
"cex","i_issue_read_operands.csr_valid_o","i_scoreboard.commit_instr_o[0].valid"
"cex","i_issue_read_operands.csr_valid_o","i_scoreboard.i_popcount.data_i[0]"
"cex","i_issue_read_operands.csr_valid_o","i_scoreboard.i_popcount.padded_input[0]"
"cex","i_issue_read_operands.csr_valid_o","i_scoreboard.i_popcount.popcount_o[0]"
"cex","i_issue_read_operands.csr_valid_o","i_scoreboard.i_popcount.right_child_result[0]"
"cex","i_issue_read_operands.csr_valid_o","i_scoreboard.mem_n[0].sbe.use_imm"
"cex","i_issue_read_operands.csr_valid_o","i_scoreboard.mem_q[0].sbe.use_imm"
"cex","i_issue_read_operands.csr_valid_o","i_scoreboard.num_commit[0]"
"cex","i_issue_read_operands.csr_valid_q","commit_instr_o[0].valid"
"cex","i_issue_read_operands.csr_valid_q","i_issue_read_operands.fpu_ready_i"
"cex","i_issue_read_operands.csr_valid_q","i_issue_read_operands.lsu_ready_i"
"cex","i_issue_read_operands.csr_valid_q","i_issue_read_operands.we_gpr_i[0]"
"cex","i_issue_read_operands.csr_valid_q","i_issue_read_operands.we_pack[0]"
"cex","i_issue_read_operands.csr_valid_q","i_scoreboard.commit_ack_i[0]"
"cex","i_issue_read_operands.csr_valid_q","i_scoreboard.commit_instr_o[0].valid"
"cex","i_issue_read_operands.csr_valid_q","i_scoreboard.i_popcount.data_i[0]"
"cex","i_issue_read_operands.csr_valid_q","i_scoreboard.i_popcount.padded_input[0]"
"cex","i_issue_read_operands.csr_valid_q","i_scoreboard.i_popcount.popcount_o[0]"
"cex","i_issue_read_operands.csr_valid_q","i_scoreboard.i_popcount.right_child_result[0]"
"cex","i_issue_read_operands.csr_valid_q","i_scoreboard.mem_n[0].sbe.use_imm"
"cex","i_issue_read_operands.csr_valid_q","i_scoreboard.mem_q[0].sbe.use_imm"
"cex","i_issue_read_operands.csr_valid_q","i_scoreboard.num_commit[0]"
"cex","i_issue_read_operands.flu_ready_i","i_issue_read_operands.fpu_ready_i"
"cex","i_issue_read_operands.flu_ready_i","i_issue_read_operands.lsu_ready_i"
"cex","i_issue_read_operands.flush_i","commit_instr_o[0].use_imm"
"cex","i_issue_read_operands.flush_i","i_issue_read_operands.flu_ready_i"
"cex","i_issue_read_operands.flush_i","i_issue_read_operands.fpu_ready_i"
"cex","i_issue_read_operands.flush_i","i_issue_read_operands.lsu_ready_i"
"cex","i_issue_read_operands.flush_i","i_scoreboard.commit_instr_o[0].use_imm"
"cex","i_issue_read_operands.flush_i","i_scoreboard.mem_n[0].sbe.use_imm"
"cex","i_issue_read_operands.flush_i","i_scoreboard.mem_q[0].sbe.use_imm"
"cex","i_issue_read_operands.fpu_valid_o","i_issue_read_operands.flu_ready_i"
"cex","i_issue_read_operands.fpu_valid_o","i_issue_read_operands.fpu_ready_i"
"cex","i_issue_read_operands.fpu_valid_o","i_issue_read_operands.lsu_ready_i"
"cex","i_issue_read_operands.fpu_valid_q","i_issue_read_operands.flu_ready_i"
"cex","i_issue_read_operands.fpu_valid_q","i_issue_read_operands.fpu_ready_i"
"cex","i_issue_read_operands.fpu_valid_q","i_issue_read_operands.lsu_ready_i"
"cex","i_issue_read_operands.is_compressed_instr_o","i_issue_read_operands.fpu_ready_i"
"cex","i_issue_read_operands.is_compressed_instr_o","i_issue_read_operands.lsu_ready_i"
"cex","i_issue_read_operands.is_compressed_instr_o","i_scoreboard.mem_n[0].sbe.use_imm"
"cex","i_issue_read_operands.is_compressed_instr_o","i_scoreboard.mem_q[0].sbe.use_imm"
"cex","i_issue_read_operands.issue_ack_o","i_issue_read_operands.fpu_ready_i"
"cex","i_issue_read_operands.issue_ack_o","i_issue_read_operands.lsu_ready_i"
"cex","i_issue_read_operands.issue_instr_i.ex.valid","i_issue_read_operands.fpu_ready_i"
"cex","i_issue_read_operands.issue_instr_i.ex.valid","i_issue_read_operands.lsu_ready_i"
"cex","i_issue_read_operands.issue_instr_i.ex.valid","i_scoreboard.mem_n[0].sbe.use_imm"
"cex","i_issue_read_operands.issue_instr_i.ex.valid","i_scoreboard.mem_q[0].sbe.use_imm"
"cex","i_issue_read_operands.issue_instr_i.is_compressed","i_issue_read_operands.fpu_ready_i"
"cex","i_issue_read_operands.issue_instr_i.is_compressed","i_issue_read_operands.lsu_ready_i"
"cex","i_issue_read_operands.issue_instr_i.is_compressed","i_scoreboard.mem_n[0].sbe.use_imm"
"cex","i_issue_read_operands.issue_instr_i.is_compressed","i_scoreboard.mem_q[0].sbe.use_imm"
"cex","i_issue_read_operands.issue_instr_i.use_imm","i_issue_read_operands.fpu_ready_i"
"cex","i_issue_read_operands.issue_instr_i.use_imm","i_issue_read_operands.lsu_ready_i"
"cex","i_issue_read_operands.issue_instr_i.use_imm","i_scoreboard.mem_n[0].sbe.use_imm"
"cex","i_issue_read_operands.issue_instr_i.use_imm","i_scoreboard.mem_q[0].sbe.use_imm"
"cex","i_issue_read_operands.issue_instr_i.use_pc","decoded_instr_i.use_imm"
"cex","i_issue_read_operands.issue_instr_i.use_pc","i_issue_read_operands.flu_ready_i"
"cex","i_issue_read_operands.issue_instr_i.use_pc","i_issue_read_operands.fpu_ready_i"
"cex","i_issue_read_operands.issue_instr_i.use_pc","i_issue_read_operands.issue_instr_i.use_imm"
"cex","i_issue_read_operands.issue_instr_i.use_pc","i_issue_read_operands.lsu_ready_i"
"cex","i_issue_read_operands.issue_instr_i.use_pc","i_re_name.issue_instr_i.use_imm"
"cex","i_issue_read_operands.issue_instr_i.use_pc","i_re_name.issue_instr_o.use_imm"
"cex","i_issue_read_operands.issue_instr_i.use_pc","i_scoreboard.decoded_instr_i.use_imm"
"cex","i_issue_read_operands.issue_instr_i.use_pc","i_scoreboard.issue_instr_o.use_imm"
"cex","i_issue_read_operands.issue_instr_i.use_pc","i_scoreboard.mem_n[0].sbe.use_imm"
"cex","i_issue_read_operands.issue_instr_i.use_pc","i_scoreboard.mem_q[0].sbe.use_imm"
"cex","i_issue_read_operands.issue_instr_i.use_pc","issue_instr_rename_sb.use_imm"
"cex","i_issue_read_operands.issue_instr_i.use_pc","issue_instr_sb_iro.use_imm"
"cex","i_issue_read_operands.issue_instr_i.valid","i_issue_read_operands.fpu_ready_i"
"cex","i_issue_read_operands.issue_instr_i.valid","i_issue_read_operands.lsu_ready_i"
"cex","i_issue_read_operands.issue_instr_i.valid","i_scoreboard.mem_n[0].sbe.use_imm"
"cex","i_issue_read_operands.issue_instr_i.valid","i_scoreboard.mem_q[0].sbe.use_imm"
"cex","i_issue_read_operands.issue_instr_valid_i","i_issue_read_operands.fpu_ready_i"
"cex","i_issue_read_operands.issue_instr_valid_i","i_issue_read_operands.lsu_ready_i"
"cex","i_issue_read_operands.lsu_valid_o","commit_instr_o[0].use_imm"
"cex","i_issue_read_operands.lsu_valid_o","decoded_instr_i.use_imm"
"cex","i_issue_read_operands.lsu_valid_o","i_issue_read_operands.flu_ready_i"
"cex","i_issue_read_operands.lsu_valid_o","i_issue_read_operands.fpu_ready_i"
"cex","i_issue_read_operands.lsu_valid_o","i_issue_read_operands.issue_instr_i.use_imm"
"cex","i_issue_read_operands.lsu_valid_o","i_issue_read_operands.lsu_ready_i"
"cex","i_issue_read_operands.lsu_valid_o","i_re_name.issue_instr_i.use_imm"
"cex","i_issue_read_operands.lsu_valid_o","i_re_name.issue_instr_o.use_imm"
"cex","i_issue_read_operands.lsu_valid_o","i_scoreboard.commit_instr_o[0].use_imm"
"cex","i_issue_read_operands.lsu_valid_o","i_scoreboard.decoded_instr_i.use_imm"
"cex","i_issue_read_operands.lsu_valid_o","i_scoreboard.issue_instr_o.use_imm"
"cex","i_issue_read_operands.lsu_valid_o","i_scoreboard.mem_n[0].sbe.use_imm"
"cex","i_issue_read_operands.lsu_valid_o","i_scoreboard.mem_q[0].sbe.use_imm"
"cex","i_issue_read_operands.lsu_valid_o","issue_instr_rename_sb.use_imm"
"cex","i_issue_read_operands.lsu_valid_o","issue_instr_sb_iro.use_imm"
"cex","i_issue_read_operands.lsu_valid_q","commit_instr_o[0].use_imm"
"cex","i_issue_read_operands.lsu_valid_q","decoded_instr_i.use_imm"
"cex","i_issue_read_operands.lsu_valid_q","i_issue_read_operands.flu_ready_i"
"cex","i_issue_read_operands.lsu_valid_q","i_issue_read_operands.fpu_ready_i"
"cex","i_issue_read_operands.lsu_valid_q","i_issue_read_operands.issue_instr_i.use_imm"
"cex","i_issue_read_operands.lsu_valid_q","i_issue_read_operands.lsu_ready_i"
"cex","i_issue_read_operands.lsu_valid_q","i_re_name.issue_instr_i.use_imm"
"cex","i_issue_read_operands.lsu_valid_q","i_re_name.issue_instr_o.use_imm"
"cex","i_issue_read_operands.lsu_valid_q","i_scoreboard.commit_instr_o[0].use_imm"
"cex","i_issue_read_operands.lsu_valid_q","i_scoreboard.decoded_instr_i.use_imm"
"cex","i_issue_read_operands.lsu_valid_q","i_scoreboard.issue_instr_o.use_imm"
"cex","i_issue_read_operands.lsu_valid_q","i_scoreboard.mem_n[0].sbe.use_imm"
"cex","i_issue_read_operands.lsu_valid_q","i_scoreboard.mem_q[0].sbe.use_imm"
"cex","i_issue_read_operands.lsu_valid_q","issue_instr_rename_sb.use_imm"
"cex","i_issue_read_operands.lsu_valid_q","issue_instr_sb_iro.use_imm"
"cex","i_issue_read_operands.mult_valid_o","decoded_instr_i.use_imm"
"cex","i_issue_read_operands.mult_valid_o","i_issue_read_operands.fpu_ready_i"
"cex","i_issue_read_operands.mult_valid_o","i_issue_read_operands.issue_instr_i.use_imm"
"cex","i_issue_read_operands.mult_valid_o","i_issue_read_operands.issue_instr_valid_i"
"cex","i_issue_read_operands.mult_valid_o","i_issue_read_operands.lsu_ready_i"
"cex","i_issue_read_operands.mult_valid_o","i_re_name.issue_instr_i.use_imm"
"cex","i_issue_read_operands.mult_valid_o","i_re_name.issue_instr_o.use_imm"
"cex","i_issue_read_operands.mult_valid_o","i_re_name.issue_instr_valid_i"
"cex","i_issue_read_operands.mult_valid_o","i_re_name.issue_instr_valid_o"
"cex","i_issue_read_operands.mult_valid_o","i_scoreboard.decoded_instr_i.use_imm"
"cex","i_issue_read_operands.mult_valid_o","i_scoreboard.decoded_instr_valid_i"
"cex","i_issue_read_operands.mult_valid_o","i_scoreboard.issue_instr_o.use_imm"
"cex","i_issue_read_operands.mult_valid_o","i_scoreboard.issue_instr_valid_o"
"cex","i_issue_read_operands.mult_valid_o","i_scoreboard.mem_n[0].sbe.use_imm"
"cex","i_issue_read_operands.mult_valid_o","i_scoreboard.mem_q[0].sbe.use_imm"
"cex","i_issue_read_operands.mult_valid_o","i_scoreboard.wt_valid_i[3]"
"cex","i_issue_read_operands.mult_valid_o","issue_instr_rename_sb.use_imm"
"cex","i_issue_read_operands.mult_valid_o","issue_instr_sb_iro.use_imm"
"cex","i_issue_read_operands.mult_valid_o","issue_instr_valid_rename_sb"
"cex","i_issue_read_operands.mult_valid_o","issue_instr_valid_sb_iro"
"cex","i_issue_read_operands.mult_valid_q","decoded_instr_i.use_imm"
"cex","i_issue_read_operands.mult_valid_q","i_issue_read_operands.fpu_ready_i"
"cex","i_issue_read_operands.mult_valid_q","i_issue_read_operands.issue_instr_i.use_imm"
"cex","i_issue_read_operands.mult_valid_q","i_issue_read_operands.issue_instr_valid_i"
"cex","i_issue_read_operands.mult_valid_q","i_issue_read_operands.lsu_ready_i"
"cex","i_issue_read_operands.mult_valid_q","i_re_name.issue_instr_i.use_imm"
"cex","i_issue_read_operands.mult_valid_q","i_re_name.issue_instr_o.use_imm"
"cex","i_issue_read_operands.mult_valid_q","i_re_name.issue_instr_valid_i"
"cex","i_issue_read_operands.mult_valid_q","i_re_name.issue_instr_valid_o"
"cex","i_issue_read_operands.mult_valid_q","i_scoreboard.decoded_instr_i.use_imm"
"cex","i_issue_read_operands.mult_valid_q","i_scoreboard.decoded_instr_valid_i"
"cex","i_issue_read_operands.mult_valid_q","i_scoreboard.issue_instr_o.use_imm"
"cex","i_issue_read_operands.mult_valid_q","i_scoreboard.issue_instr_valid_o"
"cex","i_issue_read_operands.mult_valid_q","i_scoreboard.mem_n[0].sbe.use_imm"
"cex","i_issue_read_operands.mult_valid_q","i_scoreboard.mem_q[0].sbe.use_imm"
"cex","i_issue_read_operands.mult_valid_q","i_scoreboard.wt_valid_i[3]"
"cex","i_issue_read_operands.mult_valid_q","issue_instr_rename_sb.use_imm"
"cex","i_issue_read_operands.mult_valid_q","issue_instr_sb_iro.use_imm"
"cex","i_issue_read_operands.mult_valid_q","issue_instr_valid_rename_sb"
"cex","i_issue_read_operands.mult_valid_q","issue_instr_valid_sb_iro"
"cex","i_issue_read_operands.orig_instr.atype.aq","i_issue_read_operands.fpu_ready_i"
"cex","i_issue_read_operands.orig_instr.atype.aq","i_issue_read_operands.lsu_ready_i"
"cex","i_issue_read_operands.orig_instr.atype.aq","i_scoreboard.mem_n[0].sbe.use_imm"
"cex","i_issue_read_operands.orig_instr.atype.aq","i_scoreboard.mem_q[0].sbe.use_imm"
"cex","i_issue_read_operands.orig_instr.atype.rl","i_issue_read_operands.fpu_ready_i"
"cex","i_issue_read_operands.orig_instr.atype.rl","i_issue_read_operands.lsu_ready_i"
"cex","i_issue_read_operands.orig_instr.atype.rl","i_scoreboard.mem_n[0].sbe.use_imm"
"cex","i_issue_read_operands.orig_instr.atype.rl","i_scoreboard.mem_q[0].sbe.use_imm"
"cex","i_issue_read_operands.orig_instr.rvftype.repl[14]","decoded_instr_i.use_imm"
"cex","i_issue_read_operands.orig_instr.rvftype.repl[14]","i_issue_read_operands.flu_ready_i"
"cex","i_issue_read_operands.orig_instr.rvftype.repl[14]","i_issue_read_operands.fpu_ready_i"
"cex","i_issue_read_operands.orig_instr.rvftype.repl[14]","i_issue_read_operands.issue_instr_i.use_imm"
"cex","i_issue_read_operands.orig_instr.rvftype.repl[14]","i_issue_read_operands.lsu_ready_i"
"cex","i_issue_read_operands.orig_instr.rvftype.repl[14]","i_re_name.issue_instr_i.use_imm"
"cex","i_issue_read_operands.orig_instr.rvftype.repl[14]","i_re_name.issue_instr_o.use_imm"
"cex","i_issue_read_operands.orig_instr.rvftype.repl[14]","i_scoreboard.decoded_instr_i.use_imm"
"cex","i_issue_read_operands.orig_instr.rvftype.repl[14]","i_scoreboard.issue_instr_o.use_imm"
"cex","i_issue_read_operands.orig_instr.rvftype.repl[14]","i_scoreboard.mem_n[0].sbe.use_imm"
"cex","i_issue_read_operands.orig_instr.rvftype.repl[14]","i_scoreboard.mem_q[0].sbe.use_imm"
"cex","i_issue_read_operands.orig_instr.rvftype.repl[14]","issue_instr_rename_sb.use_imm"
"cex","i_issue_read_operands.orig_instr.rvftype.repl[14]","issue_instr_sb_iro.use_imm"
"cex","i_issue_read_operands.stall","commit_instr_o[0].use_imm"
"cex","i_issue_read_operands.stall","commit_instr_o[1].use_imm"
"cex","i_issue_read_operands.stall","decoded_instr_i.use_imm"
"cex","i_issue_read_operands.stall","i_issue_read_operands.flu_ready_i"
"cex","i_issue_read_operands.stall","i_issue_read_operands.fpu_ready_i"
"cex","i_issue_read_operands.stall","i_issue_read_operands.issue_instr_i.use_imm"
"cex","i_issue_read_operands.stall","i_issue_read_operands.lsu_ready_i"
"cex","i_issue_read_operands.stall","i_issue_read_operands.orig_instr.rvftype.repl[14]"
"cex","i_issue_read_operands.stall","i_re_name.issue_instr_i.use_imm"
"cex","i_issue_read_operands.stall","i_re_name.issue_instr_o.use_imm"
"cex","i_issue_read_operands.stall","i_scoreboard.commit_instr_o[0].use_imm"
"cex","i_issue_read_operands.stall","i_scoreboard.commit_instr_o[1].use_imm"
"cex","i_issue_read_operands.stall","i_scoreboard.decoded_instr_i.use_imm"
"cex","i_issue_read_operands.stall","i_scoreboard.issue_instr_o.use_imm"
"cex","i_issue_read_operands.stall","i_scoreboard.mem_n[0].sbe.use_imm"
"cex","i_issue_read_operands.stall","i_scoreboard.mem_q[0].sbe.use_imm"
"cex","i_issue_read_operands.stall","issue_instr_rename_sb.use_imm"
"cex","i_issue_read_operands.stall","issue_instr_sb_iro.use_imm"
"cex","i_issue_read_operands.we_fpr_i[0]","i_issue_read_operands.flu_ready_i"
"cex","i_issue_read_operands.we_fpr_i[0]","i_issue_read_operands.fpu_ready_i"
"cex","i_issue_read_operands.we_fpr_i[0]","i_issue_read_operands.lsu_ready_i"
"cex","i_issue_read_operands.we_gpr_i[0]","i_issue_read_operands.flu_ready_i"
"cex","i_issue_read_operands.we_gpr_i[0]","i_issue_read_operands.fpu_ready_i"
"cex","i_issue_read_operands.we_gpr_i[0]","i_issue_read_operands.lsu_ready_i"
"cex","i_issue_read_operands.we_gpr_i[0]","i_scoreboard.mem_n[0].sbe.use_imm"
"cex","i_issue_read_operands.we_gpr_i[0]","i_scoreboard.mem_q[0].sbe.use_imm"
"cex","i_issue_read_operands.we_gpr_i[1]","commit_instr_o[1].use_imm"
"cex","i_issue_read_operands.we_gpr_i[1]","i_issue_read_operands.fpu_ready_i"
"cex","i_issue_read_operands.we_gpr_i[1]","i_issue_read_operands.lsu_ready_i"
"cex","i_issue_read_operands.we_gpr_i[1]","i_scoreboard.commit_instr_o[1].use_imm"
"cex","i_issue_read_operands.we_pack[0]","i_issue_read_operands.flu_ready_i"
"cex","i_issue_read_operands.we_pack[0]","i_issue_read_operands.fpu_ready_i"
"cex","i_issue_read_operands.we_pack[0]","i_issue_read_operands.lsu_ready_i"
"cex","i_issue_read_operands.we_pack[0]","i_scoreboard.mem_n[0].sbe.use_imm"
"cex","i_issue_read_operands.we_pack[0]","i_scoreboard.mem_q[0].sbe.use_imm"
"cex","i_issue_read_operands.we_pack[1]","commit_instr_o[1].use_imm"
"cex","i_issue_read_operands.we_pack[1]","i_issue_read_operands.fpu_ready_i"
"cex","i_issue_read_operands.we_pack[1]","i_issue_read_operands.lsu_ready_i"
"cex","i_issue_read_operands.we_pack[1]","i_scoreboard.commit_instr_o[1].use_imm"
"cex","i_mult.i_div.state_q[0]","flu_ready_o"
"cex","i_mult.i_div.state_q[0]","fpu_ready_o"
"cex","i_mult.i_div.state_q[0]","i_mult.i_div.div_res_zero_q"
"cex","i_mult.i_div.state_q[0]","i_mult.i_div.rem_sel_q"
"cex","i_mult.i_div.state_q[0]","lsu_commit_ready_o"
"cex","i_mult.i_div.state_q[0]","lsu_i.lsu_bypass_i.read_pointer_q"
"cex","i_mult.i_div.state_q[0]","lsu_i.lsu_bypass_i.write_pointer_q"
"cex","i_mult.i_div.state_q[0]","lsu_ready_o"
"cex","i_mult.i_div.state_q[0]","no_st_pending_o"
"cex","i_mult.i_multiplier.mult_valid_o","flu_ready_o"
"cex","i_mult.i_multiplier.mult_valid_o","fpu_ready_o"
"cex","i_mult.i_multiplier.mult_valid_o","i_mult.i_div.div_res_zero_q"
"cex","i_mult.i_multiplier.mult_valid_o","i_mult.i_div.rem_sel_q"
"cex","i_mult.i_multiplier.mult_valid_o","i_mult.word_op_q"
"cex","i_mult.i_multiplier.mult_valid_o","lsu_commit_ready_o"
"cex","i_mult.i_multiplier.mult_valid_o","lsu_ready_o"
"cex","i_mult.i_multiplier.mult_valid_o","no_st_pending_o"
"cex","i_mult.mul_valid","flu_ready_o"
"cex","i_mult.mul_valid","fpu_ready_o"
"cex","i_mult.mul_valid","i_mult.i_div.div_res_zero_q"
"cex","i_mult.mul_valid","i_mult.i_div.rem_sel_q"
"cex","i_mult.mul_valid","i_mult.word_op_q"
"cex","i_mult.mul_valid","lsu_commit_ready_o"
"cex","i_mult.mul_valid","lsu_ready_o"
"cex","i_mult.mul_valid","no_st_pending_o"
"cex","i_ras.pop_i","fetch_entry_valid_o"
"cex","i_ras.pop_i","gen_instr_scan[0].i_instr_scan.is_rvc"
"cex","i_ras.pop_i","i_instr_queue.branch_empty"
"cex","i_ras.pop_i","i_instr_queue.fetch_entry_valid_o"
"cex","i_ras.pop_i","i_instr_queue.gen_instr_fifo[0].i_fifo_instr_data.gate_clock"
"cex","i_ras.pop_i","i_instr_queue.gen_instr_fifo[1].i_fifo_instr_data.gate_clock"
"cex","i_ras.push_i","i_instr_queue.branch_empty"
"cex","i_ras.push_i","i_ras.stack_d[0].valid"
"cex","i_re_name.flush_i","commit_instr_o[0].use_imm"
"cex","i_re_name.flush_i","commit_instr_o[1].use_imm"
"cex","i_re_name.flush_i","i_issue_read_operands.flu_ready_i"
"cex","i_re_name.flush_i","i_scoreboard.commit_instr_o[0].use_imm"
"cex","i_re_name.flush_i","i_scoreboard.commit_instr_o[1].use_imm"
"cex","i_re_name.flush_i","i_scoreboard.mem_n[0].sbe.use_imm"
"cex","i_re_name.flush_i","i_scoreboard.mem_q[0].sbe.use_imm"
"cex","i_re_name.flush_unissied_instr_i","commit_instr_o[0].use_imm"
"cex","i_re_name.flush_unissied_instr_i","i_issue_read_operands.flu_ready_i"
"cex","i_re_name.flush_unissied_instr_i","i_issue_read_operands.fpu_ready_i"
"cex","i_re_name.flush_unissied_instr_i","i_issue_read_operands.lsu_ready_i"
"cex","i_re_name.flush_unissied_instr_i","i_scoreboard.commit_instr_o[0].use_imm"
"cex","i_re_name.flush_unissied_instr_i","i_scoreboard.mem_n[0].sbe.use_imm"
"cex","i_re_name.flush_unissied_instr_i","i_scoreboard.mem_q[0].sbe.use_imm"
"cex","i_re_name.issue_ack_i","i_issue_read_operands.fpu_ready_i"
"cex","i_re_name.issue_ack_i","i_issue_read_operands.lsu_ready_i"
"cex","i_re_name.issue_ack_o","i_issue_read_operands.fpu_ready_i"
"cex","i_re_name.issue_ack_o","i_issue_read_operands.lsu_ready_i"
"cex","i_re_name.issue_instr_i.ex.valid","i_issue_read_operands.fpu_ready_i"
"cex","i_re_name.issue_instr_i.ex.valid","i_issue_read_operands.lsu_ready_i"
"cex","i_re_name.issue_instr_i.ex.valid","i_scoreboard.mem_n[0].sbe.use_imm"
"cex","i_re_name.issue_instr_i.ex.valid","i_scoreboard.mem_q[0].sbe.use_imm"
"cex","i_re_name.issue_instr_i.is_compressed","i_issue_read_operands.fpu_ready_i"
"cex","i_re_name.issue_instr_i.is_compressed","i_issue_read_operands.is_compressed_instr_o"
"cex","i_re_name.issue_instr_i.is_compressed","i_issue_read_operands.lsu_ready_i"
"cex","i_re_name.issue_instr_i.is_compressed","i_scoreboard.mem_n[0].sbe.use_imm"
"cex","i_re_name.issue_instr_i.is_compressed","i_scoreboard.mem_q[0].sbe.use_imm"
"cex","i_re_name.issue_instr_i.is_compressed","is_compressed_instr_o"
"cex","i_re_name.issue_instr_i.use_imm","i_issue_read_operands.fpu_ready_i"
"cex","i_re_name.issue_instr_i.use_imm","i_issue_read_operands.lsu_ready_i"
"cex","i_re_name.issue_instr_i.use_imm","i_scoreboard.mem_n[0].sbe.use_imm"
"cex","i_re_name.issue_instr_i.use_imm","i_scoreboard.mem_q[0].sbe.use_imm"
"cex","i_re_name.issue_instr_i.use_pc","decoded_instr_i.use_imm"
"cex","i_re_name.issue_instr_i.use_pc","i_issue_read_operands.flu_ready_i"
"cex","i_re_name.issue_instr_i.use_pc","i_issue_read_operands.fpu_ready_i"
"cex","i_re_name.issue_instr_i.use_pc","i_issue_read_operands.issue_instr_i.use_imm"
"cex","i_re_name.issue_instr_i.use_pc","i_issue_read_operands.lsu_ready_i"
"cex","i_re_name.issue_instr_i.use_pc","i_re_name.issue_instr_i.use_imm"
"cex","i_re_name.issue_instr_i.use_pc","i_re_name.issue_instr_o.use_imm"
"cex","i_re_name.issue_instr_i.use_pc","i_scoreboard.decoded_instr_i.use_imm"
"cex","i_re_name.issue_instr_i.use_pc","i_scoreboard.issue_instr_o.use_imm"
"cex","i_re_name.issue_instr_i.use_pc","i_scoreboard.mem_n[0].sbe.use_imm"
"cex","i_re_name.issue_instr_i.use_pc","i_scoreboard.mem_q[0].sbe.use_imm"
"cex","i_re_name.issue_instr_i.use_pc","issue_instr_rename_sb.use_imm"
"cex","i_re_name.issue_instr_i.use_pc","issue_instr_sb_iro.use_imm"
"cex","i_re_name.issue_instr_i.valid","i_issue_read_operands.fpu_ready_i"
"cex","i_re_name.issue_instr_i.valid","i_issue_read_operands.lsu_ready_i"
"cex","i_re_name.issue_instr_i.valid","i_scoreboard.mem_n[0].sbe.use_imm"
"cex","i_re_name.issue_instr_i.valid","i_scoreboard.mem_q[0].sbe.use_imm"
"cex","i_re_name.issue_instr_o.ex.valid","i_issue_read_operands.fpu_ready_i"
"cex","i_re_name.issue_instr_o.ex.valid","i_issue_read_operands.lsu_ready_i"
"cex","i_re_name.issue_instr_o.ex.valid","i_scoreboard.mem_n[0].sbe.use_imm"
"cex","i_re_name.issue_instr_o.ex.valid","i_scoreboard.mem_q[0].sbe.use_imm"
"cex","i_re_name.issue_instr_o.is_compressed","i_issue_read_operands.fpu_ready_i"
"cex","i_re_name.issue_instr_o.is_compressed","i_issue_read_operands.is_compressed_instr_o"
"cex","i_re_name.issue_instr_o.is_compressed","i_issue_read_operands.lsu_ready_i"
"cex","i_re_name.issue_instr_o.is_compressed","i_scoreboard.mem_n[0].sbe.use_imm"
"cex","i_re_name.issue_instr_o.is_compressed","i_scoreboard.mem_q[0].sbe.use_imm"
"cex","i_re_name.issue_instr_o.is_compressed","is_compressed_instr_o"
"cex","i_re_name.issue_instr_o.use_imm","i_issue_read_operands.fpu_ready_i"
"cex","i_re_name.issue_instr_o.use_imm","i_issue_read_operands.lsu_ready_i"
"cex","i_re_name.issue_instr_o.use_imm","i_scoreboard.mem_n[0].sbe.use_imm"
"cex","i_re_name.issue_instr_o.use_imm","i_scoreboard.mem_q[0].sbe.use_imm"
"cex","i_re_name.issue_instr_o.use_pc","decoded_instr_i.use_imm"
"cex","i_re_name.issue_instr_o.use_pc","i_issue_read_operands.flu_ready_i"
"cex","i_re_name.issue_instr_o.use_pc","i_issue_read_operands.fpu_ready_i"
"cex","i_re_name.issue_instr_o.use_pc","i_issue_read_operands.issue_instr_i.use_imm"
"cex","i_re_name.issue_instr_o.use_pc","i_issue_read_operands.lsu_ready_i"
"cex","i_re_name.issue_instr_o.use_pc","i_re_name.issue_instr_i.use_imm"
"cex","i_re_name.issue_instr_o.use_pc","i_re_name.issue_instr_o.use_imm"
"cex","i_re_name.issue_instr_o.use_pc","i_scoreboard.decoded_instr_i.use_imm"
"cex","i_re_name.issue_instr_o.use_pc","i_scoreboard.issue_instr_o.use_imm"
"cex","i_re_name.issue_instr_o.use_pc","i_scoreboard.mem_n[0].sbe.use_imm"
"cex","i_re_name.issue_instr_o.use_pc","i_scoreboard.mem_q[0].sbe.use_imm"
"cex","i_re_name.issue_instr_o.use_pc","issue_instr_rename_sb.use_imm"
"cex","i_re_name.issue_instr_o.use_pc","issue_instr_sb_iro.use_imm"
"cex","i_re_name.issue_instr_o.valid","i_issue_read_operands.fpu_ready_i"
"cex","i_re_name.issue_instr_o.valid","i_issue_read_operands.lsu_ready_i"
"cex","i_re_name.issue_instr_o.valid","i_scoreboard.mem_n[0].sbe.use_imm"
"cex","i_re_name.issue_instr_o.valid","i_scoreboard.mem_q[0].sbe.use_imm"
"cex","i_re_name.issue_instr_valid_i","i_issue_read_operands.fpu_ready_i"
"cex","i_re_name.issue_instr_valid_i","i_issue_read_operands.lsu_ready_i"
"cex","i_re_name.issue_instr_valid_o","i_issue_read_operands.fpu_ready_i"
"cex","i_re_name.issue_instr_valid_o","i_issue_read_operands.lsu_ready_i"
"cex","i_scoreboard.commit_ack_i[0]","i_issue_read_operands.flu_ready_i"
"cex","i_scoreboard.commit_ack_i[0]","i_issue_read_operands.fpu_ready_i"
"cex","i_scoreboard.commit_ack_i[0]","i_issue_read_operands.lsu_ready_i"
"cex","i_scoreboard.commit_ack_i[0]","i_scoreboard.mem_n[0].sbe.use_imm"
"cex","i_scoreboard.commit_ack_i[0]","i_scoreboard.mem_q[0].sbe.use_imm"
"cex","i_scoreboard.commit_ack_i[1]","commit_instr_o[1].use_imm"
"cex","i_scoreboard.commit_ack_i[1]","i_issue_read_operands.fpu_ready_i"
"cex","i_scoreboard.commit_ack_i[1]","i_issue_read_operands.lsu_ready_i"
"cex","i_scoreboard.commit_ack_i[1]","i_scoreboard.commit_instr_o[1].use_imm"
"cex","i_scoreboard.commit_instr_o[0].ex.valid","commit_instr_o[0].use_imm"
"cex","i_scoreboard.commit_instr_o[0].ex.valid","commit_instr_o[1].use_imm"
"cex","i_scoreboard.commit_instr_o[0].ex.valid","decoded_instr_i.ex.valid"
"cex","i_scoreboard.commit_instr_o[0].ex.valid","decoded_instr_i.valid"
"cex","i_scoreboard.commit_instr_o[0].ex.valid","i_issue_read_operands.flu_ready_i"
"cex","i_scoreboard.commit_instr_o[0].ex.valid","i_issue_read_operands.fpu_ready_i"
"cex","i_scoreboard.commit_instr_o[0].ex.valid","i_issue_read_operands.issue_instr_i.ex.valid"
"cex","i_scoreboard.commit_instr_o[0].ex.valid","i_issue_read_operands.issue_instr_i.valid"
"cex","i_scoreboard.commit_instr_o[0].ex.valid","i_issue_read_operands.lsu_ready_i"
"cex","i_scoreboard.commit_instr_o[0].ex.valid","i_re_name.issue_instr_i.ex.valid"
"cex","i_scoreboard.commit_instr_o[0].ex.valid","i_re_name.issue_instr_i.valid"
"cex","i_scoreboard.commit_instr_o[0].ex.valid","i_re_name.issue_instr_o.ex.valid"
"cex","i_scoreboard.commit_instr_o[0].ex.valid","i_re_name.issue_instr_o.valid"
"cex","i_scoreboard.commit_instr_o[0].ex.valid","i_scoreboard.commit_instr_o[0].use_imm"
"cex","i_scoreboard.commit_instr_o[0].ex.valid","i_scoreboard.commit_instr_o[1].use_imm"
"cex","i_scoreboard.commit_instr_o[0].ex.valid","i_scoreboard.decoded_instr_i.ex.valid"
"cex","i_scoreboard.commit_instr_o[0].ex.valid","i_scoreboard.decoded_instr_i.valid"
"cex","i_scoreboard.commit_instr_o[0].ex.valid","i_scoreboard.issue_instr_o.ex.valid"
"cex","i_scoreboard.commit_instr_o[0].ex.valid","i_scoreboard.issue_instr_o.valid"
"cex","i_scoreboard.commit_instr_o[0].ex.valid","i_scoreboard.mem_n[0].sbe.use_imm"
"cex","i_scoreboard.commit_instr_o[0].ex.valid","i_scoreboard.mem_q[0].sbe.use_imm"
"cex","i_scoreboard.commit_instr_o[0].ex.valid","issue_instr_rename_sb.ex.valid"
"cex","i_scoreboard.commit_instr_o[0].ex.valid","issue_instr_rename_sb.valid"
"cex","i_scoreboard.commit_instr_o[0].ex.valid","issue_instr_sb_iro.ex.valid"
"cex","i_scoreboard.commit_instr_o[0].ex.valid","issue_instr_sb_iro.valid"
"cex","i_scoreboard.commit_instr_o[0].is_compressed","i_issue_read_operands.fpu_ready_i"
"cex","i_scoreboard.commit_instr_o[0].is_compressed","i_issue_read_operands.lsu_ready_i"
"cex","i_scoreboard.commit_instr_o[0].is_compressed","i_scoreboard.mem_n[0].sbe.use_imm"
"cex","i_scoreboard.commit_instr_o[0].is_compressed","i_scoreboard.mem_q[0].sbe.use_imm"
"cex","i_scoreboard.commit_instr_o[0].use_imm","i_issue_read_operands.fpu_ready_i"
"cex","i_scoreboard.commit_instr_o[0].use_imm","i_issue_read_operands.lsu_ready_i"
"cex","i_scoreboard.commit_instr_o[0].use_pc","i_issue_read_operands.fpu_ready_i"
"cex","i_scoreboard.commit_instr_o[0].use_pc","i_issue_read_operands.lsu_ready_i"
"cex","i_scoreboard.commit_instr_o[0].use_pc","i_scoreboard.mem_n[0].sbe.use_imm"
"cex","i_scoreboard.commit_instr_o[0].use_pc","i_scoreboard.mem_q[0].sbe.use_imm"
"cex","i_scoreboard.commit_instr_o[0].valid","i_issue_read_operands.flu_ready_i"
"cex","i_scoreboard.commit_instr_o[0].valid","i_issue_read_operands.fpu_ready_i"
"cex","i_scoreboard.commit_instr_o[0].valid","i_issue_read_operands.lsu_ready_i"
"cex","i_scoreboard.commit_instr_o[0].valid","i_scoreboard.mem_n[0].sbe.use_imm"
"cex","i_scoreboard.commit_instr_o[0].valid","i_scoreboard.mem_q[0].sbe.use_imm"
"cex","i_scoreboard.commit_instr_o[1].ex.valid","commit_instr_o[1].use_imm"
"cex","i_scoreboard.commit_instr_o[1].ex.valid","i_issue_read_operands.fpu_ready_i"
"cex","i_scoreboard.commit_instr_o[1].ex.valid","i_issue_read_operands.lsu_ready_i"
"cex","i_scoreboard.commit_instr_o[1].ex.valid","i_scoreboard.commit_instr_o[1].use_imm"
"cex","i_scoreboard.commit_instr_o[1].is_compressed","i_issue_read_operands.fpu_ready_i"
"cex","i_scoreboard.commit_instr_o[1].is_compressed","i_issue_read_operands.lsu_ready_i"
"cex","i_scoreboard.commit_instr_o[1].is_compressed","i_scoreboard.mem_n[0].sbe.use_imm"
"cex","i_scoreboard.commit_instr_o[1].is_compressed","i_scoreboard.mem_q[0].sbe.use_imm"
"cex","i_scoreboard.commit_instr_o[1].use_imm","i_issue_read_operands.fpu_ready_i"
"cex","i_scoreboard.commit_instr_o[1].use_imm","i_issue_read_operands.lsu_ready_i"
"cex","i_scoreboard.commit_instr_o[1].use_pc","commit_instr_o[0].use_imm"
"cex","i_scoreboard.commit_instr_o[1].use_pc","commit_instr_o[1].use_imm"
"cex","i_scoreboard.commit_instr_o[1].use_pc","i_issue_read_operands.fpu_ready_i"
"cex","i_scoreboard.commit_instr_o[1].use_pc","i_issue_read_operands.lsu_ready_i"
"cex","i_scoreboard.commit_instr_o[1].use_pc","i_scoreboard.commit_instr_o[0].use_imm"
"cex","i_scoreboard.commit_instr_o[1].use_pc","i_scoreboard.commit_instr_o[1].use_imm"
"cex","i_scoreboard.commit_instr_o[1].use_pc","i_scoreboard.mem_n[0].sbe.use_imm"
"cex","i_scoreboard.commit_instr_o[1].use_pc","i_scoreboard.mem_q[0].sbe.use_imm"
"cex","i_scoreboard.commit_instr_o[1].valid","commit_instr_o[1].use_imm"
"cex","i_scoreboard.commit_instr_o[1].valid","i_issue_read_operands.fpu_ready_i"
"cex","i_scoreboard.commit_instr_o[1].valid","i_issue_read_operands.lsu_ready_i"
"cex","i_scoreboard.commit_instr_o[1].valid","i_scoreboard.commit_instr_o[1].use_imm"
"cex","i_scoreboard.decoded_instr_ack_o","i_issue_read_operands.fpu_ready_i"
"cex","i_scoreboard.decoded_instr_ack_o","i_issue_read_operands.lsu_ready_i"
"cex","i_scoreboard.decoded_instr_i.ex.valid","i_issue_read_operands.fpu_ready_i"
"cex","i_scoreboard.decoded_instr_i.ex.valid","i_issue_read_operands.lsu_ready_i"
"cex","i_scoreboard.decoded_instr_i.ex.valid","i_scoreboard.mem_n[0].sbe.use_imm"
"cex","i_scoreboard.decoded_instr_i.ex.valid","i_scoreboard.mem_q[0].sbe.use_imm"
"cex","i_scoreboard.decoded_instr_i.is_compressed","i_issue_read_operands.fpu_ready_i"
"cex","i_scoreboard.decoded_instr_i.is_compressed","i_issue_read_operands.is_compressed_instr_o"
"cex","i_scoreboard.decoded_instr_i.is_compressed","i_issue_read_operands.lsu_ready_i"
"cex","i_scoreboard.decoded_instr_i.is_compressed","i_scoreboard.mem_n[0].sbe.use_imm"
"cex","i_scoreboard.decoded_instr_i.is_compressed","i_scoreboard.mem_q[0].sbe.use_imm"
"cex","i_scoreboard.decoded_instr_i.is_compressed","is_compressed_instr_o"
"cex","i_scoreboard.decoded_instr_i.use_imm","i_issue_read_operands.fpu_ready_i"
"cex","i_scoreboard.decoded_instr_i.use_imm","i_issue_read_operands.lsu_ready_i"
"cex","i_scoreboard.decoded_instr_i.use_imm","i_scoreboard.mem_n[0].sbe.use_imm"
"cex","i_scoreboard.decoded_instr_i.use_imm","i_scoreboard.mem_q[0].sbe.use_imm"
"cex","i_scoreboard.decoded_instr_i.use_pc","decoded_instr_i.use_imm"
"cex","i_scoreboard.decoded_instr_i.use_pc","i_issue_read_operands.flu_ready_i"
"cex","i_scoreboard.decoded_instr_i.use_pc","i_issue_read_operands.fpu_ready_i"
"cex","i_scoreboard.decoded_instr_i.use_pc","i_issue_read_operands.issue_instr_i.use_imm"
"cex","i_scoreboard.decoded_instr_i.use_pc","i_issue_read_operands.lsu_ready_i"
"cex","i_scoreboard.decoded_instr_i.use_pc","i_re_name.issue_instr_i.use_imm"
"cex","i_scoreboard.decoded_instr_i.use_pc","i_re_name.issue_instr_o.use_imm"
"cex","i_scoreboard.decoded_instr_i.use_pc","i_scoreboard.decoded_instr_i.use_imm"
"cex","i_scoreboard.decoded_instr_i.use_pc","i_scoreboard.issue_instr_o.use_imm"
"cex","i_scoreboard.decoded_instr_i.use_pc","i_scoreboard.mem_n[0].sbe.use_imm"
"cex","i_scoreboard.decoded_instr_i.use_pc","i_scoreboard.mem_q[0].sbe.use_imm"
"cex","i_scoreboard.decoded_instr_i.use_pc","issue_instr_rename_sb.use_imm"
"cex","i_scoreboard.decoded_instr_i.use_pc","issue_instr_sb_iro.use_imm"
"cex","i_scoreboard.decoded_instr_i.valid","i_issue_read_operands.fpu_ready_i"
"cex","i_scoreboard.decoded_instr_i.valid","i_issue_read_operands.lsu_ready_i"
"cex","i_scoreboard.decoded_instr_i.valid","i_scoreboard.mem_n[0].sbe.use_imm"
"cex","i_scoreboard.decoded_instr_i.valid","i_scoreboard.mem_q[0].sbe.use_imm"
"cex","i_scoreboard.decoded_instr_valid_i","i_issue_read_operands.fpu_ready_i"
"cex","i_scoreboard.decoded_instr_valid_i","i_issue_read_operands.lsu_ready_i"
"cex","i_scoreboard.flush_i","commit_instr_o[0].use_imm"
"cex","i_scoreboard.flush_i","commit_instr_o[1].use_imm"
"cex","i_scoreboard.flush_i","i_issue_read_operands.flu_ready_i"
"cex","i_scoreboard.flush_i","i_scoreboard.commit_instr_o[0].use_imm"
"cex","i_scoreboard.flush_i","i_scoreboard.commit_instr_o[1].use_imm"
"cex","i_scoreboard.flush_i","i_scoreboard.mem_n[0].sbe.use_imm"
"cex","i_scoreboard.flush_i","i_scoreboard.mem_q[0].sbe.use_imm"
"cex","i_scoreboard.flush_unissued_instr_i","commit_instr_o[0].use_imm"
"cex","i_scoreboard.flush_unissued_instr_i","i_issue_read_operands.flu_ready_i"
"cex","i_scoreboard.flush_unissued_instr_i","i_issue_read_operands.fpu_ready_i"
"cex","i_scoreboard.flush_unissued_instr_i","i_issue_read_operands.lsu_ready_i"
"cex","i_scoreboard.flush_unissued_instr_i","i_scoreboard.commit_instr_o[0].use_imm"
"cex","i_scoreboard.flush_unissued_instr_i","i_scoreboard.mem_n[0].sbe.use_imm"
"cex","i_scoreboard.flush_unissued_instr_i","i_scoreboard.mem_q[0].sbe.use_imm"
"cex","i_scoreboard.i_popcount.data_i[0]","i_issue_read_operands.flu_ready_i"
"cex","i_scoreboard.i_popcount.data_i[0]","i_issue_read_operands.fpu_ready_i"
"cex","i_scoreboard.i_popcount.data_i[0]","i_issue_read_operands.lsu_ready_i"
"cex","i_scoreboard.i_popcount.data_i[0]","i_scoreboard.mem_n[0].sbe.use_imm"
"cex","i_scoreboard.i_popcount.data_i[0]","i_scoreboard.mem_q[0].sbe.use_imm"
"cex","i_scoreboard.i_popcount.data_i[1]","commit_instr_o[1].use_imm"
"cex","i_scoreboard.i_popcount.data_i[1]","i_issue_read_operands.fpu_ready_i"
"cex","i_scoreboard.i_popcount.data_i[1]","i_issue_read_operands.lsu_ready_i"
"cex","i_scoreboard.i_popcount.data_i[1]","i_scoreboard.commit_instr_o[1].use_imm"
"cex","i_scoreboard.i_popcount.left_child_result[0]","commit_instr_o[1].use_imm"
"cex","i_scoreboard.i_popcount.left_child_result[0]","i_issue_read_operands.fpu_ready_i"
"cex","i_scoreboard.i_popcount.left_child_result[0]","i_issue_read_operands.lsu_ready_i"
"cex","i_scoreboard.i_popcount.left_child_result[0]","i_scoreboard.commit_instr_o[1].use_imm"
"cex","i_scoreboard.i_popcount.padded_input[0]","i_issue_read_operands.flu_ready_i"
"cex","i_scoreboard.i_popcount.padded_input[0]","i_issue_read_operands.fpu_ready_i"
"cex","i_scoreboard.i_popcount.padded_input[0]","i_issue_read_operands.lsu_ready_i"
"cex","i_scoreboard.i_popcount.padded_input[0]","i_scoreboard.mem_n[0].sbe.use_imm"
"cex","i_scoreboard.i_popcount.padded_input[0]","i_scoreboard.mem_q[0].sbe.use_imm"
"cex","i_scoreboard.i_popcount.padded_input[1]","commit_instr_o[1].use_imm"
"cex","i_scoreboard.i_popcount.padded_input[1]","i_issue_read_operands.fpu_ready_i"
"cex","i_scoreboard.i_popcount.padded_input[1]","i_issue_read_operands.lsu_ready_i"
"cex","i_scoreboard.i_popcount.padded_input[1]","i_scoreboard.commit_instr_o[1].use_imm"
"cex","i_scoreboard.i_popcount.popcount_o[0]","i_issue_read_operands.flu_ready_i"
"cex","i_scoreboard.i_popcount.popcount_o[0]","i_issue_read_operands.fpu_ready_i"
"cex","i_scoreboard.i_popcount.popcount_o[0]","i_issue_read_operands.lsu_ready_i"
"cex","i_scoreboard.i_popcount.popcount_o[0]","i_scoreboard.mem_n[0].sbe.use_imm"
"cex","i_scoreboard.i_popcount.popcount_o[0]","i_scoreboard.mem_q[0].sbe.use_imm"
"cex","i_scoreboard.i_popcount.popcount_o[1]","commit_instr_o[1].use_imm"
"cex","i_scoreboard.i_popcount.popcount_o[1]","i_issue_read_operands.fpu_ready_i"
"cex","i_scoreboard.i_popcount.popcount_o[1]","i_issue_read_operands.lsu_ready_i"
"cex","i_scoreboard.i_popcount.popcount_o[1]","i_scoreboard.commit_instr_o[1].use_imm"
"cex","i_scoreboard.i_popcount.right_child_result[0]","i_issue_read_operands.flu_ready_i"
"cex","i_scoreboard.i_popcount.right_child_result[0]","i_issue_read_operands.fpu_ready_i"
"cex","i_scoreboard.i_popcount.right_child_result[0]","i_issue_read_operands.lsu_ready_i"
"cex","i_scoreboard.i_popcount.right_child_result[0]","i_scoreboard.mem_n[0].sbe.use_imm"
"cex","i_scoreboard.i_popcount.right_child_result[0]","i_scoreboard.mem_q[0].sbe.use_imm"
"cex","i_scoreboard.issue_ack_i","i_issue_read_operands.fpu_ready_i"
"cex","i_scoreboard.issue_ack_i","i_issue_read_operands.lsu_ready_i"
"cex","i_scoreboard.issue_en","i_issue_read_operands.fpu_ready_i"
"cex","i_scoreboard.issue_en","i_issue_read_operands.lsu_ready_i"
"cex","i_scoreboard.issue_full","commit_instr_o[0].is_compressed"
"cex","i_scoreboard.issue_full","commit_instr_o[0].valid"
"cex","i_scoreboard.issue_full","commit_instr_o[1].use_imm"
"cex","i_scoreboard.issue_full","commit_instr_o[1].valid"
"cex","i_scoreboard.issue_full","decoded_instr_ack_o"
"cex","i_scoreboard.issue_full","decoded_instr_i.use_imm"
"cex","i_scoreboard.issue_full","i_issue_read_operands.flu_ready_i"
"cex","i_scoreboard.issue_full","i_issue_read_operands.fpu_ready_i"
"cex","i_scoreboard.issue_full","i_issue_read_operands.issue_ack_o"
"cex","i_scoreboard.issue_full","i_issue_read_operands.issue_instr_i.use_imm"
"cex","i_scoreboard.issue_full","i_issue_read_operands.issue_instr_valid_i"
"cex","i_scoreboard.issue_full","i_issue_read_operands.lsu_ready_i"
"cex","i_scoreboard.issue_full","i_issue_read_operands.orig_instr.atype.aq"
"cex","i_scoreboard.issue_full","i_issue_read_operands.we_gpr_i[0]"
"cex","i_scoreboard.issue_full","i_issue_read_operands.we_gpr_i[1]"
"cex","i_scoreboard.issue_full","i_issue_read_operands.we_pack[0]"
"cex","i_scoreboard.issue_full","i_issue_read_operands.we_pack[1]"
"cex","i_scoreboard.issue_full","i_re_name.issue_ack_i"
"cex","i_scoreboard.issue_full","i_re_name.issue_ack_o"
"cex","i_scoreboard.issue_full","i_re_name.issue_instr_i.use_imm"
"cex","i_scoreboard.issue_full","i_re_name.issue_instr_o.use_imm"
"cex","i_scoreboard.issue_full","i_re_name.issue_instr_valid_i"
"cex","i_scoreboard.issue_full","i_re_name.issue_instr_valid_o"
"cex","i_scoreboard.issue_full","i_scoreboard.commit_ack_i[0]"
"cex","i_scoreboard.issue_full","i_scoreboard.commit_ack_i[1]"
"cex","i_scoreboard.issue_full","i_scoreboard.commit_instr_o[0].is_compressed"
"cex","i_scoreboard.issue_full","i_scoreboard.commit_instr_o[0].valid"
"cex","i_scoreboard.issue_full","i_scoreboard.commit_instr_o[1].use_imm"
"cex","i_scoreboard.issue_full","i_scoreboard.commit_instr_o[1].valid"
"cex","i_scoreboard.issue_full","i_scoreboard.decoded_instr_ack_o"
"cex","i_scoreboard.issue_full","i_scoreboard.decoded_instr_i.use_imm"
"cex","i_scoreboard.issue_full","i_scoreboard.decoded_instr_valid_i"
"cex","i_scoreboard.issue_full","i_scoreboard.i_popcount.data_i[0]"
"cex","i_scoreboard.issue_full","i_scoreboard.i_popcount.data_i[1]"
"cex","i_scoreboard.issue_full","i_scoreboard.i_popcount.left_child_result[0]"
"cex","i_scoreboard.issue_full","i_scoreboard.i_popcount.padded_input[0]"
"cex","i_scoreboard.issue_full","i_scoreboard.i_popcount.padded_input[1]"
"cex","i_scoreboard.issue_full","i_scoreboard.i_popcount.popcount_o[1]"
"cex","i_scoreboard.issue_full","i_scoreboard.i_popcount.right_child_result[0]"
"cex","i_scoreboard.issue_full","i_scoreboard.issue_ack_i"
"cex","i_scoreboard.issue_full","i_scoreboard.issue_en"
"cex","i_scoreboard.issue_full","i_scoreboard.issue_instr_o.use_imm"
"cex","i_scoreboard.issue_full","i_scoreboard.issue_instr_valid_o"
"cex","i_scoreboard.issue_full","i_scoreboard.mem_n[0].issued"
"cex","i_scoreboard.issue_full","i_scoreboard.mem_n[0].sbe.is_compressed"
"cex","i_scoreboard.issue_full","i_scoreboard.mem_n[0].sbe.use_imm"
"cex","i_scoreboard.issue_full","i_scoreboard.mem_n[0].sbe.valid"
"cex","i_scoreboard.issue_full","i_scoreboard.mem_q[0].issued"
"cex","i_scoreboard.issue_full","i_scoreboard.mem_q[0].sbe.is_compressed"
"cex","i_scoreboard.issue_full","i_scoreboard.mem_q[0].sbe.use_imm"
"cex","i_scoreboard.issue_full","i_scoreboard.mem_q[0].sbe.valid"
"cex","i_scoreboard.issue_full","i_scoreboard.num_commit[1]"
"cex","i_scoreboard.issue_full","issue_ack_iro_sb"
"cex","i_scoreboard.issue_full","issue_ack_sb_rename"
"cex","i_scoreboard.issue_full","issue_instr_rename_sb.use_imm"
"cex","i_scoreboard.issue_full","issue_instr_sb_iro.use_imm"
"cex","i_scoreboard.issue_full","issue_instr_valid_rename_sb"
"cex","i_scoreboard.issue_full","issue_instr_valid_sb_iro"
"cex","i_scoreboard.issue_instr_o.ex.valid","i_issue_read_operands.fpu_ready_i"
"cex","i_scoreboard.issue_instr_o.ex.valid","i_issue_read_operands.lsu_ready_i"
"cex","i_scoreboard.issue_instr_o.ex.valid","i_scoreboard.mem_n[0].sbe.use_imm"
"cex","i_scoreboard.issue_instr_o.ex.valid","i_scoreboard.mem_q[0].sbe.use_imm"
"cex","i_scoreboard.issue_instr_o.is_compressed","i_issue_read_operands.fpu_ready_i"
"cex","i_scoreboard.issue_instr_o.is_compressed","i_issue_read_operands.lsu_ready_i"
"cex","i_scoreboard.issue_instr_o.is_compressed","i_scoreboard.mem_n[0].sbe.use_imm"
"cex","i_scoreboard.issue_instr_o.is_compressed","i_scoreboard.mem_q[0].sbe.use_imm"
"cex","i_scoreboard.issue_instr_o.use_imm","i_issue_read_operands.fpu_ready_i"
"cex","i_scoreboard.issue_instr_o.use_imm","i_issue_read_operands.lsu_ready_i"
"cex","i_scoreboard.issue_instr_o.use_imm","i_scoreboard.mem_n[0].sbe.use_imm"
"cex","i_scoreboard.issue_instr_o.use_imm","i_scoreboard.mem_q[0].sbe.use_imm"
"cex","i_scoreboard.issue_instr_o.use_pc","decoded_instr_i.use_imm"
"cex","i_scoreboard.issue_instr_o.use_pc","i_issue_read_operands.flu_ready_i"
"cex","i_scoreboard.issue_instr_o.use_pc","i_issue_read_operands.fpu_ready_i"
"cex","i_scoreboard.issue_instr_o.use_pc","i_issue_read_operands.issue_instr_i.use_imm"
"cex","i_scoreboard.issue_instr_o.use_pc","i_issue_read_operands.lsu_ready_i"
"cex","i_scoreboard.issue_instr_o.use_pc","i_re_name.issue_instr_i.use_imm"
"cex","i_scoreboard.issue_instr_o.use_pc","i_re_name.issue_instr_o.use_imm"
"cex","i_scoreboard.issue_instr_o.use_pc","i_scoreboard.decoded_instr_i.use_imm"
"cex","i_scoreboard.issue_instr_o.use_pc","i_scoreboard.issue_instr_o.use_imm"
"cex","i_scoreboard.issue_instr_o.use_pc","i_scoreboard.mem_n[0].sbe.use_imm"
"cex","i_scoreboard.issue_instr_o.use_pc","i_scoreboard.mem_q[0].sbe.use_imm"
"cex","i_scoreboard.issue_instr_o.use_pc","issue_instr_rename_sb.use_imm"
"cex","i_scoreboard.issue_instr_o.use_pc","issue_instr_sb_iro.use_imm"
"cex","i_scoreboard.issue_instr_o.valid","i_issue_read_operands.fpu_ready_i"
"cex","i_scoreboard.issue_instr_o.valid","i_issue_read_operands.lsu_ready_i"
"cex","i_scoreboard.issue_instr_o.valid","i_scoreboard.mem_n[0].sbe.use_imm"
"cex","i_scoreboard.issue_instr_o.valid","i_scoreboard.mem_q[0].sbe.use_imm"
"cex","i_scoreboard.issue_instr_valid_o","i_issue_read_operands.fpu_ready_i"
"cex","i_scoreboard.issue_instr_valid_o","i_issue_read_operands.lsu_ready_i"
"cex","i_scoreboard.mem_n[0].is_rd_fpr_flag","i_issue_read_operands.flu_ready_i"
"cex","i_scoreboard.mem_n[0].is_rd_fpr_flag","i_issue_read_operands.fpu_ready_i"
"cex","i_scoreboard.mem_n[0].is_rd_fpr_flag","i_issue_read_operands.lsu_ready_i"
"cex","i_scoreboard.mem_n[0].is_rd_fpr_flag","i_scoreboard.mem_q[0].is_rd_fpr_flag"
"cex","i_scoreboard.mem_n[0].issued","commit_instr_o[0].use_imm"
"cex","i_scoreboard.mem_n[0].issued","decoded_instr_i.use_imm"
"cex","i_scoreboard.mem_n[0].issued","i_issue_read_operands.fpu_ready_i"
"cex","i_scoreboard.mem_n[0].issued","i_issue_read_operands.issue_instr_i.use_imm"
"cex","i_scoreboard.mem_n[0].issued","i_issue_read_operands.lsu_ready_i"
"cex","i_scoreboard.mem_n[0].issued","i_re_name.issue_instr_i.use_imm"
"cex","i_scoreboard.mem_n[0].issued","i_re_name.issue_instr_o.use_imm"
"cex","i_scoreboard.mem_n[0].issued","i_scoreboard.commit_instr_o[0].use_imm"
"cex","i_scoreboard.mem_n[0].issued","i_scoreboard.decoded_instr_i.use_imm"
"cex","i_scoreboard.mem_n[0].issued","i_scoreboard.issue_instr_o.use_imm"
"cex","i_scoreboard.mem_n[0].issued","i_scoreboard.mem_n[0].sbe.use_imm"
"cex","i_scoreboard.mem_n[0].issued","i_scoreboard.mem_q[0].issued"
"cex","i_scoreboard.mem_n[0].issued","i_scoreboard.mem_q[0].sbe.use_imm"
"cex","i_scoreboard.mem_n[0].issued","issue_instr_rename_sb.use_imm"
"cex","i_scoreboard.mem_n[0].issued","issue_instr_sb_iro.use_imm"
"cex","i_scoreboard.mem_n[0].sbe.ex.valid","commit_instr_o[0].ex.valid"
"cex","i_scoreboard.mem_n[0].sbe.ex.valid","commit_instr_o[0].valid"
"cex","i_scoreboard.mem_n[0].sbe.ex.valid","commit_instr_o[1].use_imm"
"cex","i_scoreboard.mem_n[0].sbe.ex.valid","decoded_instr_i.ex.valid"
"cex","i_scoreboard.mem_n[0].sbe.ex.valid","decoded_instr_i.valid"
"cex","i_scoreboard.mem_n[0].sbe.ex.valid","i_issue_read_operands.flush_i"
"cex","i_scoreboard.mem_n[0].sbe.ex.valid","i_issue_read_operands.fpu_ready_i"
"cex","i_scoreboard.mem_n[0].sbe.ex.valid","i_issue_read_operands.issue_instr_i.ex.valid"
"cex","i_scoreboard.mem_n[0].sbe.ex.valid","i_issue_read_operands.issue_instr_i.valid"
"cex","i_scoreboard.mem_n[0].sbe.ex.valid","i_issue_read_operands.lsu_ready_i"
"cex","i_scoreboard.mem_n[0].sbe.ex.valid","i_re_name.flush_i"
"cex","i_scoreboard.mem_n[0].sbe.ex.valid","i_re_name.flush_unissied_instr_i"
"cex","i_scoreboard.mem_n[0].sbe.ex.valid","i_re_name.issue_instr_i.ex.valid"
"cex","i_scoreboard.mem_n[0].sbe.ex.valid","i_re_name.issue_instr_i.valid"
"cex","i_scoreboard.mem_n[0].sbe.ex.valid","i_re_name.issue_instr_o.ex.valid"
"cex","i_scoreboard.mem_n[0].sbe.ex.valid","i_re_name.issue_instr_o.valid"
"cex","i_scoreboard.mem_n[0].sbe.ex.valid","i_scoreboard.commit_instr_o[0].ex.valid"
"cex","i_scoreboard.mem_n[0].sbe.ex.valid","i_scoreboard.commit_instr_o[0].valid"
"cex","i_scoreboard.mem_n[0].sbe.ex.valid","i_scoreboard.commit_instr_o[1].use_imm"
"cex","i_scoreboard.mem_n[0].sbe.ex.valid","i_scoreboard.decoded_instr_i.ex.valid"
"cex","i_scoreboard.mem_n[0].sbe.ex.valid","i_scoreboard.decoded_instr_i.valid"
"cex","i_scoreboard.mem_n[0].sbe.ex.valid","i_scoreboard.flush_i"
"cex","i_scoreboard.mem_n[0].sbe.ex.valid","i_scoreboard.flush_unissued_instr_i"
"cex","i_scoreboard.mem_n[0].sbe.ex.valid","i_scoreboard.issue_instr_o.ex.valid"
"cex","i_scoreboard.mem_n[0].sbe.ex.valid","i_scoreboard.issue_instr_o.valid"
"cex","i_scoreboard.mem_n[0].sbe.ex.valid","i_scoreboard.mem_q[0].issued"
"cex","i_scoreboard.mem_n[0].sbe.ex.valid","i_scoreboard.mem_q[0].sbe.ex.valid"
"cex","i_scoreboard.mem_n[0].sbe.ex.valid","i_scoreboard.mem_q[0].sbe.valid"
"cex","i_scoreboard.mem_n[0].sbe.ex.valid","issue_instr_rename_sb.ex.valid"
"cex","i_scoreboard.mem_n[0].sbe.ex.valid","issue_instr_rename_sb.valid"
"cex","i_scoreboard.mem_n[0].sbe.ex.valid","issue_instr_sb_iro.ex.valid"
"cex","i_scoreboard.mem_n[0].sbe.ex.valid","issue_instr_sb_iro.valid"
"cex","i_scoreboard.mem_n[0].sbe.is_compressed","i_issue_read_operands.fpu_ready_i"
"cex","i_scoreboard.mem_n[0].sbe.is_compressed","i_issue_read_operands.lsu_ready_i"
"cex","i_scoreboard.mem_n[0].sbe.is_compressed","i_scoreboard.mem_n[0].sbe.use_imm"
"cex","i_scoreboard.mem_n[0].sbe.is_compressed","i_scoreboard.mem_q[0].sbe.is_compressed"
"cex","i_scoreboard.mem_n[0].sbe.is_compressed","i_scoreboard.mem_q[0].sbe.use_imm"
"cex","i_scoreboard.mem_n[0].sbe.use_pc","i_issue_read_operands.fpu_ready_i"
"cex","i_scoreboard.mem_n[0].sbe.use_pc","i_scoreboard.mem_n[0].sbe.use_imm"
"cex","i_scoreboard.mem_n[0].sbe.use_pc","i_scoreboard.mem_q[0].sbe.use_imm"
"cex","i_scoreboard.mem_n[0].sbe.use_pc","i_scoreboard.mem_q[0].sbe.use_pc"
"cex","i_scoreboard.mem_n[0].sbe.valid","commit_instr_o[0].use_imm"
"cex","i_scoreboard.mem_n[0].sbe.valid","commit_instr_o[0].valid"
"cex","i_scoreboard.mem_n[0].sbe.valid","decoded_instr_i.use_imm"
"cex","i_scoreboard.mem_n[0].sbe.valid","i_issue_read_operands.flu_ready_i"
"cex","i_scoreboard.mem_n[0].sbe.valid","i_issue_read_operands.fpu_ready_i"
"cex","i_scoreboard.mem_n[0].sbe.valid","i_issue_read_operands.issue_instr_i.use_imm"
"cex","i_scoreboard.mem_n[0].sbe.valid","i_issue_read_operands.lsu_ready_i"
"cex","i_scoreboard.mem_n[0].sbe.valid","i_issue_read_operands.we_gpr_i[0]"
"cex","i_scoreboard.mem_n[0].sbe.valid","i_issue_read_operands.we_pack[0]"
"cex","i_scoreboard.mem_n[0].sbe.valid","i_re_name.issue_instr_i.use_imm"
"cex","i_scoreboard.mem_n[0].sbe.valid","i_re_name.issue_instr_o.use_imm"
"cex","i_scoreboard.mem_n[0].sbe.valid","i_scoreboard.commit_ack_i[0]"
"cex","i_scoreboard.mem_n[0].sbe.valid","i_scoreboard.commit_instr_o[0].use_imm"
"cex","i_scoreboard.mem_n[0].sbe.valid","i_scoreboard.commit_instr_o[0].valid"
"cex","i_scoreboard.mem_n[0].sbe.valid","i_scoreboard.decoded_instr_i.use_imm"
"cex","i_scoreboard.mem_n[0].sbe.valid","i_scoreboard.i_popcount.data_i[0]"
"cex","i_scoreboard.mem_n[0].sbe.valid","i_scoreboard.i_popcount.padded_input[0]"
"cex","i_scoreboard.mem_n[0].sbe.valid","i_scoreboard.i_popcount.popcount_o[0]"
"cex","i_scoreboard.mem_n[0].sbe.valid","i_scoreboard.i_popcount.right_child_result[0]"
"cex","i_scoreboard.mem_n[0].sbe.valid","i_scoreboard.issue_instr_o.use_imm"
"cex","i_scoreboard.mem_n[0].sbe.valid","i_scoreboard.mem_n[0].sbe.use_imm"
"cex","i_scoreboard.mem_n[0].sbe.valid","i_scoreboard.mem_q[0].issued"
"cex","i_scoreboard.mem_n[0].sbe.valid","i_scoreboard.mem_q[0].sbe.use_imm"
"cex","i_scoreboard.mem_n[0].sbe.valid","i_scoreboard.mem_q[0].sbe.valid"
"cex","i_scoreboard.mem_n[0].sbe.valid","i_scoreboard.num_commit[0]"
"cex","i_scoreboard.mem_n[0].sbe.valid","issue_instr_rename_sb.use_imm"
"cex","i_scoreboard.mem_n[0].sbe.valid","issue_instr_sb_iro.use_imm"
"cex","i_scoreboard.mem_q[0].is_rd_fpr_flag","i_issue_read_operands.flu_ready_i"
"cex","i_scoreboard.mem_q[0].is_rd_fpr_flag","i_issue_read_operands.fpu_ready_i"
"cex","i_scoreboard.mem_q[0].is_rd_fpr_flag","i_issue_read_operands.lsu_ready_i"
"cex","i_scoreboard.mem_q[0].issued","decoded_instr_i.use_imm"
"cex","i_scoreboard.mem_q[0].issued","i_issue_read_operands.flu_ready_i"
"cex","i_scoreboard.mem_q[0].issued","i_issue_read_operands.fpu_ready_i"
"cex","i_scoreboard.mem_q[0].issued","i_issue_read_operands.issue_instr_i.use_imm"
"cex","i_scoreboard.mem_q[0].issued","i_issue_read_operands.lsu_ready_i"
"cex","i_scoreboard.mem_q[0].issued","i_re_name.issue_instr_i.use_imm"
"cex","i_scoreboard.mem_q[0].issued","i_re_name.issue_instr_o.use_imm"
"cex","i_scoreboard.mem_q[0].issued","i_scoreboard.decoded_instr_i.use_imm"
"cex","i_scoreboard.mem_q[0].issued","i_scoreboard.issue_instr_o.use_imm"
"cex","i_scoreboard.mem_q[0].issued","i_scoreboard.mem_n[0].sbe.use_imm"
"cex","i_scoreboard.mem_q[0].issued","i_scoreboard.mem_q[0].sbe.use_imm"
"cex","i_scoreboard.mem_q[0].issued","issue_instr_rename_sb.use_imm"
"cex","i_scoreboard.mem_q[0].issued","issue_instr_sb_iro.use_imm"
"cex","i_scoreboard.mem_q[0].sbe.ex.valid","decoded_instr_i.ex.valid"
"cex","i_scoreboard.mem_q[0].sbe.ex.valid","decoded_instr_i.valid"
"cex","i_scoreboard.mem_q[0].sbe.ex.valid","i_issue_read_operands.flu_ready_i"
"cex","i_scoreboard.mem_q[0].sbe.ex.valid","i_issue_read_operands.fpu_ready_i"
"cex","i_scoreboard.mem_q[0].sbe.ex.valid","i_issue_read_operands.issue_instr_i.ex.valid"
"cex","i_scoreboard.mem_q[0].sbe.ex.valid","i_issue_read_operands.issue_instr_i.valid"
"cex","i_scoreboard.mem_q[0].sbe.ex.valid","i_issue_read_operands.lsu_ready_i"
"cex","i_scoreboard.mem_q[0].sbe.ex.valid","i_re_name.issue_instr_i.ex.valid"
"cex","i_scoreboard.mem_q[0].sbe.ex.valid","i_re_name.issue_instr_i.valid"
"cex","i_scoreboard.mem_q[0].sbe.ex.valid","i_re_name.issue_instr_o.ex.valid"
"cex","i_scoreboard.mem_q[0].sbe.ex.valid","i_re_name.issue_instr_o.valid"
"cex","i_scoreboard.mem_q[0].sbe.ex.valid","i_scoreboard.decoded_instr_i.ex.valid"
"cex","i_scoreboard.mem_q[0].sbe.ex.valid","i_scoreboard.decoded_instr_i.valid"
"cex","i_scoreboard.mem_q[0].sbe.ex.valid","i_scoreboard.issue_instr_o.ex.valid"
"cex","i_scoreboard.mem_q[0].sbe.ex.valid","i_scoreboard.issue_instr_o.valid"
"cex","i_scoreboard.mem_q[0].sbe.ex.valid","issue_instr_rename_sb.ex.valid"
"cex","i_scoreboard.mem_q[0].sbe.ex.valid","issue_instr_rename_sb.valid"
"cex","i_scoreboard.mem_q[0].sbe.ex.valid","issue_instr_sb_iro.ex.valid"
"cex","i_scoreboard.mem_q[0].sbe.ex.valid","issue_instr_sb_iro.valid"
"cex","i_scoreboard.mem_q[0].sbe.is_compressed","i_issue_read_operands.fpu_ready_i"
"cex","i_scoreboard.mem_q[0].sbe.is_compressed","i_issue_read_operands.lsu_ready_i"
"cex","i_scoreboard.mem_q[0].sbe.is_compressed","i_scoreboard.mem_n[0].sbe.use_imm"
"cex","i_scoreboard.mem_q[0].sbe.is_compressed","i_scoreboard.mem_q[0].sbe.use_imm"
"cex","i_scoreboard.mem_q[0].sbe.use_pc","i_issue_read_operands.fpu_ready_i"
"cex","i_scoreboard.mem_q[0].sbe.use_pc","i_scoreboard.mem_n[0].sbe.use_imm"
"cex","i_scoreboard.mem_q[0].sbe.use_pc","i_scoreboard.mem_q[0].sbe.use_imm"
"cex","i_scoreboard.mem_q[0].sbe.valid","decoded_instr_i.use_imm"
"cex","i_scoreboard.mem_q[0].sbe.valid","i_issue_read_operands.flu_ready_i"
"cex","i_scoreboard.mem_q[0].sbe.valid","i_issue_read_operands.fpu_ready_i"
"cex","i_scoreboard.mem_q[0].sbe.valid","i_issue_read_operands.issue_instr_i.use_imm"
"cex","i_scoreboard.mem_q[0].sbe.valid","i_issue_read_operands.lsu_ready_i"
"cex","i_scoreboard.mem_q[0].sbe.valid","i_re_name.issue_instr_i.use_imm"
"cex","i_scoreboard.mem_q[0].sbe.valid","i_re_name.issue_instr_o.use_imm"
"cex","i_scoreboard.mem_q[0].sbe.valid","i_scoreboard.decoded_instr_i.use_imm"
"cex","i_scoreboard.mem_q[0].sbe.valid","i_scoreboard.issue_instr_o.use_imm"
"cex","i_scoreboard.mem_q[0].sbe.valid","i_scoreboard.mem_n[0].sbe.use_imm"
"cex","i_scoreboard.mem_q[0].sbe.valid","i_scoreboard.mem_q[0].sbe.use_imm"
"cex","i_scoreboard.mem_q[0].sbe.valid","issue_instr_rename_sb.use_imm"
"cex","i_scoreboard.mem_q[0].sbe.valid","issue_instr_sb_iro.use_imm"
"cex","i_scoreboard.num_commit[0]","i_issue_read_operands.flu_ready_i"
"cex","i_scoreboard.num_commit[0]","i_issue_read_operands.fpu_ready_i"
"cex","i_scoreboard.num_commit[0]","i_issue_read_operands.lsu_ready_i"
"cex","i_scoreboard.num_commit[0]","i_scoreboard.mem_n[0].sbe.use_imm"
"cex","i_scoreboard.num_commit[0]","i_scoreboard.mem_q[0].sbe.use_imm"
"cex","i_scoreboard.num_commit[1]","commit_instr_o[1].use_imm"
"cex","i_scoreboard.num_commit[1]","i_issue_read_operands.fpu_ready_i"
"cex","i_scoreboard.num_commit[1]","i_issue_read_operands.lsu_ready_i"
"cex","i_scoreboard.num_commit[1]","i_scoreboard.commit_instr_o[1].use_imm"
"cex","i_scoreboard.resolved_branch_i.is_mispredict","commit_instr_o[0].use_imm"
"cex","i_scoreboard.resolved_branch_i.is_mispredict","commit_instr_o[0].valid"
"cex","i_scoreboard.resolved_branch_i.is_mispredict","i_issue_read_operands.flu_ready_i"
"cex","i_scoreboard.resolved_branch_i.is_mispredict","i_issue_read_operands.fpu_ready_i"
"cex","i_scoreboard.resolved_branch_i.is_mispredict","i_issue_read_operands.lsu_ready_i"
"cex","i_scoreboard.resolved_branch_i.is_mispredict","i_issue_read_operands.we_gpr_i[0]"
"cex","i_scoreboard.resolved_branch_i.is_mispredict","i_issue_read_operands.we_pack[0]"
"cex","i_scoreboard.resolved_branch_i.is_mispredict","i_scoreboard.commit_ack_i[0]"
"cex","i_scoreboard.resolved_branch_i.is_mispredict","i_scoreboard.commit_instr_o[0].use_imm"
"cex","i_scoreboard.resolved_branch_i.is_mispredict","i_scoreboard.commit_instr_o[0].valid"
"cex","i_scoreboard.resolved_branch_i.is_mispredict","i_scoreboard.i_popcount.data_i[0]"
"cex","i_scoreboard.resolved_branch_i.is_mispredict","i_scoreboard.i_popcount.padded_input[0]"
"cex","i_scoreboard.resolved_branch_i.is_mispredict","i_scoreboard.i_popcount.popcount_o[0]"
"cex","i_scoreboard.resolved_branch_i.is_mispredict","i_scoreboard.i_popcount.right_child_result[0]"
"cex","i_scoreboard.resolved_branch_i.is_mispredict","i_scoreboard.mem_n[0].sbe.use_imm"
"cex","i_scoreboard.resolved_branch_i.is_mispredict","i_scoreboard.mem_q[0].sbe.use_imm"
"cex","i_scoreboard.resolved_branch_i.is_mispredict","i_scoreboard.num_commit[0]"
"cex","i_scoreboard.resolved_branch_i.is_taken","commit_instr_o[0].use_imm"
"cex","i_scoreboard.resolved_branch_i.is_taken","commit_instr_o[0].valid"
"cex","i_scoreboard.resolved_branch_i.is_taken","i_issue_read_operands.flu_ready_i"
"cex","i_scoreboard.resolved_branch_i.is_taken","i_issue_read_operands.fpu_ready_i"
"cex","i_scoreboard.resolved_branch_i.is_taken","i_issue_read_operands.lsu_ready_i"
"cex","i_scoreboard.resolved_branch_i.is_taken","i_issue_read_operands.we_gpr_i[0]"
"cex","i_scoreboard.resolved_branch_i.is_taken","i_issue_read_operands.we_pack[0]"
"cex","i_scoreboard.resolved_branch_i.is_taken","i_scoreboard.commit_ack_i[0]"
"cex","i_scoreboard.resolved_branch_i.is_taken","i_scoreboard.commit_instr_o[0].use_imm"
"cex","i_scoreboard.resolved_branch_i.is_taken","i_scoreboard.commit_instr_o[0].valid"
"cex","i_scoreboard.resolved_branch_i.is_taken","i_scoreboard.i_popcount.data_i[0]"
"cex","i_scoreboard.resolved_branch_i.is_taken","i_scoreboard.i_popcount.padded_input[0]"
"cex","i_scoreboard.resolved_branch_i.is_taken","i_scoreboard.i_popcount.popcount_o[0]"
"cex","i_scoreboard.resolved_branch_i.is_taken","i_scoreboard.i_popcount.right_child_result[0]"
"cex","i_scoreboard.resolved_branch_i.is_taken","i_scoreboard.mem_n[0].sbe.use_imm"
"cex","i_scoreboard.resolved_branch_i.is_taken","i_scoreboard.mem_q[0].sbe.use_imm"
"cex","i_scoreboard.resolved_branch_i.is_taken","i_scoreboard.num_commit[0]"
"cex","i_scoreboard.resolved_branch_i.valid","commit_instr_o[0].use_imm"
"cex","i_scoreboard.resolved_branch_i.valid","commit_instr_o[0].valid"
"cex","i_scoreboard.resolved_branch_i.valid","i_issue_read_operands.flu_ready_i"
"cex","i_scoreboard.resolved_branch_i.valid","i_issue_read_operands.fpu_ready_i"
"cex","i_scoreboard.resolved_branch_i.valid","i_issue_read_operands.lsu_ready_i"
"cex","i_scoreboard.resolved_branch_i.valid","i_issue_read_operands.we_gpr_i[0]"
"cex","i_scoreboard.resolved_branch_i.valid","i_issue_read_operands.we_pack[0]"
"cex","i_scoreboard.resolved_branch_i.valid","i_scoreboard.commit_ack_i[0]"
"cex","i_scoreboard.resolved_branch_i.valid","i_scoreboard.commit_instr_o[0].use_imm"
"cex","i_scoreboard.resolved_branch_i.valid","i_scoreboard.commit_instr_o[0].valid"
"cex","i_scoreboard.resolved_branch_i.valid","i_scoreboard.i_popcount.data_i[0]"
"cex","i_scoreboard.resolved_branch_i.valid","i_scoreboard.i_popcount.padded_input[0]"
"cex","i_scoreboard.resolved_branch_i.valid","i_scoreboard.i_popcount.popcount_o[0]"
"cex","i_scoreboard.resolved_branch_i.valid","i_scoreboard.i_popcount.right_child_result[0]"
"cex","i_scoreboard.resolved_branch_i.valid","i_scoreboard.mem_n[0].sbe.use_imm"
"cex","i_scoreboard.resolved_branch_i.valid","i_scoreboard.mem_q[0].sbe.use_imm"
"cex","i_scoreboard.resolved_branch_i.valid","i_scoreboard.num_commit[0]"
"cex","i_scoreboard.sb_full_o","commit_instr_o[0].is_compressed"
"cex","i_scoreboard.sb_full_o","commit_instr_o[0].valid"
"cex","i_scoreboard.sb_full_o","commit_instr_o[1].use_imm"
"cex","i_scoreboard.sb_full_o","commit_instr_o[1].valid"
"cex","i_scoreboard.sb_full_o","decoded_instr_ack_o"
"cex","i_scoreboard.sb_full_o","decoded_instr_i.use_imm"
"cex","i_scoreboard.sb_full_o","i_issue_read_operands.flu_ready_i"
"cex","i_scoreboard.sb_full_o","i_issue_read_operands.fpu_ready_i"
"cex","i_scoreboard.sb_full_o","i_issue_read_operands.issue_ack_o"
"cex","i_scoreboard.sb_full_o","i_issue_read_operands.issue_instr_i.use_imm"
"cex","i_scoreboard.sb_full_o","i_issue_read_operands.issue_instr_valid_i"
"cex","i_scoreboard.sb_full_o","i_issue_read_operands.lsu_ready_i"
"cex","i_scoreboard.sb_full_o","i_issue_read_operands.orig_instr.atype.aq"
"cex","i_scoreboard.sb_full_o","i_issue_read_operands.we_gpr_i[0]"
"cex","i_scoreboard.sb_full_o","i_issue_read_operands.we_gpr_i[1]"
"cex","i_scoreboard.sb_full_o","i_issue_read_operands.we_pack[0]"
"cex","i_scoreboard.sb_full_o","i_issue_read_operands.we_pack[1]"
"cex","i_scoreboard.sb_full_o","i_re_name.issue_ack_i"
"cex","i_scoreboard.sb_full_o","i_re_name.issue_ack_o"
"cex","i_scoreboard.sb_full_o","i_re_name.issue_instr_i.use_imm"
"cex","i_scoreboard.sb_full_o","i_re_name.issue_instr_o.use_imm"
"cex","i_scoreboard.sb_full_o","i_re_name.issue_instr_valid_i"
"cex","i_scoreboard.sb_full_o","i_re_name.issue_instr_valid_o"
"cex","i_scoreboard.sb_full_o","i_scoreboard.commit_ack_i[0]"
"cex","i_scoreboard.sb_full_o","i_scoreboard.commit_ack_i[1]"
"cex","i_scoreboard.sb_full_o","i_scoreboard.commit_instr_o[0].is_compressed"
"cex","i_scoreboard.sb_full_o","i_scoreboard.commit_instr_o[0].valid"
"cex","i_scoreboard.sb_full_o","i_scoreboard.commit_instr_o[1].use_imm"
"cex","i_scoreboard.sb_full_o","i_scoreboard.commit_instr_o[1].valid"
"cex","i_scoreboard.sb_full_o","i_scoreboard.decoded_instr_ack_o"
"cex","i_scoreboard.sb_full_o","i_scoreboard.decoded_instr_i.use_imm"
"cex","i_scoreboard.sb_full_o","i_scoreboard.decoded_instr_valid_i"
"cex","i_scoreboard.sb_full_o","i_scoreboard.i_popcount.data_i[0]"
"cex","i_scoreboard.sb_full_o","i_scoreboard.i_popcount.data_i[1]"
"cex","i_scoreboard.sb_full_o","i_scoreboard.i_popcount.left_child_result[0]"
"cex","i_scoreboard.sb_full_o","i_scoreboard.i_popcount.padded_input[0]"
"cex","i_scoreboard.sb_full_o","i_scoreboard.i_popcount.padded_input[1]"
"cex","i_scoreboard.sb_full_o","i_scoreboard.i_popcount.popcount_o[1]"
"cex","i_scoreboard.sb_full_o","i_scoreboard.i_popcount.right_child_result[0]"
"cex","i_scoreboard.sb_full_o","i_scoreboard.issue_ack_i"
"cex","i_scoreboard.sb_full_o","i_scoreboard.issue_en"
"cex","i_scoreboard.sb_full_o","i_scoreboard.issue_instr_o.use_imm"
"cex","i_scoreboard.sb_full_o","i_scoreboard.issue_instr_valid_o"
"cex","i_scoreboard.sb_full_o","i_scoreboard.mem_n[0].issued"
"cex","i_scoreboard.sb_full_o","i_scoreboard.mem_n[0].sbe.is_compressed"
"cex","i_scoreboard.sb_full_o","i_scoreboard.mem_n[0].sbe.use_imm"
"cex","i_scoreboard.sb_full_o","i_scoreboard.mem_n[0].sbe.valid"
"cex","i_scoreboard.sb_full_o","i_scoreboard.mem_q[0].issued"
"cex","i_scoreboard.sb_full_o","i_scoreboard.mem_q[0].sbe.is_compressed"
"cex","i_scoreboard.sb_full_o","i_scoreboard.mem_q[0].sbe.use_imm"
"cex","i_scoreboard.sb_full_o","i_scoreboard.mem_q[0].sbe.valid"
"cex","i_scoreboard.sb_full_o","i_scoreboard.num_commit[1]"
"cex","i_scoreboard.sb_full_o","issue_ack_iro_sb"
"cex","i_scoreboard.sb_full_o","issue_ack_sb_rename"
"cex","i_scoreboard.sb_full_o","issue_instr_rename_sb.use_imm"
"cex","i_scoreboard.sb_full_o","issue_instr_sb_iro.use_imm"
"cex","i_scoreboard.sb_full_o","issue_instr_valid_rename_sb"
"cex","i_scoreboard.sb_full_o","issue_instr_valid_sb_iro"
"cex","i_scoreboard.wt_valid_i[0]","commit_instr_o[0].valid"
"cex","i_scoreboard.wt_valid_i[0]","i_issue_read_operands.flu_ready_i"
"cex","i_scoreboard.wt_valid_i[0]","i_issue_read_operands.fpu_ready_i"
"cex","i_scoreboard.wt_valid_i[0]","i_issue_read_operands.lsu_ready_i"
"cex","i_scoreboard.wt_valid_i[0]","i_issue_read_operands.we_fpr_i[0]"
"cex","i_scoreboard.wt_valid_i[0]","i_scoreboard.commit_ack_i[0]"
"cex","i_scoreboard.wt_valid_i[0]","i_scoreboard.commit_instr_o[0].valid"
"cex","i_scoreboard.wt_valid_i[0]","i_scoreboard.i_popcount.data_i[0]"
"cex","i_scoreboard.wt_valid_i[0]","i_scoreboard.i_popcount.padded_input[0]"
"cex","i_scoreboard.wt_valid_i[0]","i_scoreboard.i_popcount.right_child_result[0]"
"cex","i_scoreboard.wt_valid_i[1]","commit_instr_o[0].use_imm"
"cex","i_scoreboard.wt_valid_i[1]","commit_instr_o[0].valid"
"cex","i_scoreboard.wt_valid_i[1]","decoded_instr_i.use_imm"
"cex","i_scoreboard.wt_valid_i[1]","i_issue_read_operands.flu_ready_i"
"cex","i_scoreboard.wt_valid_i[1]","i_issue_read_operands.fpu_ready_i"
"cex","i_scoreboard.wt_valid_i[1]","i_issue_read_operands.issue_instr_i.use_imm"
"cex","i_scoreboard.wt_valid_i[1]","i_issue_read_operands.lsu_ready_i"
"cex","i_scoreboard.wt_valid_i[1]","i_issue_read_operands.we_gpr_i[0]"
"cex","i_scoreboard.wt_valid_i[1]","i_issue_read_operands.we_pack[0]"
"cex","i_scoreboard.wt_valid_i[1]","i_re_name.issue_instr_i.use_imm"
"cex","i_scoreboard.wt_valid_i[1]","i_re_name.issue_instr_o.use_imm"
"cex","i_scoreboard.wt_valid_i[1]","i_scoreboard.commit_ack_i[0]"
"cex","i_scoreboard.wt_valid_i[1]","i_scoreboard.commit_instr_o[0].use_imm"
"cex","i_scoreboard.wt_valid_i[1]","i_scoreboard.commit_instr_o[0].valid"
"cex","i_scoreboard.wt_valid_i[1]","i_scoreboard.decoded_instr_i.use_imm"
"cex","i_scoreboard.wt_valid_i[1]","i_scoreboard.i_popcount.data_i[0]"
"cex","i_scoreboard.wt_valid_i[1]","i_scoreboard.i_popcount.padded_input[0]"
"cex","i_scoreboard.wt_valid_i[1]","i_scoreboard.i_popcount.popcount_o[0]"
"cex","i_scoreboard.wt_valid_i[1]","i_scoreboard.i_popcount.right_child_result[0]"
"cex","i_scoreboard.wt_valid_i[1]","i_scoreboard.issue_instr_o.use_imm"
"cex","i_scoreboard.wt_valid_i[1]","i_scoreboard.mem_n[0].sbe.use_imm"
"cex","i_scoreboard.wt_valid_i[1]","i_scoreboard.mem_q[0].sbe.use_imm"
"cex","i_scoreboard.wt_valid_i[1]","i_scoreboard.num_commit[0]"
"cex","i_scoreboard.wt_valid_i[1]","issue_instr_rename_sb.use_imm"
"cex","i_scoreboard.wt_valid_i[1]","issue_instr_sb_iro.use_imm"
"cex","i_scoreboard.wt_valid_i[2]","commit_instr_o[0].use_imm"
"cex","i_scoreboard.wt_valid_i[2]","commit_instr_o[0].valid"
"cex","i_scoreboard.wt_valid_i[2]","commit_instr_o[1].use_imm"
"cex","i_scoreboard.wt_valid_i[2]","decoded_instr_ack_o"
"cex","i_scoreboard.wt_valid_i[2]","decoded_instr_i.use_imm"
"cex","i_scoreboard.wt_valid_i[2]","i_issue_read_operands.flu_ready_i"
"cex","i_scoreboard.wt_valid_i[2]","i_issue_read_operands.fpu_ready_i"
"cex","i_scoreboard.wt_valid_i[2]","i_issue_read_operands.issue_ack_o"
"cex","i_scoreboard.wt_valid_i[2]","i_issue_read_operands.issue_instr_i.use_imm"
"cex","i_scoreboard.wt_valid_i[2]","i_issue_read_operands.issue_instr_valid_i"
"cex","i_scoreboard.wt_valid_i[2]","i_issue_read_operands.lsu_ready_i"
"cex","i_scoreboard.wt_valid_i[2]","i_issue_read_operands.orig_instr.rvftype.repl[14]"
"cex","i_scoreboard.wt_valid_i[2]","i_issue_read_operands.we_gpr_i[0]"
"cex","i_scoreboard.wt_valid_i[2]","i_issue_read_operands.we_pack[0]"
"cex","i_scoreboard.wt_valid_i[2]","i_re_name.issue_ack_i"
"cex","i_scoreboard.wt_valid_i[2]","i_re_name.issue_ack_o"
"cex","i_scoreboard.wt_valid_i[2]","i_re_name.issue_instr_i.use_imm"
"cex","i_scoreboard.wt_valid_i[2]","i_re_name.issue_instr_o.use_imm"
"cex","i_scoreboard.wt_valid_i[2]","i_re_name.issue_instr_valid_i"
"cex","i_scoreboard.wt_valid_i[2]","i_re_name.issue_instr_valid_o"
"cex","i_scoreboard.wt_valid_i[2]","i_scoreboard.commit_ack_i[0]"
"cex","i_scoreboard.wt_valid_i[2]","i_scoreboard.commit_instr_o[0].use_imm"
"cex","i_scoreboard.wt_valid_i[2]","i_scoreboard.commit_instr_o[0].valid"
"cex","i_scoreboard.wt_valid_i[2]","i_scoreboard.commit_instr_o[1].use_imm"
"cex","i_scoreboard.wt_valid_i[2]","i_scoreboard.decoded_instr_ack_o"
"cex","i_scoreboard.wt_valid_i[2]","i_scoreboard.decoded_instr_i.use_imm"
"cex","i_scoreboard.wt_valid_i[2]","i_scoreboard.decoded_instr_valid_i"
"cex","i_scoreboard.wt_valid_i[2]","i_scoreboard.i_popcount.data_i[0]"
"cex","i_scoreboard.wt_valid_i[2]","i_scoreboard.i_popcount.padded_input[0]"
"cex","i_scoreboard.wt_valid_i[2]","i_scoreboard.i_popcount.popcount_o[0]"
"cex","i_scoreboard.wt_valid_i[2]","i_scoreboard.i_popcount.right_child_result[0]"
"cex","i_scoreboard.wt_valid_i[2]","i_scoreboard.issue_ack_i"
"cex","i_scoreboard.wt_valid_i[2]","i_scoreboard.issue_en"
"cex","i_scoreboard.wt_valid_i[2]","i_scoreboard.issue_instr_o.use_imm"
"cex","i_scoreboard.wt_valid_i[2]","i_scoreboard.issue_instr_valid_o"
"cex","i_scoreboard.wt_valid_i[2]","i_scoreboard.mem_n[0].sbe.use_imm"
"cex","i_scoreboard.wt_valid_i[2]","i_scoreboard.mem_q[0].sbe.use_imm"
"cex","i_scoreboard.wt_valid_i[2]","i_scoreboard.num_commit[0]"
"cex","i_scoreboard.wt_valid_i[2]","issue_ack_iro_sb"
"cex","i_scoreboard.wt_valid_i[2]","issue_ack_sb_rename"
"cex","i_scoreboard.wt_valid_i[2]","issue_instr_rename_sb.use_imm"
"cex","i_scoreboard.wt_valid_i[2]","issue_instr_sb_iro.use_imm"
"cex","i_scoreboard.wt_valid_i[2]","issue_instr_valid_rename_sb"
"cex","i_scoreboard.wt_valid_i[2]","issue_instr_valid_sb_iro"
"cex","i_scoreboard.wt_valid_i[3]","commit_instr_o[0].valid"
"cex","i_scoreboard.wt_valid_i[3]","i_issue_read_operands.fpu_ready_i"
"cex","i_scoreboard.wt_valid_i[3]","i_issue_read_operands.lsu_ready_i"
"cex","i_scoreboard.wt_valid_i[3]","i_issue_read_operands.we_gpr_i[0]"
"cex","i_scoreboard.wt_valid_i[3]","i_issue_read_operands.we_pack[0]"
"cex","i_scoreboard.wt_valid_i[3]","i_scoreboard.commit_ack_i[0]"
"cex","i_scoreboard.wt_valid_i[3]","i_scoreboard.commit_instr_o[0].valid"
"cex","i_scoreboard.wt_valid_i[3]","i_scoreboard.i_popcount.data_i[0]"
"cex","i_scoreboard.wt_valid_i[3]","i_scoreboard.i_popcount.padded_input[0]"
"cex","i_scoreboard.wt_valid_i[3]","i_scoreboard.i_popcount.popcount_o[0]"
"cex","i_scoreboard.wt_valid_i[3]","i_scoreboard.i_popcount.right_child_result[0]"
"cex","i_scoreboard.wt_valid_i[3]","i_scoreboard.mem_n[0].sbe.use_imm"
"cex","i_scoreboard.wt_valid_i[3]","i_scoreboard.mem_q[0].sbe.use_imm"
"cex","i_scoreboard.wt_valid_i[3]","i_scoreboard.num_commit[0]"
"cex","icache_areq_i.fetch_req","fpu_ready_o"
"cex","icache_areq_i.fetch_req","lsu_commit_ready_o"
"cex","icache_areq_i.fetch_req","lsu_ready_o"
"cex","icache_areq_i.fetch_req","no_st_pending_o"
"cex","icache_dreq_i.ready","i_instr_queue.branch_empty"
"cex","icache_dreq_i.ready","i_instr_queue.ready_o"
"cex","icache_dreq_i.ready","icache_dreq_o.req"
"cex","icache_dreq_i.ready","instr_queue_ready"
"cex","icache_dreq_i.valid","i_instr_queue.consumed_o[0]"
"cex","icache_dreq_i.valid","i_instr_queue.ready_o"
"cex","icache_dreq_i.valid","i_instr_queue.valid[0]"
"cex","icache_dreq_i.valid","i_instr_queue.valid_i[0]"
"cex","icache_dreq_i.valid","i_instr_realign.valid_o[0]"
"cex","icache_dreq_i.valid","icache_dreq_o.req"
"cex","icache_dreq_i.valid","if_ready"
"cex","icache_dreq_i.valid","instr_queue_consumed[0]"
"cex","icache_dreq_i.valid","instr_queue_ready"
"cex","icache_valid_q","i_instr_queue.branch_empty"
"cex","icache_valid_q","i_instr_queue.ready_o"
"cex","icache_valid_q","icache_dreq_o.req"
"cex","icache_valid_q","instr_queue_ready"
"cex","if_ready","i_instr_queue.branch_empty"
"cex","if_ready","i_instr_queue.ready_o"
"cex","if_ready","icache_dreq_o.req"
"cex","if_ready","instr_queue_ready"
"cex","instr_queue_consumed[0]","i_instr_queue.branch_empty"
"cex","instr_queue_consumed[0]","i_instr_queue.ready_o"
"cex","instr_queue_consumed[0]","icache_dreq_o.req"
"cex","instr_queue_consumed[0]","instr_queue_ready"
"cex","instr_queue_consumed[1]","gen_instr_scan[0].i_instr_scan.is_rvc"
"cex","instr_queue_consumed[1]","i_instr_queue.branch_empty"
"cex","instr_queue_consumed[1]","i_instr_queue.ready_o"
"cex","instr_queue_consumed[1]","icache_dreq_o.req"
"cex","instr_queue_consumed[1]","instr_queue_ready"
"cex","is_branch[0]","fetch_entry_valid_o"
"cex","is_branch[0]","gen_instr_scan[0].i_instr_scan.rvi_branch_o"
"cex","is_branch[0]","i_instr_queue.branch_empty"
"cex","is_branch[0]","i_instr_queue.fetch_entry_ready_i"
"cex","is_branch[0]","i_instr_queue.fetch_entry_valid_o"
"cex","is_branch[0]","i_instr_queue.gen_instr_fifo[0].i_fifo_instr_data.gate_clock"
"cex","is_branch[0]","i_instr_queue.gen_instr_fifo[1].i_fifo_instr_data.gate_clock"
"cex","is_branch[0]","i_instr_queue.gen_instr_fifo[1].i_fifo_instr_data.read_pointer_q[0]"
"cex","is_branch[0]","i_instr_queue.ready_o"
"cex","is_branch[0]","icache_dreq_o.req"
"cex","is_branch[0]","instr_queue_ready"
"cex","is_branch[0]","rvi_branch[0]"
"cex","is_branch[1]","fetch_entry_valid_o"
"cex","is_branch[1]","i_instr_queue.branch_empty"
"cex","is_branch[1]","i_instr_queue.fetch_entry_valid_o"
"cex","is_branch[1]","i_instr_queue.gen_instr_fifo[0].i_fifo_instr_data.usage_o[1]"
"cex","is_branch[1]","i_instr_queue.gen_instr_fifo[0].i_fifo_instr_data.write_pointer_n[0]"
"cex","is_branch[1]","i_instr_queue.gen_instr_fifo[0].i_fifo_instr_data.write_pointer_n[1]"
"cex","is_branch[1]","i_instr_queue.gen_instr_fifo[0].i_fifo_instr_data.write_pointer_q[1]"
"cex","is_branch[1]","i_instr_queue.gen_instr_fifo[1].i_fifo_instr_data.gate_clock"
"cex","is_branch[1]","i_instr_queue.gen_instr_fifo[1].i_fifo_instr_data.write_pointer_n[1]"
"cex","is_branch[1]","i_instr_queue.gen_instr_fifo[1].i_fifo_instr_data.write_pointer_q[1]"
"cex","is_branch[1]","i_instr_queue.idx_ds_q[0]"
"cex","is_branch[1]","i_instr_queue.idx_is_d[0]"
"cex","is_branch[1]","i_instr_queue.instr_queue_usage[0][1]"
"cex","is_branch[1]","i_instr_queue.ready_o"
"cex","is_branch[1]","i_ras.data_o.valid"
"cex","is_branch[1]","i_ras.stack_d[0].valid"
"cex","is_branch[1]","i_ras.stack_d[1].valid"
"cex","is_branch[1]","i_ras.stack_q[0].valid"
"cex","is_branch[1]","i_ras.stack_q[1].valid"
"cex","is_branch[1]","icache_dreq_o.req"
"cex","is_branch[1]","instr_queue_ready"
"cex","is_branch[1]","ras_predict.valid"
"cex","is_call[0]","i_instr_queue.branch_empty"
"cex","is_call[0]","i_instr_queue.gen_instr_fifo[0].i_fifo_instr_data.gate_clock"
"cex","is_call[0]","i_instr_queue.gen_instr_fifo[1].i_fifo_instr_data.gate_clock"
"cex","is_call[0]","i_ras.data_o.valid"
"cex","is_call[0]","i_ras.stack_d[0].valid"
"cex","is_call[0]","i_ras.stack_q[0].valid"
"cex","is_call[0]","ras_predict.valid"
"cex","is_call[1]","fetch_entry_valid_o"
"cex","is_call[1]","i_instr_queue.branch_empty"
"cex","is_call[1]","i_instr_queue.fetch_entry_valid_o"
"cex","is_call[1]","i_instr_queue.gen_instr_fifo[0].i_fifo_instr_data.usage_o[1]"
"cex","is_call[1]","i_instr_queue.gen_instr_fifo[1].i_fifo_instr_data.usage_o[1]"
"cex","is_call[1]","i_instr_queue.instr_queue_usage[0][1]"
"cex","is_call[1]","i_instr_queue.instr_queue_usage[1][1]"
"cex","is_call[1]","i_instr_queue.ready_o"
"cex","is_call[1]","i_ras.data_o.valid"
"cex","is_call[1]","i_ras.stack_d[0].valid"
"cex","is_call[1]","i_ras.stack_q[0].valid"
"cex","is_call[1]","icache_dreq_o.req"
"cex","is_call[1]","instr_queue_ready"
"cex","is_call[1]","ras_predict.valid"
"cex","is_compressed","decoder_i.priv_lvl_i[0]"
"cex","is_compressed","decoder_i.priv_lvl_i[1]"
"cex","is_compressed_instr_i","fpu_ready_o"
"cex","is_compressed_instr_i","lsu_commit_ready_o"
"cex","is_compressed_instr_i","lsu_ready_o"
"cex","is_compressed_instr_i","no_st_pending_o"
"cex","is_control_flow_instr","decoder_i.priv_lvl_i[0]"
"cex","is_control_flow_instr","decoder_i.priv_lvl_i[1]"
"cex","is_ctrl_flow_i","i_issue_read_operands.fpu_ready_i"
"cex","is_ctrl_flow_i","i_issue_read_operands.lsu_ready_i"
"cex","is_ctrl_flow_i","i_scoreboard.mem_n[0].sbe.use_imm"
"cex","is_ctrl_flow_i","i_scoreboard.mem_q[0].sbe.use_imm"
"cex","is_illegal","decoder_i.priv_lvl_i[0]"
"cex","is_illegal","decoder_i.priv_lvl_i[1]"
"cex","is_jalr[0]","fetch_entry_valid_o"
"cex","is_jalr[0]","gen_instr_scan[0].i_instr_scan.is_jal_r"
"cex","is_jalr[0]","gen_instr_scan[0].i_instr_scan.is_rvc"
"cex","is_jalr[0]","gen_instr_scan[0].i_instr_scan.rvc_jr_o"
"cex","is_jalr[0]","i_instr_queue.branch_empty"
"cex","is_jalr[0]","i_instr_queue.fetch_entry_ready_i"
"cex","is_jalr[0]","i_instr_queue.fetch_entry_valid_o"
"cex","is_jalr[0]","i_instr_queue.gen_instr_fifo[0].i_fifo_instr_data.gate_clock"
"cex","is_jalr[0]","i_instr_queue.gen_instr_fifo[0].i_fifo_instr_data.read_pointer_n[0]"
"cex","is_jalr[0]","i_instr_queue.gen_instr_fifo[0].i_fifo_instr_data.read_pointer_n[1]"
"cex","is_jalr[0]","i_instr_queue.gen_instr_fifo[0].i_fifo_instr_data.read_pointer_q[0]"
"cex","is_jalr[0]","i_instr_queue.gen_instr_fifo[0].i_fifo_instr_data.read_pointer_q[1]"
"cex","is_jalr[0]","i_instr_queue.gen_instr_fifo[0].i_fifo_instr_data.usage_o[0]"
"cex","is_jalr[0]","i_instr_queue.gen_instr_fifo[1].i_fifo_instr_data.gate_clock"
"cex","is_jalr[0]","i_instr_queue.gen_instr_fifo[1].i_fifo_instr_data.pop_i"
"cex","is_jalr[0]","i_instr_queue.gen_instr_fifo[1].i_fifo_instr_data.read_pointer_n[0]"
"cex","is_jalr[0]","i_instr_queue.gen_instr_fifo[1].i_fifo_instr_data.read_pointer_n[1]"
"cex","is_jalr[0]","i_instr_queue.gen_instr_fifo[1].i_fifo_instr_data.read_pointer_q[1]"
"cex","is_jalr[0]","i_instr_queue.gen_instr_fifo[1].i_fifo_instr_data.usage_o[0]"
"cex","is_jalr[0]","i_instr_queue.gen_instr_fifo[1].i_fifo_instr_data.write_pointer_n[0]"
"cex","is_jalr[0]","i_instr_queue.gen_instr_fifo[1].i_fifo_instr_data.write_pointer_n[1]"
"cex","is_jalr[0]","i_instr_queue.gen_instr_fifo[1].i_fifo_instr_data.write_pointer_q[0]"
"cex","is_jalr[0]","i_instr_queue.gen_instr_fifo[1].i_fifo_instr_data.write_pointer_q[1]"
"cex","is_jalr[0]","i_instr_queue.idx_ds_d[0]"
"cex","is_jalr[0]","i_instr_queue.idx_ds_q[1]"
"cex","is_jalr[0]","i_instr_queue.idx_is_d[0]"
"cex","is_jalr[0]","i_instr_queue.idx_is_q[0]"
"cex","is_jalr[0]","i_instr_queue.instr_queue_usage[0][0]"
"cex","is_jalr[0]","i_instr_queue.instr_queue_usage[1][0]"
"cex","is_jalr[0]","i_instr_queue.pop_instr[1]"
"cex","is_jalr[0]","i_instr_queue.ready_o"
"cex","is_jalr[0]","icache_dreq_o.req"
"cex","is_jalr[0]","instr_queue_ready"
"cex","is_jalr[0]","rvc_jr[0]"
"cex","is_jump[0]","fetch_entry_valid_o"
"cex","is_jump[0]","i_instr_queue.branch_empty"
"cex","is_jump[0]","i_instr_queue.fetch_entry_ready_i"
"cex","is_jump[0]","i_instr_queue.fetch_entry_valid_o"
"cex","is_jump[0]","i_instr_queue.gen_instr_fifo[0].i_fifo_instr_data.gate_clock"
"cex","is_jump[0]","i_instr_queue.gen_instr_fifo[1].i_fifo_instr_data.gate_clock"
"cex","is_jump[0]","i_instr_queue.ready_o"
"cex","is_jump[0]","icache_dreq_o.req"
"cex","is_jump[0]","instr_queue_ready"
"cex","is_jump[1]","fetch_entry_valid_o"
"cex","is_jump[1]","i_instr_queue.branch_empty"
"cex","is_jump[1]","i_instr_queue.fetch_entry_valid_o"
"cex","is_jump[1]","i_instr_queue.gen_instr_fifo[0].i_fifo_instr_data.gate_clock"
"cex","is_jump[1]","i_instr_queue.gen_instr_fifo[0].i_fifo_instr_data.write_pointer_n[1]"
"cex","is_jump[1]","i_instr_queue.gen_instr_fifo[0].i_fifo_instr_data.write_pointer_q[1]"
"cex","is_jump[1]","i_instr_queue.gen_instr_fifo[1].i_fifo_instr_data.gate_clock"
"cex","is_jump[1]","i_instr_queue.idx_ds_d[0]"
"cex","is_jump[1]","i_ras.data_o.valid"
"cex","is_jump[1]","i_ras.stack_d[0].valid"
"cex","is_jump[1]","i_ras.stack_d[1].valid"
"cex","is_jump[1]","i_ras.stack_q[0].valid"
"cex","is_jump[1]","i_ras.stack_q[1].valid"
"cex","is_jump[1]","ras_predict.valid"
"cex","is_mispredict","i_instr_queue.branch_empty"
"cex","is_mispredict","i_instr_queue.gen_instr_fifo[0].i_fifo_instr_data.gate_clock"
"cex","is_mispredict","i_instr_queue.gen_instr_fifo[1].i_fifo_instr_data.gate_clock"
"cex","is_return[0]","fetch_entry_valid_o"
"cex","is_return[0]","gen_instr_scan[0].i_instr_scan.is_jal_r"
"cex","is_return[0]","gen_instr_scan[0].i_instr_scan.is_rvc"
"cex","is_return[0]","gen_instr_scan[0].i_instr_scan.rvc_jr_o"
"cex","is_return[0]","gen_instr_scan[0].i_instr_scan.rvc_return_o"
"cex","is_return[0]","i_instr_queue.branch_empty"
"cex","is_return[0]","i_instr_queue.fetch_entry_valid_o"
"cex","is_return[0]","i_instr_queue.gen_instr_fifo[0].i_fifo_instr_data.gate_clock"
"cex","is_return[0]","i_instr_queue.gen_instr_fifo[1].i_fifo_instr_data.gate_clock"
"cex","is_return[0]","rvc_jr[0]"
"cex","is_return[0]","rvc_return[0]"
"cex","is_return[1]","fetch_entry_valid_o"
"cex","is_return[1]","gen_instr_scan[0].i_instr_scan.is_rvc"
"cex","is_return[1]","gen_instr_scan[1].i_instr_scan.is_jal_r"
"cex","is_return[1]","gen_instr_scan[1].i_instr_scan.rvc_jr_o"
"cex","is_return[1]","gen_instr_scan[1].i_instr_scan.rvc_return_o"
"cex","is_return[1]","i_instr_queue.branch_empty"
"cex","is_return[1]","i_instr_queue.fetch_entry_valid_o"
"cex","is_return[1]","i_instr_queue.gen_instr_fifo[0].i_fifo_instr_data.gate_clock"
"cex","is_return[1]","i_instr_queue.gen_instr_fifo[1].i_fifo_instr_data.gate_clock"
"cex","is_return[1]","rvc_jr[1]"
"cex","is_return[1]","rvc_return[1]"
"cex","issue_ack_iro_sb","i_issue_read_operands.fpu_ready_i"
"cex","issue_ack_iro_sb","i_issue_read_operands.lsu_ready_i"
"cex","issue_ack_sb_rename","i_issue_read_operands.fpu_ready_i"
"cex","issue_ack_sb_rename","i_issue_read_operands.lsu_ready_i"
"cex","issue_instr_ack_i","decoder_i.priv_lvl_i[0]"
"cex","issue_instr_ack_i","decoder_i.priv_lvl_i[1]"
"cex","issue_instr_rename_sb.ex.valid","i_issue_read_operands.fpu_ready_i"
"cex","issue_instr_rename_sb.ex.valid","i_issue_read_operands.lsu_ready_i"
"cex","issue_instr_rename_sb.ex.valid","i_scoreboard.mem_n[0].sbe.use_imm"
"cex","issue_instr_rename_sb.ex.valid","i_scoreboard.mem_q[0].sbe.use_imm"
"cex","issue_instr_rename_sb.is_compressed","i_issue_read_operands.fpu_ready_i"
"cex","issue_instr_rename_sb.is_compressed","i_issue_read_operands.is_compressed_instr_o"
"cex","issue_instr_rename_sb.is_compressed","i_issue_read_operands.lsu_ready_i"
"cex","issue_instr_rename_sb.is_compressed","i_scoreboard.mem_n[0].sbe.use_imm"
"cex","issue_instr_rename_sb.is_compressed","i_scoreboard.mem_q[0].sbe.use_imm"
"cex","issue_instr_rename_sb.is_compressed","is_compressed_instr_o"
"cex","issue_instr_rename_sb.use_imm","i_issue_read_operands.fpu_ready_i"
"cex","issue_instr_rename_sb.use_imm","i_issue_read_operands.lsu_ready_i"
"cex","issue_instr_rename_sb.use_imm","i_scoreboard.mem_n[0].sbe.use_imm"
"cex","issue_instr_rename_sb.use_imm","i_scoreboard.mem_q[0].sbe.use_imm"
"cex","issue_instr_rename_sb.use_pc","decoded_instr_i.use_imm"
"cex","issue_instr_rename_sb.use_pc","i_issue_read_operands.flu_ready_i"
"cex","issue_instr_rename_sb.use_pc","i_issue_read_operands.fpu_ready_i"
"cex","issue_instr_rename_sb.use_pc","i_issue_read_operands.issue_instr_i.use_imm"
"cex","issue_instr_rename_sb.use_pc","i_issue_read_operands.lsu_ready_i"
"cex","issue_instr_rename_sb.use_pc","i_re_name.issue_instr_i.use_imm"
"cex","issue_instr_rename_sb.use_pc","i_re_name.issue_instr_o.use_imm"
"cex","issue_instr_rename_sb.use_pc","i_scoreboard.decoded_instr_i.use_imm"
"cex","issue_instr_rename_sb.use_pc","i_scoreboard.issue_instr_o.use_imm"
"cex","issue_instr_rename_sb.use_pc","i_scoreboard.mem_n[0].sbe.use_imm"
"cex","issue_instr_rename_sb.use_pc","i_scoreboard.mem_q[0].sbe.use_imm"
"cex","issue_instr_rename_sb.use_pc","issue_instr_rename_sb.use_imm"
"cex","issue_instr_rename_sb.use_pc","issue_instr_sb_iro.use_imm"
"cex","issue_instr_rename_sb.valid","i_issue_read_operands.fpu_ready_i"
"cex","issue_instr_rename_sb.valid","i_issue_read_operands.lsu_ready_i"
"cex","issue_instr_rename_sb.valid","i_scoreboard.mem_n[0].sbe.use_imm"
"cex","issue_instr_rename_sb.valid","i_scoreboard.mem_q[0].sbe.use_imm"
"cex","issue_instr_sb_iro.ex.valid","i_issue_read_operands.fpu_ready_i"
"cex","issue_instr_sb_iro.ex.valid","i_issue_read_operands.lsu_ready_i"
"cex","issue_instr_sb_iro.ex.valid","i_scoreboard.mem_n[0].sbe.use_imm"
"cex","issue_instr_sb_iro.ex.valid","i_scoreboard.mem_q[0].sbe.use_imm"
"cex","issue_instr_sb_iro.is_compressed","i_issue_read_operands.fpu_ready_i"
"cex","issue_instr_sb_iro.is_compressed","i_issue_read_operands.lsu_ready_i"
"cex","issue_instr_sb_iro.is_compressed","i_scoreboard.mem_n[0].sbe.use_imm"
"cex","issue_instr_sb_iro.is_compressed","i_scoreboard.mem_q[0].sbe.use_imm"
"cex","issue_instr_sb_iro.use_imm","i_issue_read_operands.fpu_ready_i"
"cex","issue_instr_sb_iro.use_imm","i_issue_read_operands.lsu_ready_i"
"cex","issue_instr_sb_iro.use_imm","i_scoreboard.mem_n[0].sbe.use_imm"
"cex","issue_instr_sb_iro.use_imm","i_scoreboard.mem_q[0].sbe.use_imm"
"cex","issue_instr_sb_iro.use_pc","decoded_instr_i.use_imm"
"cex","issue_instr_sb_iro.use_pc","i_issue_read_operands.flu_ready_i"
"cex","issue_instr_sb_iro.use_pc","i_issue_read_operands.fpu_ready_i"
"cex","issue_instr_sb_iro.use_pc","i_issue_read_operands.issue_instr_i.use_imm"
"cex","issue_instr_sb_iro.use_pc","i_issue_read_operands.lsu_ready_i"
"cex","issue_instr_sb_iro.use_pc","i_re_name.issue_instr_i.use_imm"
"cex","issue_instr_sb_iro.use_pc","i_re_name.issue_instr_o.use_imm"
"cex","issue_instr_sb_iro.use_pc","i_scoreboard.decoded_instr_i.use_imm"
"cex","issue_instr_sb_iro.use_pc","i_scoreboard.issue_instr_o.use_imm"
"cex","issue_instr_sb_iro.use_pc","i_scoreboard.mem_n[0].sbe.use_imm"
"cex","issue_instr_sb_iro.use_pc","i_scoreboard.mem_q[0].sbe.use_imm"
"cex","issue_instr_sb_iro.use_pc","issue_instr_rename_sb.use_imm"
"cex","issue_instr_sb_iro.use_pc","issue_instr_sb_iro.use_imm"
"cex","issue_instr_sb_iro.valid","i_issue_read_operands.fpu_ready_i"
"cex","issue_instr_sb_iro.valid","i_issue_read_operands.lsu_ready_i"
"cex","issue_instr_sb_iro.valid","i_scoreboard.mem_n[0].sbe.use_imm"
"cex","issue_instr_sb_iro.valid","i_scoreboard.mem_q[0].sbe.use_imm"
"cex","issue_instr_valid_rename_sb","i_issue_read_operands.fpu_ready_i"
"cex","issue_instr_valid_rename_sb","i_issue_read_operands.lsu_ready_i"
"cex","issue_instr_valid_sb_iro","i_issue_read_operands.fpu_ready_i"
"cex","issue_instr_valid_sb_iro","i_issue_read_operands.lsu_ready_i"
"cex","issue_n.is_ctrl_flow","decoder_i.priv_lvl_i[0]"
"cex","issue_n.is_ctrl_flow","decoder_i.priv_lvl_i[1]"
"cex","issue_n.sbe.ex.valid","decoder_i.priv_lvl_i[0]"
"cex","issue_n.sbe.ex.valid","decoder_i.priv_lvl_i[1]"
"cex","issue_n.sbe.is_compressed","decoder_i.priv_lvl_i[0]"
"cex","issue_n.sbe.is_compressed","decoder_i.priv_lvl_i[1]"
"cex","issue_n.sbe.use_imm","decoder_i.priv_lvl_i[0]"
"cex","issue_n.sbe.use_imm","decoder_i.priv_lvl_i[1]"
"cex","issue_n.sbe.use_pc","decoder_i.priv_lvl_i[0]"
"cex","issue_n.sbe.use_pc","decoder_i.priv_lvl_i[1]"
"cex","issue_n.sbe.use_pc","issue_n.sbe.use_imm"
"cex","issue_n.sbe.valid","decoder_i.priv_lvl_i[0]"
"cex","issue_n.sbe.valid","decoder_i.priv_lvl_i[1]"
"cex","issue_n.valid","decoder_i.priv_lvl_i[0]"
"cex","issue_n.valid","decoder_i.priv_lvl_i[1]"
"cex","issue_q.is_ctrl_flow","decoder_i.priv_lvl_i[0]"
"cex","issue_q.is_ctrl_flow","decoder_i.priv_lvl_i[1]"
"cex","issue_q.sbe.ex.valid","decoder_i.priv_lvl_i[0]"
"cex","issue_q.sbe.ex.valid","decoder_i.priv_lvl_i[1]"
"cex","issue_q.sbe.is_compressed","decoder_i.priv_lvl_i[0]"
"cex","issue_q.sbe.is_compressed","decoder_i.priv_lvl_i[1]"
"cex","issue_q.sbe.use_imm","decoder_i.priv_lvl_i[0]"
"cex","issue_q.sbe.use_imm","decoder_i.priv_lvl_i[1]"
"cex","issue_q.sbe.use_pc","decoder_i.priv_lvl_i[0]"
"cex","issue_q.sbe.use_pc","decoder_i.priv_lvl_i[1]"
"cex","issue_q.sbe.use_pc","issue_entry_o.use_imm"
"cex","issue_q.sbe.use_pc","issue_n.sbe.use_imm"
"cex","issue_q.sbe.use_pc","issue_q.sbe.use_imm"
"cex","issue_q.sbe.valid","decoder_i.priv_lvl_i[0]"
"cex","issue_q.sbe.valid","decoder_i.priv_lvl_i[1]"
"cex","issue_q.valid","decoder_i.priv_lvl_i[0]"
"cex","issue_q.valid","decoder_i.priv_lvl_i[1]"
"cex","lsu_commit_i","flu_ready_o"
"cex","lsu_commit_i","fpu_ready_o"
"cex","lsu_commit_i","lsu_commit_ready_o"
"cex","lsu_commit_i","lsu_ready_o"
"cex","lsu_i.i_store_unit.state_q[0]","flu_ready_o"
"cex","lsu_i.i_store_unit.state_q[0]","fpu_ready_o"
"cex","lsu_i.i_store_unit.state_q[0]","lsu_commit_ready_o"
"cex","lsu_i.i_store_unit.state_q[0]","lsu_ready_o"
"cex","lsu_i.i_store_unit.state_q[0]","no_st_pending_o"
"cex","lsu_i.i_store_unit.state_q[1]","fpu_ready_o"
"cex","lsu_i.i_store_unit.state_q[1]","i_mult.i_div.div_res_zero_q"
"cex","lsu_i.i_store_unit.state_q[1]","i_mult.i_div.rem_sel_q"
"cex","lsu_i.i_store_unit.state_q[1]","i_mult.word_op_q"
"cex","lsu_i.i_store_unit.state_q[1]","lsu_i.i_store_unit.store_buffer_i.commit_queue_q[2].valid"
"cex","lsu_i.i_store_unit.state_q[1]","lsu_i.lsu_bypass_i.mem_q[0].valid"
"cex","lsu_i.i_store_unit.state_q[1]","lsu_i.lsu_bypass_i.mem_q[1].valid"
"cex","lsu_i.i_store_unit.state_q[1]","lsu_i.lsu_bypass_i.read_pointer_q"
"cex","lsu_i.i_store_unit.state_q[1]","lsu_i.lsu_bypass_i.status_cnt_q[1]"
"cex","lsu_i.i_store_unit.state_q[1]","lsu_i.lsu_bypass_i.write_pointer_q"
"cex","lsu_i.i_store_unit.store_buffer_i.commit_queue_q[0].valid","flu_ready_o"
"cex","lsu_i.i_store_unit.store_buffer_i.commit_queue_q[0].valid","fpu_ready_o"
"cex","lsu_i.i_store_unit.store_buffer_i.commit_queue_q[0].valid","lsu_commit_ready_o"
"cex","lsu_i.i_store_unit.store_buffer_i.commit_queue_q[0].valid","lsu_i.i_store_unit.store_buffer_i.commit_read_pointer_q[0]"
"cex","lsu_i.i_store_unit.store_buffer_i.commit_queue_q[0].valid","lsu_i.i_store_unit.store_buffer_i.commit_write_pointer_q[0]"
"cex","lsu_i.i_store_unit.store_buffer_i.commit_queue_q[0].valid","lsu_i.i_store_unit.store_buffer_i.speculative_read_pointer_q[0]"
"cex","lsu_i.i_store_unit.store_buffer_i.commit_queue_q[0].valid","lsu_i.i_store_unit.store_buffer_i.speculative_write_pointer_q[0]"
"cex","lsu_i.i_store_unit.store_buffer_i.commit_queue_q[0].valid","lsu_ready_o"
"cex","lsu_i.i_store_unit.store_buffer_i.commit_queue_q[0].valid","no_st_pending_o"
"cex","lsu_i.i_store_unit.store_buffer_i.commit_queue_q[1].valid","flu_ready_o"
"cex","lsu_i.i_store_unit.store_buffer_i.commit_queue_q[1].valid","fpu_ready_o"
"cex","lsu_i.i_store_unit.store_buffer_i.commit_queue_q[1].valid","lsu_commit_ready_o"
"cex","lsu_i.i_store_unit.store_buffer_i.commit_queue_q[1].valid","lsu_i.i_store_unit.store_buffer_i.commit_read_pointer_q[1]"
"cex","lsu_i.i_store_unit.store_buffer_i.commit_queue_q[1].valid","lsu_i.i_store_unit.store_buffer_i.commit_write_pointer_q[1]"
"cex","lsu_i.i_store_unit.store_buffer_i.commit_queue_q[1].valid","lsu_i.i_store_unit.store_buffer_i.speculative_read_pointer_q[1]"
"cex","lsu_i.i_store_unit.store_buffer_i.commit_queue_q[1].valid","lsu_i.i_store_unit.store_buffer_i.speculative_write_pointer_q[1]"
"cex","lsu_i.i_store_unit.store_buffer_i.commit_queue_q[1].valid","lsu_ready_o"
"cex","lsu_i.i_store_unit.store_buffer_i.commit_queue_q[1].valid","no_st_pending_o"
"cex","lsu_i.i_store_unit.store_buffer_i.commit_queue_q[2].valid","flu_ready_o"
"cex","lsu_i.i_store_unit.store_buffer_i.commit_queue_q[2].valid","fpu_ready_o"
"cex","lsu_i.i_store_unit.store_buffer_i.commit_queue_q[2].valid","lsu_commit_ready_o"
"cex","lsu_i.i_store_unit.store_buffer_i.commit_queue_q[2].valid","lsu_i.i_store_unit.store_buffer_i.commit_read_pointer_q[0]"
"cex","lsu_i.i_store_unit.store_buffer_i.commit_queue_q[2].valid","lsu_i.i_store_unit.store_buffer_i.commit_read_pointer_q[1]"
"cex","lsu_i.i_store_unit.store_buffer_i.commit_queue_q[2].valid","lsu_i.i_store_unit.store_buffer_i.commit_write_pointer_q[0]"
"cex","lsu_i.i_store_unit.store_buffer_i.commit_queue_q[2].valid","lsu_i.i_store_unit.store_buffer_i.commit_write_pointer_q[1]"
"cex","lsu_i.i_store_unit.store_buffer_i.commit_queue_q[2].valid","lsu_i.i_store_unit.store_buffer_i.speculative_read_pointer_q[0]"
"cex","lsu_i.i_store_unit.store_buffer_i.commit_queue_q[2].valid","lsu_i.i_store_unit.store_buffer_i.speculative_read_pointer_q[1]"
"cex","lsu_i.i_store_unit.store_buffer_i.commit_queue_q[2].valid","lsu_i.i_store_unit.store_buffer_i.speculative_write_pointer_q[0]"
"cex","lsu_i.i_store_unit.store_buffer_i.commit_queue_q[2].valid","lsu_i.i_store_unit.store_buffer_i.speculative_write_pointer_q[1]"
"cex","lsu_i.i_store_unit.store_buffer_i.commit_queue_q[2].valid","lsu_ready_o"
"cex","lsu_i.i_store_unit.store_buffer_i.commit_queue_q[2].valid","no_st_pending_o"
"cex","lsu_i.i_store_unit.store_buffer_i.commit_queue_q[3].valid","flu_ready_o"
"cex","lsu_i.i_store_unit.store_buffer_i.commit_queue_q[3].valid","fpu_ready_o"
"cex","lsu_i.i_store_unit.store_buffer_i.commit_queue_q[3].valid","lsu_commit_ready_o"
"cex","lsu_i.i_store_unit.store_buffer_i.commit_queue_q[3].valid","lsu_i.lsu_bypass_i.read_pointer_q"
"cex","lsu_i.i_store_unit.store_buffer_i.commit_queue_q[3].valid","lsu_i.lsu_bypass_i.write_pointer_q"
"cex","lsu_i.i_store_unit.store_buffer_i.commit_queue_q[3].valid","lsu_ready_o"
"cex","lsu_i.i_store_unit.store_buffer_i.commit_queue_q[3].valid","no_st_pending_o"
"cex","lsu_i.i_store_unit.store_buffer_i.commit_read_pointer_q[0]","fpu_ready_o"
"cex","lsu_i.i_store_unit.store_buffer_i.commit_read_pointer_q[0]","lsu_commit_ready_o"
"cex","lsu_i.i_store_unit.store_buffer_i.commit_read_pointer_q[0]","lsu_ready_o"
"cex","lsu_i.i_store_unit.store_buffer_i.commit_read_pointer_q[1]","fpu_ready_o"
"cex","lsu_i.i_store_unit.store_buffer_i.commit_read_pointer_q[1]","lsu_commit_ready_o"
"cex","lsu_i.i_store_unit.store_buffer_i.commit_read_pointer_q[1]","lsu_ready_o"
"cex","lsu_i.i_store_unit.store_buffer_i.commit_write_pointer_q[0]","fpu_ready_o"
"cex","lsu_i.i_store_unit.store_buffer_i.commit_write_pointer_q[0]","lsu_commit_ready_o"
"cex","lsu_i.i_store_unit.store_buffer_i.commit_write_pointer_q[0]","lsu_i.i_store_unit.store_buffer_i.commit_read_pointer_q[0]"
"cex","lsu_i.i_store_unit.store_buffer_i.commit_write_pointer_q[0]","lsu_ready_o"
"cex","lsu_i.i_store_unit.store_buffer_i.commit_write_pointer_q[1]","fpu_ready_o"
"cex","lsu_i.i_store_unit.store_buffer_i.commit_write_pointer_q[1]","lsu_commit_ready_o"
"cex","lsu_i.i_store_unit.store_buffer_i.commit_write_pointer_q[1]","lsu_i.i_store_unit.store_buffer_i.commit_read_pointer_q[1]"
"cex","lsu_i.i_store_unit.store_buffer_i.commit_write_pointer_q[1]","lsu_ready_o"
"cex","lsu_i.i_store_unit.store_buffer_i.speculative_queue_q[0].valid","flu_ready_o"
"cex","lsu_i.i_store_unit.store_buffer_i.speculative_queue_q[0].valid","fpu_ready_o"
"cex","lsu_i.i_store_unit.store_buffer_i.speculative_queue_q[0].valid","lsu_commit_ready_o"
"cex","lsu_i.i_store_unit.store_buffer_i.speculative_queue_q[0].valid","lsu_i.i_store_unit.store_buffer_i.commit_queue_q[0].valid"
"cex","lsu_i.i_store_unit.store_buffer_i.speculative_queue_q[0].valid","lsu_i.i_store_unit.store_buffer_i.commit_write_pointer_q[0]"
"cex","lsu_i.i_store_unit.store_buffer_i.speculative_queue_q[0].valid","lsu_i.i_store_unit.store_buffer_i.speculative_read_pointer_q[0]"
"cex","lsu_i.i_store_unit.store_buffer_i.speculative_queue_q[0].valid","lsu_i.i_store_unit.store_buffer_i.speculative_write_pointer_q[0]"
"cex","lsu_i.i_store_unit.store_buffer_i.speculative_queue_q[0].valid","lsu_ready_o"
"cex","lsu_i.i_store_unit.store_buffer_i.speculative_queue_q[1].valid","flu_ready_o"
"cex","lsu_i.i_store_unit.store_buffer_i.speculative_queue_q[1].valid","fpu_ready_o"
"cex","lsu_i.i_store_unit.store_buffer_i.speculative_queue_q[1].valid","lsu_commit_ready_o"
"cex","lsu_i.i_store_unit.store_buffer_i.speculative_queue_q[1].valid","lsu_i.i_store_unit.store_buffer_i.commit_queue_q[1].valid"
"cex","lsu_i.i_store_unit.store_buffer_i.speculative_queue_q[1].valid","lsu_i.i_store_unit.store_buffer_i.commit_read_pointer_q[0]"
"cex","lsu_i.i_store_unit.store_buffer_i.speculative_queue_q[1].valid","lsu_i.i_store_unit.store_buffer_i.commit_write_pointer_q[1]"
"cex","lsu_i.i_store_unit.store_buffer_i.speculative_queue_q[1].valid","lsu_i.i_store_unit.store_buffer_i.speculative_read_pointer_q[1]"
"cex","lsu_i.i_store_unit.store_buffer_i.speculative_queue_q[1].valid","lsu_i.i_store_unit.store_buffer_i.speculative_write_pointer_q[1]"
"cex","lsu_i.i_store_unit.store_buffer_i.speculative_queue_q[1].valid","lsu_ready_o"
"cex","lsu_i.i_store_unit.store_buffer_i.speculative_queue_q[2].valid","flu_ready_o"
"cex","lsu_i.i_store_unit.store_buffer_i.speculative_queue_q[2].valid","fpu_ready_o"
"cex","lsu_i.i_store_unit.store_buffer_i.speculative_queue_q[2].valid","lsu_commit_ready_o"
"cex","lsu_i.i_store_unit.store_buffer_i.speculative_queue_q[2].valid","lsu_i.i_store_unit.store_buffer_i.commit_queue_q[2].valid"
"cex","lsu_i.i_store_unit.store_buffer_i.speculative_queue_q[2].valid","lsu_i.i_store_unit.store_buffer_i.commit_read_pointer_q[1]"
"cex","lsu_i.i_store_unit.store_buffer_i.speculative_queue_q[2].valid","lsu_i.i_store_unit.store_buffer_i.commit_write_pointer_q[0]"
"cex","lsu_i.i_store_unit.store_buffer_i.speculative_queue_q[2].valid","lsu_i.i_store_unit.store_buffer_i.commit_write_pointer_q[1]"
"cex","lsu_i.i_store_unit.store_buffer_i.speculative_queue_q[2].valid","lsu_i.i_store_unit.store_buffer_i.speculative_read_pointer_q[0]"
"cex","lsu_i.i_store_unit.store_buffer_i.speculative_queue_q[2].valid","lsu_i.i_store_unit.store_buffer_i.speculative_read_pointer_q[1]"
"cex","lsu_i.i_store_unit.store_buffer_i.speculative_queue_q[2].valid","lsu_i.i_store_unit.store_buffer_i.speculative_write_pointer_q[0]"
"cex","lsu_i.i_store_unit.store_buffer_i.speculative_queue_q[2].valid","lsu_i.i_store_unit.store_buffer_i.speculative_write_pointer_q[1]"
"cex","lsu_i.i_store_unit.store_buffer_i.speculative_queue_q[2].valid","lsu_ready_o"
"cex","lsu_i.i_store_unit.store_buffer_i.speculative_queue_q[3].valid","flu_ready_o"
"cex","lsu_i.i_store_unit.store_buffer_i.speculative_queue_q[3].valid","fpu_ready_o"
"cex","lsu_i.i_store_unit.store_buffer_i.speculative_queue_q[3].valid","lsu_commit_ready_o"
"cex","lsu_i.i_store_unit.store_buffer_i.speculative_queue_q[3].valid","lsu_i.i_store_unit.store_buffer_i.commit_queue_q[3].valid"
"cex","lsu_i.i_store_unit.store_buffer_i.speculative_queue_q[3].valid","lsu_i.i_store_unit.store_buffer_i.commit_read_pointer_q[0]"
"cex","lsu_i.i_store_unit.store_buffer_i.speculative_queue_q[3].valid","lsu_i.i_store_unit.store_buffer_i.commit_read_pointer_q[1]"
"cex","lsu_i.i_store_unit.store_buffer_i.speculative_queue_q[3].valid","lsu_i.lsu_bypass_i.read_pointer_q"
"cex","lsu_i.i_store_unit.store_buffer_i.speculative_queue_q[3].valid","lsu_i.lsu_bypass_i.write_pointer_q"
"cex","lsu_i.i_store_unit.store_buffer_i.speculative_queue_q[3].valid","lsu_ready_o"
"cex","lsu_i.i_store_unit.store_buffer_i.speculative_read_pointer_q[0]","fpu_ready_o"
"cex","lsu_i.i_store_unit.store_buffer_i.speculative_read_pointer_q[0]","lsu_commit_ready_o"
"cex","lsu_i.i_store_unit.store_buffer_i.speculative_read_pointer_q[0]","lsu_i.i_store_unit.store_buffer_i.commit_read_pointer_q[0]"
"cex","lsu_i.i_store_unit.store_buffer_i.speculative_read_pointer_q[0]","lsu_ready_o"
"cex","lsu_i.i_store_unit.store_buffer_i.speculative_read_pointer_q[1]","fpu_ready_o"
"cex","lsu_i.i_store_unit.store_buffer_i.speculative_read_pointer_q[1]","lsu_commit_ready_o"
"cex","lsu_i.i_store_unit.store_buffer_i.speculative_read_pointer_q[1]","lsu_i.i_store_unit.store_buffer_i.commit_read_pointer_q[1]"
"cex","lsu_i.i_store_unit.store_buffer_i.speculative_read_pointer_q[1]","lsu_ready_o"
"cex","lsu_i.i_store_unit.store_buffer_i.speculative_write_pointer_q[0]","fpu_ready_o"
"cex","lsu_i.i_store_unit.store_buffer_i.speculative_write_pointer_q[0]","lsu_commit_ready_o"
"cex","lsu_i.i_store_unit.store_buffer_i.speculative_write_pointer_q[0]","lsu_i.i_store_unit.store_buffer_i.commit_write_pointer_q[0]"
"cex","lsu_i.i_store_unit.store_buffer_i.speculative_write_pointer_q[0]","lsu_i.i_store_unit.store_buffer_i.speculative_read_pointer_q[0]"
"cex","lsu_i.i_store_unit.store_buffer_i.speculative_write_pointer_q[0]","lsu_ready_o"
"cex","lsu_i.i_store_unit.store_buffer_i.speculative_write_pointer_q[1]","fpu_ready_o"
"cex","lsu_i.i_store_unit.store_buffer_i.speculative_write_pointer_q[1]","lsu_commit_ready_o"
"cex","lsu_i.i_store_unit.store_buffer_i.speculative_write_pointer_q[1]","lsu_i.i_store_unit.store_buffer_i.commit_write_pointer_q[1]"
"cex","lsu_i.i_store_unit.store_buffer_i.speculative_write_pointer_q[1]","lsu_i.i_store_unit.store_buffer_i.speculative_read_pointer_q[1]"
"cex","lsu_i.i_store_unit.store_buffer_i.speculative_write_pointer_q[1]","lsu_ready_o"
"cex","lsu_i.lsu_bypass_i.mem_q[0].valid","fpu_ready_o"
"cex","lsu_i.lsu_bypass_i.mem_q[1].valid","fpu_ready_o"
"cex","lsu_i.lsu_bypass_i.read_pointer_q","fpu_ready_o"
"cex","lsu_i.lsu_bypass_i.read_pointer_q","lsu_commit_ready_o"
"cex","lsu_i.lsu_bypass_i.read_pointer_q","lsu_ready_o"
"cex","lsu_i.lsu_bypass_i.status_cnt_q[0]","fpu_ready_o"
"cex","lsu_i.lsu_bypass_i.status_cnt_q[1]","fpu_ready_o"
"cex","lsu_i.lsu_bypass_i.write_pointer_q","fpu_ready_o"
"cex","lsu_i.lsu_bypass_i.write_pointer_q","lsu_commit_ready_o"
"cex","lsu_i.lsu_bypass_i.write_pointer_q","lsu_ready_o"
"cex","lsu_valid_i","flu_ready_o"
"cex","lsu_valid_i","fpu_ready_o"
"cex","lsu_valid_i","lsu_commit_ready_o"
"cex","lsu_valid_i","lsu_ready_o"
"cex","lsu_valid_i","no_st_pending_o"
"cex","mult_valid_i","flu_valid_o"
"cex","mult_valid_i","fpu_ready_o"
"cex","mult_valid_i","i_mult.i_div.div_res_zero_q"
"cex","mult_valid_i","i_mult.i_div.rem_sel_q"
"cex","mult_valid_i","lsu_commit_ready_o"
"cex","mult_valid_i","lsu_ready_o"
"cex","mult_valid_i","no_st_pending_o"
"cex","npc_rst_load_q","gen_instr_scan[0].i_instr_scan.is_rvc"
"cex","npc_rst_load_q","i_instr_queue.branch_empty"
"cex","npc_rst_load_q","i_instr_queue.gen_instr_fifo[0].i_fifo_instr_data.gate_clock"
"cex","npc_rst_load_q","i_instr_queue.gen_instr_fifo[1].i_fifo_instr_data.gate_clock"
"cex","ras_pop","fetch_entry_valid_o"
"cex","ras_pop","gen_instr_scan[0].i_instr_scan.is_rvc"
"cex","ras_pop","i_instr_queue.branch_empty"
"cex","ras_pop","i_instr_queue.fetch_entry_valid_o"
"cex","ras_pop","i_instr_queue.gen_instr_fifo[0].i_fifo_instr_data.gate_clock"
"cex","ras_pop","i_instr_queue.gen_instr_fifo[1].i_fifo_instr_data.gate_clock"
"cex","ras_push","i_instr_queue.branch_empty"
"cex","ras_push","i_ras.stack_d[0].valid"
"cex","replay","fetch_entry_valid_o"
"cex","replay","i_instr_queue.branch_empty"
"cex","replay","i_instr_queue.fetch_entry_valid_o"
"cex","replay","i_instr_queue.gen_instr_fifo[0].i_fifo_instr_data.gate_clock"
"cex","replay","i_instr_queue.gen_instr_fifo[1].i_fifo_instr_data.gate_clock"
"cex","resolve_branch_i","commit_instr_o[0].use_imm"
"cex","resolve_branch_i","commit_instr_o[0].valid"
"cex","resolve_branch_i","i_issue_read_operands.flu_ready_i"
"cex","resolve_branch_i","i_issue_read_operands.fpu_ready_i"
"cex","resolve_branch_i","i_issue_read_operands.lsu_ready_i"
"cex","resolve_branch_i","i_issue_read_operands.we_gpr_i[0]"
"cex","resolve_branch_i","i_issue_read_operands.we_pack[0]"
"cex","resolve_branch_i","i_scoreboard.commit_ack_i[0]"
"cex","resolve_branch_i","i_scoreboard.commit_instr_o[0].use_imm"
"cex","resolve_branch_i","i_scoreboard.commit_instr_o[0].valid"
"cex","resolve_branch_i","i_scoreboard.i_popcount.data_i[0]"
"cex","resolve_branch_i","i_scoreboard.i_popcount.padded_input[0]"
"cex","resolve_branch_i","i_scoreboard.i_popcount.popcount_o[0]"
"cex","resolve_branch_i","i_scoreboard.i_popcount.right_child_result[0]"
"cex","resolve_branch_i","i_scoreboard.mem_n[0].sbe.use_imm"
"cex","resolve_branch_i","i_scoreboard.mem_q[0].sbe.use_imm"
"cex","resolve_branch_i","i_scoreboard.num_commit[0]"
"cex","resolved_branch_i.is_mispredict","commit_instr_o[0].use_imm"
"cex","resolved_branch_i.is_mispredict","commit_instr_o[0].valid"
"cex","resolved_branch_i.is_mispredict","i_instr_queue.branch_empty"
"cex","resolved_branch_i.is_mispredict","i_instr_queue.gen_instr_fifo[0].i_fifo_instr_data.gate_clock"
"cex","resolved_branch_i.is_mispredict","i_instr_queue.gen_instr_fifo[1].i_fifo_instr_data.gate_clock"
"cex","resolved_branch_i.is_mispredict","i_issue_read_operands.flu_ready_i"
"cex","resolved_branch_i.is_mispredict","i_issue_read_operands.fpu_ready_i"
"cex","resolved_branch_i.is_mispredict","i_issue_read_operands.lsu_ready_i"
"cex","resolved_branch_i.is_mispredict","i_issue_read_operands.we_gpr_i[0]"
"cex","resolved_branch_i.is_mispredict","i_issue_read_operands.we_pack[0]"
"cex","resolved_branch_i.is_mispredict","i_scoreboard.commit_ack_i[0]"
"cex","resolved_branch_i.is_mispredict","i_scoreboard.commit_instr_o[0].use_imm"
"cex","resolved_branch_i.is_mispredict","i_scoreboard.commit_instr_o[0].valid"
"cex","resolved_branch_i.is_mispredict","i_scoreboard.i_popcount.data_i[0]"
"cex","resolved_branch_i.is_mispredict","i_scoreboard.i_popcount.padded_input[0]"
"cex","resolved_branch_i.is_mispredict","i_scoreboard.i_popcount.popcount_o[0]"
"cex","resolved_branch_i.is_mispredict","i_scoreboard.i_popcount.right_child_result[0]"
"cex","resolved_branch_i.is_mispredict","i_scoreboard.mem_n[0].sbe.use_imm"
"cex","resolved_branch_i.is_mispredict","i_scoreboard.mem_q[0].sbe.use_imm"
"cex","resolved_branch_i.is_mispredict","i_scoreboard.num_commit[0]"
"cex","resolved_branch_i.is_taken","commit_instr_o[0].use_imm"
"cex","resolved_branch_i.is_taken","commit_instr_o[0].valid"
"cex","resolved_branch_i.is_taken","i_instr_queue.branch_empty"
"cex","resolved_branch_i.is_taken","i_instr_queue.gen_instr_fifo[0].i_fifo_instr_data.empty_o"
"cex","resolved_branch_i.is_taken","i_instr_queue.gen_instr_fifo[0].i_fifo_instr_data.gate_clock"
"cex","resolved_branch_i.is_taken","i_instr_queue.gen_instr_fifo[1].i_fifo_instr_data.empty_o"
"cex","resolved_branch_i.is_taken","i_instr_queue.gen_instr_fifo[1].i_fifo_instr_data.gate_clock"
"cex","resolved_branch_i.is_taken","i_instr_queue.instr_queue_empty[0]"
"cex","resolved_branch_i.is_taken","i_instr_queue.instr_queue_empty[1]"
"cex","resolved_branch_i.is_taken","i_instr_queue.ready_o"
"cex","resolved_branch_i.is_taken","i_issue_read_operands.flu_ready_i"
"cex","resolved_branch_i.is_taken","i_issue_read_operands.fpu_ready_i"
"cex","resolved_branch_i.is_taken","i_issue_read_operands.lsu_ready_i"
"cex","resolved_branch_i.is_taken","i_issue_read_operands.we_gpr_i[0]"
"cex","resolved_branch_i.is_taken","i_issue_read_operands.we_pack[0]"
"cex","resolved_branch_i.is_taken","i_scoreboard.commit_ack_i[0]"
"cex","resolved_branch_i.is_taken","i_scoreboard.commit_instr_o[0].use_imm"
"cex","resolved_branch_i.is_taken","i_scoreboard.commit_instr_o[0].valid"
"cex","resolved_branch_i.is_taken","i_scoreboard.i_popcount.data_i[0]"
"cex","resolved_branch_i.is_taken","i_scoreboard.i_popcount.padded_input[0]"
"cex","resolved_branch_i.is_taken","i_scoreboard.i_popcount.popcount_o[0]"
"cex","resolved_branch_i.is_taken","i_scoreboard.i_popcount.right_child_result[0]"
"cex","resolved_branch_i.is_taken","i_scoreboard.mem_n[0].sbe.use_imm"
"cex","resolved_branch_i.is_taken","i_scoreboard.mem_q[0].sbe.use_imm"
"cex","resolved_branch_i.is_taken","i_scoreboard.num_commit[0]"
"cex","resolved_branch_i.is_taken","icache_dreq_o.req"
"cex","resolved_branch_i.is_taken","instr_queue_ready"
"cex","resolved_branch_i.valid","commit_instr_o[0].use_imm"
"cex","resolved_branch_i.valid","commit_instr_o[0].valid"
"cex","resolved_branch_i.valid","i_instr_queue.branch_empty"
"cex","resolved_branch_i.valid","i_instr_queue.gen_instr_fifo[0].i_fifo_instr_data.empty_o"
"cex","resolved_branch_i.valid","i_instr_queue.gen_instr_fifo[0].i_fifo_instr_data.gate_clock"
"cex","resolved_branch_i.valid","i_instr_queue.gen_instr_fifo[1].i_fifo_instr_data.empty_o"
"cex","resolved_branch_i.valid","i_instr_queue.gen_instr_fifo[1].i_fifo_instr_data.gate_clock"
"cex","resolved_branch_i.valid","i_instr_queue.instr_queue_empty[0]"
"cex","resolved_branch_i.valid","i_instr_queue.instr_queue_empty[1]"
"cex","resolved_branch_i.valid","i_instr_queue.ready_o"
"cex","resolved_branch_i.valid","i_issue_read_operands.flu_ready_i"
"cex","resolved_branch_i.valid","i_issue_read_operands.fpu_ready_i"
"cex","resolved_branch_i.valid","i_issue_read_operands.lsu_ready_i"
"cex","resolved_branch_i.valid","i_issue_read_operands.we_gpr_i[0]"
"cex","resolved_branch_i.valid","i_issue_read_operands.we_pack[0]"
"cex","resolved_branch_i.valid","i_scoreboard.commit_ack_i[0]"
"cex","resolved_branch_i.valid","i_scoreboard.commit_instr_o[0].use_imm"
"cex","resolved_branch_i.valid","i_scoreboard.commit_instr_o[0].valid"
"cex","resolved_branch_i.valid","i_scoreboard.i_popcount.data_i[0]"
"cex","resolved_branch_i.valid","i_scoreboard.i_popcount.padded_input[0]"
"cex","resolved_branch_i.valid","i_scoreboard.i_popcount.popcount_o[0]"
"cex","resolved_branch_i.valid","i_scoreboard.i_popcount.right_child_result[0]"
"cex","resolved_branch_i.valid","i_scoreboard.mem_n[0].sbe.use_imm"
"cex","resolved_branch_i.valid","i_scoreboard.mem_q[0].sbe.use_imm"
"cex","resolved_branch_i.valid","i_scoreboard.num_commit[0]"
"cex","resolved_branch_i.valid","icache_dreq_o.req"
"cex","resolved_branch_i.valid","instr_queue_ready"
"cex","rvc_branch[0]","i_instr_queue.branch_empty"
"cex","rvc_branch[0]","i_ras.data_o.valid"
"cex","rvc_branch[0]","i_ras.stack_d[0].valid"
"cex","rvc_branch[0]","i_ras.stack_q[0].valid"
"cex","rvc_branch[0]","ras_predict.valid"
"cex","rvc_branch[1]","fetch_entry_valid_o"
"cex","rvc_branch[1]","i_instr_queue.branch_empty"
"cex","rvc_branch[1]","i_instr_queue.fetch_entry_valid_o"
"cex","rvc_branch[1]","i_instr_queue.gen_instr_fifo[0].i_fifo_instr_data.write_pointer_n[0]"
"cex","rvc_branch[1]","i_instr_queue.gen_instr_fifo[0].i_fifo_instr_data.write_pointer_n[1]"
"cex","rvc_branch[1]","i_instr_queue.gen_instr_fifo[0].i_fifo_instr_data.write_pointer_q[1]"
"cex","rvc_branch[1]","i_instr_queue.gen_instr_fifo[1].i_fifo_instr_data.write_pointer_n[1]"
"cex","rvc_branch[1]","i_instr_queue.gen_instr_fifo[1].i_fifo_instr_data.write_pointer_q[1]"
"cex","rvc_branch[1]","i_instr_queue.ready_o"
"cex","rvc_branch[1]","i_ras.data_o.valid"
"cex","rvc_branch[1]","i_ras.stack_d[0].valid"
"cex","rvc_branch[1]","i_ras.stack_d[1].valid"
"cex","rvc_branch[1]","i_ras.stack_q[0].valid"
"cex","rvc_branch[1]","i_ras.stack_q[1].valid"
"cex","rvc_branch[1]","icache_dreq_o.req"
"cex","rvc_branch[1]","instr_queue_ready"
"cex","rvc_branch[1]","ras_predict.valid"
"cex","rvc_call[0]","gen_instr_scan[0].i_instr_scan.is_rvc"
"cex","rvc_call[0]","i_instr_queue.gen_instr_fifo[0].i_fifo_instr_data.empty_o"
"cex","rvc_call[0]","i_instr_queue.gen_instr_fifo[1].i_fifo_instr_data.empty_o"
"cex","rvc_call[0]","i_instr_queue.gen_instr_fifo[1].i_fifo_instr_data.gate_clock"
"cex","rvc_call[0]","i_instr_queue.idx_ds_d[0]"
"cex","rvc_call[0]","i_instr_queue.idx_ds_q[0]"
"cex","rvc_call[0]","i_instr_queue.instr_queue_empty[0]"
"cex","rvc_call[0]","i_instr_queue.instr_queue_empty[1]"
"cex","rvc_call[0]","i_instr_queue.ready_o"
"cex","rvc_call[0]","i_instr_realign.unaligned_d"
"cex","rvc_call[0]","i_ras.data_o.valid"
"cex","rvc_call[0]","i_ras.stack_d[0].valid"
"cex","rvc_call[0]","i_ras.stack_d[1].valid"
"cex","rvc_call[0]","i_ras.stack_q[0].valid"
"cex","rvc_call[0]","i_ras.stack_q[1].valid"
"cex","rvc_call[0]","icache_dreq_o.req"
"cex","rvc_call[0]","instr_queue_ready"
"cex","rvc_call[0]","ras_predict.valid"
"cex","rvc_call[1]","fetch_entry_valid_o"
"cex","rvc_call[1]","i_instr_queue.branch_empty"
"cex","rvc_call[1]","i_instr_queue.fetch_entry_valid_o"
"cex","rvc_call[1]","i_instr_queue.gen_instr_fifo[0].i_fifo_instr_data.usage_o[1]"
"cex","rvc_call[1]","i_instr_queue.gen_instr_fifo[1].i_fifo_instr_data.usage_o[1]"
"cex","rvc_call[1]","i_instr_queue.instr_queue_usage[0][1]"
"cex","rvc_call[1]","i_instr_queue.instr_queue_usage[1][1]"
"cex","rvc_call[1]","i_instr_queue.ready_o"
"cex","rvc_call[1]","i_ras.data_o.valid"
"cex","rvc_call[1]","i_ras.stack_d[0].valid"
"cex","rvc_call[1]","i_ras.stack_q[0].valid"
"cex","rvc_call[1]","icache_dreq_o.req"
"cex","rvc_call[1]","instr_queue_ready"
"cex","rvc_call[1]","ras_predict.valid"
"cex","rvc_jalr[0]","gen_instr_scan[0].i_instr_scan.is_rvc"
"cex","rvc_jalr[0]","i_instr_queue.gen_instr_fifo[0].i_fifo_instr_data.empty_o"
"cex","rvc_jalr[0]","i_instr_queue.gen_instr_fifo[1].i_fifo_instr_data.empty_o"
"cex","rvc_jalr[0]","i_instr_queue.gen_instr_fifo[1].i_fifo_instr_data.gate_clock"
"cex","rvc_jalr[0]","i_instr_queue.idx_ds_d[0]"
"cex","rvc_jalr[0]","i_instr_queue.idx_ds_q[0]"
"cex","rvc_jalr[0]","i_instr_queue.instr_queue_empty[0]"
"cex","rvc_jalr[0]","i_instr_queue.instr_queue_empty[1]"
"cex","rvc_jalr[0]","i_instr_queue.ready_o"
"cex","rvc_jalr[0]","i_instr_realign.unaligned_d"
"cex","rvc_jalr[0]","i_ras.data_o.valid"
"cex","rvc_jalr[0]","i_ras.stack_d[0].valid"
"cex","rvc_jalr[0]","i_ras.stack_d[1].valid"
"cex","rvc_jalr[0]","i_ras.stack_q[0].valid"
"cex","rvc_jalr[0]","i_ras.stack_q[1].valid"
"cex","rvc_jalr[0]","icache_dreq_o.req"
"cex","rvc_jalr[0]","instr_queue_ready"
"cex","rvc_jalr[0]","ras_predict.valid"
"cex","rvc_jalr[1]","fetch_entry_valid_o"
"cex","rvc_jalr[1]","i_instr_queue.branch_empty"
"cex","rvc_jalr[1]","i_instr_queue.fetch_entry_valid_o"
"cex","rvc_jalr[1]","i_instr_queue.gen_instr_fifo[0].i_fifo_instr_data.usage_o[1]"
"cex","rvc_jalr[1]","i_instr_queue.gen_instr_fifo[1].i_fifo_instr_data.usage_o[1]"
"cex","rvc_jalr[1]","i_instr_queue.instr_queue_usage[0][1]"
"cex","rvc_jalr[1]","i_instr_queue.instr_queue_usage[1][1]"
"cex","rvc_jalr[1]","i_instr_queue.ready_o"
"cex","rvc_jalr[1]","i_ras.data_o.valid"
"cex","rvc_jalr[1]","i_ras.stack_d[0].valid"
"cex","rvc_jalr[1]","i_ras.stack_q[0].valid"
"cex","rvc_jalr[1]","icache_dreq_o.req"
"cex","rvc_jalr[1]","instr_queue_ready"
"cex","rvc_jalr[1]","ras_predict.valid"
"cex","rvc_jr[0]","gen_instr_scan[0].i_instr_scan.is_rvc"
"cex","rvc_jr[0]","i_instr_queue.branch_empty"
"cex","rvc_jr[0]","i_instr_queue.ready_o"
"cex","rvc_jr[0]","icache_dreq_o.req"
"cex","rvc_jr[0]","instr_queue_ready"
"cex","rvc_jr[1]","i_instr_queue.branch_empty"
"cex","rvc_jump[0]","i_instr_queue.gen_instr_fifo[1].i_fifo_instr_data.empty_o"
"cex","rvc_jump[0]","i_instr_queue.instr_queue_empty[1]"
"cex","rvc_jump[0]","i_instr_queue.ready_o"
"cex","rvc_jump[0]","icache_dreq_o.req"
"cex","rvc_jump[0]","instr_queue_ready"
"cex","rvc_jump[1]","i_instr_queue.branch_empty"
"cex","rvc_jump[1]","i_instr_queue.gen_instr_fifo[0].i_fifo_instr_data.write_pointer_n[1]"
"cex","rvc_jump[1]","i_instr_queue.gen_instr_fifo[0].i_fifo_instr_data.write_pointer_q[1]"
"cex","rvc_jump[1]","i_ras.data_o.valid"
"cex","rvc_jump[1]","i_ras.stack_d[0].valid"
"cex","rvc_jump[1]","i_ras.stack_d[1].valid"
"cex","rvc_jump[1]","i_ras.stack_q[0].valid"
"cex","rvc_jump[1]","i_ras.stack_q[1].valid"
"cex","rvc_jump[1]","ras_predict.valid"
"cex","rvc_return[0]","fetch_entry_valid_o"
"cex","rvc_return[0]","i_instr_queue.branch_empty"
"cex","rvc_return[0]","i_instr_queue.fetch_entry_valid_o"
"cex","rvc_return[1]","i_instr_queue.branch_empty"
"cex","rvi_branch[0]","i_instr_queue.ready_o"
"cex","rvi_branch[0]","icache_dreq_o.req"
"cex","rvi_branch[0]","instr_queue_ready"
"cex","rvi_jalr[0]","btb_prediction[1].valid"
"cex","rvi_jalr[0]","btb_prediction_shifted[1].valid"
"cex","rvi_jalr[0]","i_btb.btb_prediction_o[1].valid"
"cex","rvi_jalr[0]","i_instr_queue.branch_empty"
"cex","rvi_jalr[0]","i_instr_queue.gen_instr_fifo[0].i_fifo_instr_data.empty_o"
"cex","rvi_jalr[0]","i_instr_queue.gen_instr_fifo[0].i_fifo_instr_data.gate_clock"
"cex","rvi_jalr[0]","i_instr_queue.gen_instr_fifo[1].i_fifo_instr_data.empty_o"
"cex","rvi_jalr[0]","i_instr_queue.gen_instr_fifo[1].i_fifo_instr_data.gate_clock"
"cex","rvi_jalr[0]","i_instr_queue.idx_ds_d[0]"
"cex","rvi_jalr[0]","i_instr_queue.idx_ds_q[0]"
"cex","rvi_jalr[0]","i_instr_queue.instr_queue_empty[0]"
"cex","rvi_jalr[0]","i_instr_queue.instr_queue_empty[1]"
"cex","rvi_jalr[0]","i_instr_queue.ready_o"
"cex","rvi_jalr[0]","i_instr_realign.unaligned_d"
"cex","rvi_jalr[0]","i_instr_realign.valid_i"
"cex","rvi_jalr[0]","icache_dreq_o.req"
"cex","rvi_jalr[0]","icache_valid_q"
"cex","rvi_jalr[0]","if_ready"
"cex","rvi_jalr[0]","instr_queue_ready"
"cex","rvi_jump[0]","i_instr_queue.ready_o"
"cex","rvi_jump[0]","icache_dreq_o.req"
"cex","rvi_jump[0]","instr_queue_ready"
"cex","taken_rvc_cf[0]","fetch_entry_valid_o"
"cex","taken_rvc_cf[0]","gen_instr_scan[0].i_instr_scan.is_rvc"
"cex","taken_rvc_cf[0]","gen_instr_scan[0].i_instr_scan.rvc_jump_o"
"cex","taken_rvc_cf[0]","i_instr_queue.branch_empty"
"cex","taken_rvc_cf[0]","i_instr_queue.fetch_entry_ready_i"
"cex","taken_rvc_cf[0]","i_instr_queue.fetch_entry_valid_o"
"cex","taken_rvc_cf[0]","i_instr_queue.gen_instr_fifo[0].i_fifo_instr_data.gate_clock"
"cex","taken_rvc_cf[0]","i_instr_queue.gen_instr_fifo[0].i_fifo_instr_data.pop_i"
"cex","taken_rvc_cf[0]","i_instr_queue.gen_instr_fifo[0].i_fifo_instr_data.usage_o[0]"
"cex","taken_rvc_cf[0]","i_instr_queue.gen_instr_fifo[1].i_fifo_instr_data.empty_o"
"cex","taken_rvc_cf[0]","i_instr_queue.gen_instr_fifo[1].i_fifo_instr_data.gate_clock"
"cex","taken_rvc_cf[0]","i_instr_queue.idx_ds_d[1]"
"cex","taken_rvc_cf[0]","i_instr_queue.idx_ds_q[0]"
"cex","taken_rvc_cf[0]","i_instr_queue.idx_is_d[0]"
"cex","taken_rvc_cf[0]","i_instr_queue.idx_is_q[0]"
"cex","taken_rvc_cf[0]","i_instr_queue.instr_queue_empty[1]"
"cex","taken_rvc_cf[0]","i_instr_queue.instr_queue_usage[0][0]"
"cex","taken_rvc_cf[0]","i_instr_queue.pop_instr[0]"
"cex","taken_rvc_cf[0]","i_instr_queue.ready_o"
"cex","taken_rvc_cf[0]","icache_dreq_o.req"
"cex","taken_rvc_cf[0]","instr_queue_ready"
"cex","taken_rvc_cf[0]","rvc_jump[0]"
"cex","taken_rvc_cf[1]","fetch_entry_valid_o"
"cex","taken_rvc_cf[1]","i_instr_queue.branch_empty"
"cex","taken_rvc_cf[1]","i_instr_queue.fetch_entry_valid_o"
"cex","taken_rvc_cf[1]","i_instr_queue.gen_instr_fifo[0].i_fifo_instr_data.gate_clock"
"cex","taken_rvc_cf[1]","i_instr_queue.gen_instr_fifo[0].i_fifo_instr_data.write_pointer_n[1]"
"cex","taken_rvc_cf[1]","i_instr_queue.gen_instr_fifo[0].i_fifo_instr_data.write_pointer_q[1]"
"cex","taken_rvc_cf[1]","i_instr_queue.gen_instr_fifo[1].i_fifo_instr_data.gate_clock"
"cex","taken_rvc_cf[1]","i_instr_queue.idx_ds_d[0]"
"cex","taken_rvc_cf[1]","i_ras.data_o.valid"
"cex","taken_rvc_cf[1]","i_ras.stack_d[0].valid"
"cex","taken_rvc_cf[1]","i_ras.stack_d[1].valid"
"cex","taken_rvc_cf[1]","i_ras.stack_q[0].valid"
"cex","taken_rvc_cf[1]","i_ras.stack_q[1].valid"
"cex","taken_rvc_cf[1]","ras_predict.valid"
"cex","taken_rvi_cf[0]","fetch_entry_valid_o"
"cex","taken_rvi_cf[0]","i_instr_queue.branch_empty"
"cex","taken_rvi_cf[0]","i_instr_queue.fetch_entry_ready_i"
"cex","taken_rvi_cf[0]","i_instr_queue.fetch_entry_valid_o"
"cex","taken_rvi_cf[0]","i_instr_queue.gen_instr_fifo[0].i_fifo_instr_data.gate_clock"
"cex","taken_rvi_cf[0]","i_instr_queue.gen_instr_fifo[1].i_fifo_instr_data.gate_clock"
"cex","taken_rvi_cf[0]","i_instr_queue.ready_o"
"cex","taken_rvi_cf[0]","icache_dreq_o.req"
"cex","taken_rvi_cf[0]","instr_queue_ready"
"cex","we_fpr_i[0]","i_issue_read_operands.flu_ready_i"
"cex","we_fpr_i[0]","i_issue_read_operands.fpu_ready_i"
"cex","we_fpr_i[0]","i_issue_read_operands.lsu_ready_i"
"cex","we_gpr_i[0]","i_issue_read_operands.flu_ready_i"
"cex","we_gpr_i[0]","i_issue_read_operands.fpu_ready_i"
"cex","we_gpr_i[0]","i_issue_read_operands.lsu_ready_i"
"cex","we_gpr_i[0]","i_scoreboard.mem_n[0].sbe.use_imm"
"cex","we_gpr_i[0]","i_scoreboard.mem_q[0].sbe.use_imm"
"cex","we_gpr_i[1]","commit_instr_o[1].use_imm"
"cex","we_gpr_i[1]","i_issue_read_operands.fpu_ready_i"
"cex","we_gpr_i[1]","i_issue_read_operands.lsu_ready_i"
"cex","we_gpr_i[1]","i_scoreboard.commit_instr_o[1].use_imm"
"cex","wt_valid_i[0]","commit_instr_o[0].valid"
"cex","wt_valid_i[0]","i_issue_read_operands.flu_ready_i"
"cex","wt_valid_i[0]","i_issue_read_operands.fpu_ready_i"
"cex","wt_valid_i[0]","i_issue_read_operands.lsu_ready_i"
"cex","wt_valid_i[0]","i_issue_read_operands.we_fpr_i[0]"
"cex","wt_valid_i[0]","i_scoreboard.commit_ack_i[0]"
"cex","wt_valid_i[0]","i_scoreboard.commit_instr_o[0].valid"
"cex","wt_valid_i[0]","i_scoreboard.i_popcount.data_i[0]"
"cex","wt_valid_i[0]","i_scoreboard.i_popcount.padded_input[0]"
"cex","wt_valid_i[0]","i_scoreboard.i_popcount.right_child_result[0]"
"cex","wt_valid_i[1]","commit_instr_o[0].use_imm"
"cex","wt_valid_i[1]","commit_instr_o[0].valid"
"cex","wt_valid_i[1]","decoded_instr_i.use_imm"
"cex","wt_valid_i[1]","i_issue_read_operands.flu_ready_i"
"cex","wt_valid_i[1]","i_issue_read_operands.fpu_ready_i"
"cex","wt_valid_i[1]","i_issue_read_operands.issue_instr_i.use_imm"
"cex","wt_valid_i[1]","i_issue_read_operands.lsu_ready_i"
"cex","wt_valid_i[1]","i_issue_read_operands.we_gpr_i[0]"
"cex","wt_valid_i[1]","i_issue_read_operands.we_pack[0]"
"cex","wt_valid_i[1]","i_re_name.issue_instr_i.use_imm"
"cex","wt_valid_i[1]","i_re_name.issue_instr_o.use_imm"
"cex","wt_valid_i[1]","i_scoreboard.commit_ack_i[0]"
"cex","wt_valid_i[1]","i_scoreboard.commit_instr_o[0].use_imm"
"cex","wt_valid_i[1]","i_scoreboard.commit_instr_o[0].valid"
"cex","wt_valid_i[1]","i_scoreboard.decoded_instr_i.use_imm"
"cex","wt_valid_i[1]","i_scoreboard.i_popcount.data_i[0]"
"cex","wt_valid_i[1]","i_scoreboard.i_popcount.padded_input[0]"
"cex","wt_valid_i[1]","i_scoreboard.i_popcount.popcount_o[0]"
"cex","wt_valid_i[1]","i_scoreboard.i_popcount.right_child_result[0]"
"cex","wt_valid_i[1]","i_scoreboard.issue_instr_o.use_imm"
"cex","wt_valid_i[1]","i_scoreboard.mem_n[0].sbe.use_imm"
"cex","wt_valid_i[1]","i_scoreboard.mem_q[0].sbe.use_imm"
"cex","wt_valid_i[1]","i_scoreboard.num_commit[0]"
"cex","wt_valid_i[1]","issue_instr_rename_sb.use_imm"
"cex","wt_valid_i[1]","issue_instr_sb_iro.use_imm"
"cex","wt_valid_i[2]","commit_instr_o[0].use_imm"
"cex","wt_valid_i[2]","commit_instr_o[0].valid"
"cex","wt_valid_i[2]","commit_instr_o[1].use_imm"
"cex","wt_valid_i[2]","decoded_instr_ack_o"
"cex","wt_valid_i[2]","decoded_instr_i.use_imm"
"cex","wt_valid_i[2]","i_issue_read_operands.flu_ready_i"
"cex","wt_valid_i[2]","i_issue_read_operands.fpu_ready_i"
"cex","wt_valid_i[2]","i_issue_read_operands.issue_ack_o"
"cex","wt_valid_i[2]","i_issue_read_operands.issue_instr_i.use_imm"
"cex","wt_valid_i[2]","i_issue_read_operands.issue_instr_valid_i"
"cex","wt_valid_i[2]","i_issue_read_operands.lsu_ready_i"
"cex","wt_valid_i[2]","i_issue_read_operands.orig_instr.rvftype.repl[14]"
"cex","wt_valid_i[2]","i_issue_read_operands.we_gpr_i[0]"
"cex","wt_valid_i[2]","i_issue_read_operands.we_pack[0]"
"cex","wt_valid_i[2]","i_re_name.issue_ack_i"
"cex","wt_valid_i[2]","i_re_name.issue_ack_o"
"cex","wt_valid_i[2]","i_re_name.issue_instr_i.use_imm"
"cex","wt_valid_i[2]","i_re_name.issue_instr_o.use_imm"
"cex","wt_valid_i[2]","i_re_name.issue_instr_valid_i"
"cex","wt_valid_i[2]","i_re_name.issue_instr_valid_o"
"cex","wt_valid_i[2]","i_scoreboard.commit_ack_i[0]"
"cex","wt_valid_i[2]","i_scoreboard.commit_instr_o[0].use_imm"
"cex","wt_valid_i[2]","i_scoreboard.commit_instr_o[0].valid"
"cex","wt_valid_i[2]","i_scoreboard.commit_instr_o[1].use_imm"
"cex","wt_valid_i[2]","i_scoreboard.decoded_instr_ack_o"
"cex","wt_valid_i[2]","i_scoreboard.decoded_instr_i.use_imm"
"cex","wt_valid_i[2]","i_scoreboard.decoded_instr_valid_i"
"cex","wt_valid_i[2]","i_scoreboard.i_popcount.data_i[0]"
"cex","wt_valid_i[2]","i_scoreboard.i_popcount.padded_input[0]"
"cex","wt_valid_i[2]","i_scoreboard.i_popcount.popcount_o[0]"
"cex","wt_valid_i[2]","i_scoreboard.i_popcount.right_child_result[0]"
"cex","wt_valid_i[2]","i_scoreboard.issue_ack_i"
"cex","wt_valid_i[2]","i_scoreboard.issue_en"
"cex","wt_valid_i[2]","i_scoreboard.issue_instr_o.use_imm"
"cex","wt_valid_i[2]","i_scoreboard.issue_instr_valid_o"
"cex","wt_valid_i[2]","i_scoreboard.mem_n[0].sbe.use_imm"
"cex","wt_valid_i[2]","i_scoreboard.mem_q[0].sbe.use_imm"
"cex","wt_valid_i[2]","i_scoreboard.num_commit[0]"
"cex","wt_valid_i[2]","issue_ack_iro_sb"
"cex","wt_valid_i[2]","issue_ack_sb_rename"
"cex","wt_valid_i[2]","issue_instr_rename_sb.use_imm"
"cex","wt_valid_i[2]","issue_instr_sb_iro.use_imm"
"cex","wt_valid_i[2]","issue_instr_valid_rename_sb"
"cex","wt_valid_i[2]","issue_instr_valid_sb_iro"
"cex","wt_valid_i[3]","commit_instr_o[0].valid"
"cex","wt_valid_i[3]","i_issue_read_operands.fpu_ready_i"
"cex","wt_valid_i[3]","i_issue_read_operands.lsu_ready_i"
"cex","wt_valid_i[3]","i_issue_read_operands.we_gpr_i[0]"
"cex","wt_valid_i[3]","i_issue_read_operands.we_pack[0]"
"cex","wt_valid_i[3]","i_scoreboard.commit_ack_i[0]"
"cex","wt_valid_i[3]","i_scoreboard.commit_instr_o[0].valid"
"cex","wt_valid_i[3]","i_scoreboard.i_popcount.data_i[0]"
"cex","wt_valid_i[3]","i_scoreboard.i_popcount.padded_input[0]"
"cex","wt_valid_i[3]","i_scoreboard.i_popcount.popcount_o[0]"
"cex","wt_valid_i[3]","i_scoreboard.i_popcount.right_child_result[0]"
"cex","wt_valid_i[3]","i_scoreboard.mem_n[0].sbe.use_imm"
"cex","wt_valid_i[3]","i_scoreboard.mem_q[0].sbe.use_imm"
"cex","wt_valid_i[3]","i_scoreboard.num_commit[0]"
"proven","bht_prediction[0].taken","gen_instr_scan[1].i_instr_scan.is_rvc"
"proven","bht_prediction[0].valid","gen_instr_scan[1].i_instr_scan.is_rvc"
"proven","bht_prediction[1].taken","gen_instr_scan[1].i_instr_scan.is_rvc"
"proven","bht_prediction[1].valid","gen_instr_scan[1].i_instr_scan.is_rvc"
"proven","bht_prediction_shifted[0].taken","gen_instr_scan[1].i_instr_scan.is_rvc"
"proven","bht_prediction_shifted[0].valid","gen_instr_scan[1].i_instr_scan.is_rvc"
"proven","bht_prediction_shifted[1].taken","gen_instr_scan[1].i_instr_scan.is_rvc"
"proven","bht_prediction_shifted[1].valid","gen_instr_scan[1].i_instr_scan.is_rvc"
"proven","bht_update.taken","gen_instr_scan[1].i_instr_scan.is_rvc"
"proven","bht_update.valid","gen_instr_scan[1].i_instr_scan.is_rvc"
"proven","bp_valid","gen_instr_scan[1].i_instr_scan.is_rvc"
"proven","btb_prediction[0].valid","gen_instr_scan[1].i_instr_scan.is_rvc"
"proven","btb_prediction_shifted[0].valid","gen_instr_scan[1].i_instr_scan.is_rvc"
"proven","btb_q.valid","gen_instr_scan[1].i_instr_scan.is_rvc"
"proven","btb_update.valid","gen_instr_scan[1].i_instr_scan.is_rvc"
"proven","btb_update.valid","i_instr_queue.gen_instr_fifo[0].i_fifo_instr_data.empty_o"
"proven","btb_update.valid","i_instr_queue.gen_instr_fifo[1].i_fifo_instr_data.empty_o"
"proven","btb_update.valid","i_instr_queue.idx_ds_d[0]"
"proven","btb_update.valid","i_instr_queue.idx_ds_q[0]"
"proven","btb_update.valid","i_instr_queue.instr_queue_empty[0]"
"proven","btb_update.valid","i_instr_queue.instr_queue_empty[1]"
"proven","btb_update.valid","i_instr_queue.ready_o"
"proven","btb_update.valid","icache_dreq_o.req"
"proven","btb_update.valid","instr_queue_ready"
"proven","debug_mode_i","gen_instr_scan[1].i_instr_scan.is_rvc"
"proven","eret_i","gen_instr_scan[1].i_instr_scan.is_rvc"
"proven","eret_i","i_instr_queue.gen_instr_fifo[0].i_fifo_instr_data.empty_o"
"proven","eret_i","i_instr_queue.gen_instr_fifo[1].i_fifo_instr_data.empty_o"
"proven","eret_i","i_instr_queue.idx_ds_d[0]"
"proven","eret_i","i_instr_queue.idx_ds_q[0]"
"proven","eret_i","i_instr_queue.instr_queue_empty[0]"
"proven","eret_i","i_instr_queue.instr_queue_empty[1]"
"proven","eret_i","i_instr_queue.ready_o"
"proven","eret_i","icache_dreq_o.req"
"proven","eret_i","instr_queue_ready"
"proven","ex_valid_i","gen_instr_scan[1].i_instr_scan.is_rvc"
"proven","ex_valid_i","i_instr_queue.gen_instr_fifo[0].i_fifo_instr_data.empty_o"
"proven","ex_valid_i","i_instr_queue.gen_instr_fifo[1].i_fifo_instr_data.empty_o"
"proven","ex_valid_i","i_instr_queue.idx_ds_d[0]"
"proven","ex_valid_i","i_instr_queue.idx_ds_q[0]"
"proven","ex_valid_i","i_instr_queue.instr_queue_empty[0]"
"proven","ex_valid_i","i_instr_queue.instr_queue_empty[1]"
"proven","ex_valid_i","i_instr_queue.ready_o"
"proven","ex_valid_i","icache_dreq_o.req"
"proven","ex_valid_i","instr_queue_ready"
"proven","fetch_entry_ready_i","gen_instr_scan[1].i_instr_scan.is_rvc"
"proven","flush_i","fpu_ready_o"
"proven","flush_i","gen_instr_scan[1].i_instr_scan.is_rvc"
"proven","flush_i","i_instr_queue.gen_instr_fifo[0].i_fifo_instr_data.empty_o"
"proven","flush_i","i_instr_queue.gen_instr_fifo[1].i_fifo_instr_data.empty_o"
"proven","flush_i","i_instr_queue.idx_ds_d[0]"
"proven","flush_i","i_instr_queue.idx_ds_q[0]"
"proven","flush_i","i_instr_queue.instr_queue_empty[0]"
"proven","flush_i","i_instr_queue.instr_queue_empty[1]"
"proven","flush_i","i_instr_queue.ready_o"
"proven","flush_i","i_issue_read_operands.fpu_ready_i"
"proven","flush_i","i_issue_read_operands.lsu_ready_i"
"proven","flush_i","icache_dreq_o.req"
"proven","flush_i","instr_queue_ready"
"proven","flush_i","lsu_ready_o"
"proven","gen_instr_scan[0].i_instr_scan.is_jal_r","gen_instr_scan[1].i_instr_scan.is_rvc"
"proven","gen_instr_scan[0].i_instr_scan.is_rvc","gen_instr_scan[1].i_instr_scan.is_rvc"
"proven","gen_instr_scan[0].i_instr_scan.rvc_branch_o","gen_instr_scan[1].i_instr_scan.is_rvc"
"proven","gen_instr_scan[0].i_instr_scan.rvc_call_o","gen_instr_scan[1].i_instr_scan.is_rvc"
"proven","gen_instr_scan[0].i_instr_scan.rvc_jalr_o","gen_instr_scan[1].i_instr_scan.is_rvc"
"proven","gen_instr_scan[0].i_instr_scan.rvc_jr_o","gen_instr_scan[1].i_instr_scan.is_rvc"
"proven","gen_instr_scan[0].i_instr_scan.rvc_jump_o","gen_instr_scan[1].i_instr_scan.is_rvc"
"proven","gen_instr_scan[0].i_instr_scan.rvc_return_o","gen_instr_scan[1].i_instr_scan.is_rvc"
"proven","gen_instr_scan[0].i_instr_scan.rvi_branch_o","gen_instr_scan[1].i_instr_scan.is_rvc"
"proven","gen_instr_scan[0].i_instr_scan.rvi_call_o","gen_instr_scan[1].i_instr_scan.is_rvc"
"proven","gen_instr_scan[0].i_instr_scan.rvi_jalr_o","gen_instr_scan[1].i_instr_scan.is_rvc"
"proven","gen_instr_scan[0].i_instr_scan.rvi_jump_o","gen_instr_scan[1].i_instr_scan.is_rvc"
"proven","gen_instr_scan[1].i_instr_scan.is_jal_r","gen_instr_scan[1].i_instr_scan.is_rvc"
"proven","gen_instr_scan[1].i_instr_scan.rvc_branch_o","gen_instr_scan[1].i_instr_scan.is_rvc"
"proven","gen_instr_scan[1].i_instr_scan.rvc_call_o","gen_instr_scan[1].i_instr_scan.is_rvc"
"proven","gen_instr_scan[1].i_instr_scan.rvc_jalr_o","gen_instr_scan[1].i_instr_scan.is_rvc"
"proven","gen_instr_scan[1].i_instr_scan.rvc_jr_o","gen_instr_scan[1].i_instr_scan.is_rvc"
"proven","gen_instr_scan[1].i_instr_scan.rvc_jump_o","gen_instr_scan[1].i_instr_scan.is_rvc"
"proven","gen_instr_scan[1].i_instr_scan.rvc_return_o","gen_instr_scan[1].i_instr_scan.is_rvc"
"proven","i_bht.bht_prediction_o[0].taken","gen_instr_scan[1].i_instr_scan.is_rvc"
"proven","i_bht.bht_prediction_o[0].valid","gen_instr_scan[1].i_instr_scan.is_rvc"
"proven","i_bht.bht_prediction_o[1].taken","gen_instr_scan[1].i_instr_scan.is_rvc"
"proven","i_bht.bht_prediction_o[1].valid","gen_instr_scan[1].i_instr_scan.is_rvc"
"proven","i_bht.bht_update_i.taken","gen_instr_scan[1].i_instr_scan.is_rvc"
"proven","i_bht.bht_update_i.valid","gen_instr_scan[1].i_instr_scan.is_rvc"
"proven","i_bht.debug_mode_i","gen_instr_scan[1].i_instr_scan.is_rvc"
"proven","i_bht.saturation_counter[0]","gen_instr_scan[1].i_instr_scan.is_rvc"
"proven","i_bht.saturation_counter[1]","gen_instr_scan[1].i_instr_scan.is_rvc"
"proven","i_btb.btb_prediction_o[0].valid","gen_instr_scan[1].i_instr_scan.is_rvc"
"proven","i_btb.btb_update_i.valid","gen_instr_scan[1].i_instr_scan.is_rvc"
"proven","i_btb.btb_update_i.valid","i_instr_queue.gen_instr_fifo[0].i_fifo_instr_data.empty_o"
"proven","i_btb.btb_update_i.valid","i_instr_queue.gen_instr_fifo[1].i_fifo_instr_data.empty_o"
"proven","i_btb.btb_update_i.valid","i_instr_queue.idx_ds_d[0]"
"proven","i_btb.btb_update_i.valid","i_instr_queue.idx_ds_q[0]"
"proven","i_btb.btb_update_i.valid","i_instr_queue.instr_queue_empty[0]"
"proven","i_btb.btb_update_i.valid","i_instr_queue.instr_queue_empty[1]"
"proven","i_btb.btb_update_i.valid","i_instr_queue.ready_o"
"proven","i_btb.btb_update_i.valid","icache_dreq_o.req"
"proven","i_btb.btb_update_i.valid","instr_queue_ready"
"proven","i_btb.debug_mode_i","gen_instr_scan[1].i_instr_scan.is_rvc"
"proven","i_instr_queue.branch_empty","gen_instr_scan[1].i_instr_scan.is_rvc"
"proven","i_instr_queue.consumed_o[0]","gen_instr_scan[1].i_instr_scan.is_rvc"
"proven","i_instr_queue.consumed_o[1]","gen_instr_scan[1].i_instr_scan.is_rvc"
"proven","i_instr_queue.fetch_entry_ready_i","gen_instr_scan[1].i_instr_scan.is_rvc"
"proven","i_instr_queue.fetch_entry_valid_o","gen_instr_scan[1].i_instr_scan.is_rvc"
"proven","i_instr_queue.fifo_pos[0]","gen_instr_scan[1].i_instr_scan.is_rvc"
"proven","i_instr_queue.fifo_pos[1]","gen_instr_scan[1].i_instr_scan.is_rvc"
"proven","i_instr_queue.flush_i","gen_instr_scan[1].i_instr_scan.is_rvc"
"proven","i_instr_queue.flush_i","i_instr_queue.gen_instr_fifo[0].i_fifo_instr_data.empty_o"
"proven","i_instr_queue.flush_i","i_instr_queue.gen_instr_fifo[1].i_fifo_instr_data.empty_o"
"proven","i_instr_queue.flush_i","i_instr_queue.idx_ds_d[0]"
"proven","i_instr_queue.flush_i","i_instr_queue.idx_ds_q[0]"
"proven","i_instr_queue.flush_i","i_instr_queue.instr_queue_empty[0]"
"proven","i_instr_queue.flush_i","i_instr_queue.instr_queue_empty[1]"
"proven","i_instr_queue.flush_i","i_instr_queue.ready_o"
"proven","i_instr_queue.flush_i","icache_dreq_o.req"
"proven","i_instr_queue.flush_i","instr_queue_ready"
"proven","i_instr_queue.gen_instr_fifo[0].i_fifo_instr_data.flush_i","gen_instr_scan[1].i_instr_scan.is_rvc"
"proven","i_instr_queue.gen_instr_fifo[0].i_fifo_instr_data.flush_i","i_instr_queue.gen_instr_fifo[0].i_fifo_instr_data.empty_o"
"proven","i_instr_queue.gen_instr_fifo[0].i_fifo_instr_data.flush_i","i_instr_queue.gen_instr_fifo[1].i_fifo_instr_data.empty_o"
"proven","i_instr_queue.gen_instr_fifo[0].i_fifo_instr_data.flush_i","i_instr_queue.idx_ds_d[0]"
"proven","i_instr_queue.gen_instr_fifo[0].i_fifo_instr_data.flush_i","i_instr_queue.idx_ds_q[0]"
"proven","i_instr_queue.gen_instr_fifo[0].i_fifo_instr_data.flush_i","i_instr_queue.instr_queue_empty[0]"
"proven","i_instr_queue.gen_instr_fifo[0].i_fifo_instr_data.flush_i","i_instr_queue.instr_queue_empty[1]"
"proven","i_instr_queue.gen_instr_fifo[0].i_fifo_instr_data.flush_i","i_instr_queue.ready_o"
"proven","i_instr_queue.gen_instr_fifo[0].i_fifo_instr_data.flush_i","icache_dreq_o.req"
"proven","i_instr_queue.gen_instr_fifo[0].i_fifo_instr_data.flush_i","instr_queue_ready"
"proven","i_instr_queue.gen_instr_fifo[0].i_fifo_instr_data.gate_clock","gen_instr_scan[1].i_instr_scan.is_rvc"
"proven","i_instr_queue.gen_instr_fifo[0].i_fifo_instr_data.pop_i","gen_instr_scan[1].i_instr_scan.is_rvc"
"proven","i_instr_queue.gen_instr_fifo[0].i_fifo_instr_data.push_i","gen_instr_scan[1].i_instr_scan.is_rvc"
"proven","i_instr_queue.gen_instr_fifo[0].i_fifo_instr_data.read_pointer_n[0]","gen_instr_scan[1].i_instr_scan.is_rvc"
"proven","i_instr_queue.gen_instr_fifo[0].i_fifo_instr_data.read_pointer_n[1]","gen_instr_scan[1].i_instr_scan.is_rvc"
"proven","i_instr_queue.gen_instr_fifo[0].i_fifo_instr_data.read_pointer_q[0]","gen_instr_scan[1].i_instr_scan.is_rvc"
"proven","i_instr_queue.gen_instr_fifo[0].i_fifo_instr_data.read_pointer_q[1]","gen_instr_scan[1].i_instr_scan.is_rvc"
"proven","i_instr_queue.gen_instr_fifo[0].i_fifo_instr_data.usage_o[0]","gen_instr_scan[1].i_instr_scan.is_rvc"
"proven","i_instr_queue.gen_instr_fifo[0].i_fifo_instr_data.usage_o[1]","gen_instr_scan[1].i_instr_scan.is_rvc"
"proven","i_instr_queue.gen_instr_fifo[0].i_fifo_instr_data.write_pointer_n[0]","gen_instr_scan[1].i_instr_scan.is_rvc"
"proven","i_instr_queue.gen_instr_fifo[0].i_fifo_instr_data.write_pointer_n[1]","gen_instr_scan[1].i_instr_scan.is_rvc"
"proven","i_instr_queue.gen_instr_fifo[0].i_fifo_instr_data.write_pointer_q[0]","gen_instr_scan[1].i_instr_scan.is_rvc"
"proven","i_instr_queue.gen_instr_fifo[0].i_fifo_instr_data.write_pointer_q[1]","gen_instr_scan[1].i_instr_scan.is_rvc"
"proven","i_instr_queue.gen_instr_fifo[1].i_fifo_instr_data.flush_i","gen_instr_scan[1].i_instr_scan.is_rvc"
"proven","i_instr_queue.gen_instr_fifo[1].i_fifo_instr_data.flush_i","i_instr_queue.gen_instr_fifo[0].i_fifo_instr_data.empty_o"
"proven","i_instr_queue.gen_instr_fifo[1].i_fifo_instr_data.flush_i","i_instr_queue.gen_instr_fifo[1].i_fifo_instr_data.empty_o"
"proven","i_instr_queue.gen_instr_fifo[1].i_fifo_instr_data.flush_i","i_instr_queue.idx_ds_d[0]"
"proven","i_instr_queue.gen_instr_fifo[1].i_fifo_instr_data.flush_i","i_instr_queue.idx_ds_q[0]"
"proven","i_instr_queue.gen_instr_fifo[1].i_fifo_instr_data.flush_i","i_instr_queue.instr_queue_empty[0]"
"proven","i_instr_queue.gen_instr_fifo[1].i_fifo_instr_data.flush_i","i_instr_queue.instr_queue_empty[1]"
"proven","i_instr_queue.gen_instr_fifo[1].i_fifo_instr_data.flush_i","i_instr_queue.ready_o"
"proven","i_instr_queue.gen_instr_fifo[1].i_fifo_instr_data.flush_i","icache_dreq_o.req"
"proven","i_instr_queue.gen_instr_fifo[1].i_fifo_instr_data.flush_i","instr_queue_ready"
"proven","i_instr_queue.gen_instr_fifo[1].i_fifo_instr_data.gate_clock","gen_instr_scan[1].i_instr_scan.is_rvc"
"proven","i_instr_queue.gen_instr_fifo[1].i_fifo_instr_data.pop_i","gen_instr_scan[1].i_instr_scan.is_rvc"
"proven","i_instr_queue.gen_instr_fifo[1].i_fifo_instr_data.pop_i","i_instr_queue.idx_ds_q[0]"
"proven","i_instr_queue.gen_instr_fifo[1].i_fifo_instr_data.push_i","gen_instr_scan[1].i_instr_scan.is_rvc"
"proven","i_instr_queue.gen_instr_fifo[1].i_fifo_instr_data.read_pointer_n[0]","gen_instr_scan[1].i_instr_scan.is_rvc"
"proven","i_instr_queue.gen_instr_fifo[1].i_fifo_instr_data.read_pointer_n[1]","gen_instr_scan[1].i_instr_scan.is_rvc"
"proven","i_instr_queue.gen_instr_fifo[1].i_fifo_instr_data.read_pointer_q[0]","gen_instr_scan[1].i_instr_scan.is_rvc"
"proven","i_instr_queue.gen_instr_fifo[1].i_fifo_instr_data.read_pointer_q[1]","gen_instr_scan[1].i_instr_scan.is_rvc"
"proven","i_instr_queue.gen_instr_fifo[1].i_fifo_instr_data.usage_o[0]","gen_instr_scan[1].i_instr_scan.is_rvc"
"proven","i_instr_queue.gen_instr_fifo[1].i_fifo_instr_data.usage_o[1]","gen_instr_scan[1].i_instr_scan.is_rvc"
"proven","i_instr_queue.gen_instr_fifo[1].i_fifo_instr_data.write_pointer_n[0]","gen_instr_scan[1].i_instr_scan.is_rvc"
"proven","i_instr_queue.gen_instr_fifo[1].i_fifo_instr_data.write_pointer_n[1]","gen_instr_scan[1].i_instr_scan.is_rvc"
"proven","i_instr_queue.gen_instr_fifo[1].i_fifo_instr_data.write_pointer_q[0]","gen_instr_scan[1].i_instr_scan.is_rvc"
"proven","i_instr_queue.gen_instr_fifo[1].i_fifo_instr_data.write_pointer_q[1]","gen_instr_scan[1].i_instr_scan.is_rvc"
"proven","i_instr_queue.i_popcount.left_child_result[0]","gen_instr_scan[1].i_instr_scan.is_rvc"
"proven","i_instr_queue.i_popcount.padded_input[0]","gen_instr_scan[1].i_instr_scan.is_rvc"
"proven","i_instr_queue.i_popcount.padded_input[1]","gen_instr_scan[1].i_instr_scan.is_rvc"
"proven","i_instr_queue.i_popcount.popcount_o[0]","gen_instr_scan[1].i_instr_scan.is_rvc"
"proven","i_instr_queue.i_popcount.popcount_o[1]","gen_instr_scan[1].i_instr_scan.is_rvc"
"proven","i_instr_queue.i_popcount.right_child_result[0]","gen_instr_scan[1].i_instr_scan.is_rvc"
"proven","i_instr_queue.idx_ds_d[0]","gen_instr_scan[1].i_instr_scan.is_rvc"
"proven","i_instr_queue.idx_ds_d[0]","i_instr_queue.idx_ds_q[0]"
"proven","i_instr_queue.idx_ds_d[1]","gen_instr_scan[1].i_instr_scan.is_rvc"
"proven","i_instr_queue.idx_ds_q[0]","gen_instr_scan[1].i_instr_scan.is_rvc"
"proven","i_instr_queue.idx_ds_q[1]","gen_instr_scan[1].i_instr_scan.is_rvc"
"proven","i_instr_queue.idx_is_d[0]","gen_instr_scan[1].i_instr_scan.is_rvc"
"proven","i_instr_queue.idx_is_q[0]","gen_instr_scan[1].i_instr_scan.is_rvc"
"proven","i_instr_queue.instr_overflow","gen_instr_scan[1].i_instr_scan.is_rvc"
"proven","i_instr_queue.instr_overflow_fifo[0]","gen_instr_scan[1].i_instr_scan.is_rvc"
"proven","i_instr_queue.instr_overflow_fifo[1]","gen_instr_scan[1].i_instr_scan.is_rvc"
"proven","i_instr_queue.instr_queue_full[0]","gen_instr_scan[1].i_instr_scan.is_rvc"
"proven","i_instr_queue.instr_queue_full[1]","gen_instr_scan[1].i_instr_scan.is_rvc"
"proven","i_instr_queue.instr_queue_usage[0][0]","gen_instr_scan[1].i_instr_scan.is_rvc"
"proven","i_instr_queue.instr_queue_usage[0][1]","gen_instr_scan[1].i_instr_scan.is_rvc"
"proven","i_instr_queue.instr_queue_usage[1][0]","gen_instr_scan[1].i_instr_scan.is_rvc"
"proven","i_instr_queue.instr_queue_usage[1][1]","gen_instr_scan[1].i_instr_scan.is_rvc"
"proven","i_instr_queue.pop_instr[0]","gen_instr_scan[1].i_instr_scan.is_rvc"
"proven","i_instr_queue.pop_instr[1]","gen_instr_scan[1].i_instr_scan.is_rvc"
"proven","i_instr_queue.pop_instr[1]","i_instr_queue.idx_ds_q[0]"
"proven","i_instr_queue.popcount[0]","gen_instr_scan[1].i_instr_scan.is_rvc"
"proven","i_instr_queue.popcount[1]","gen_instr_scan[1].i_instr_scan.is_rvc"
"proven","i_instr_queue.push_instr[0]","gen_instr_scan[1].i_instr_scan.is_rvc"
"proven","i_instr_queue.push_instr[1]","gen_instr_scan[1].i_instr_scan.is_rvc"
"proven","i_instr_queue.push_instr_fifo[0]","gen_instr_scan[1].i_instr_scan.is_rvc"
"proven","i_instr_queue.push_instr_fifo[1]","gen_instr_scan[1].i_instr_scan.is_rvc"
"proven","i_instr_queue.replay_o","gen_instr_scan[1].i_instr_scan.is_rvc"
"proven","i_instr_queue.shamt[0]","gen_instr_scan[1].i_instr_scan.is_rvc"
"proven","i_instr_queue.taken[0]","gen_instr_scan[1].i_instr_scan.is_rvc"
"proven","i_instr_queue.taken[1]","gen_instr_scan[1].i_instr_scan.is_rvc"
"proven","i_instr_queue.valid[0]","gen_instr_scan[1].i_instr_scan.is_rvc"
"proven","i_instr_queue.valid[1]","gen_instr_scan[1].i_instr_scan.is_rvc"
"proven","i_instr_queue.valid_i[0]","gen_instr_scan[1].i_instr_scan.is_rvc"
"proven","i_instr_queue.valid_i[1]","gen_instr_scan[1].i_instr_scan.is_rvc"
"proven","i_instr_realign.flush_i","gen_instr_scan[1].i_instr_scan.is_rvc"
"proven","i_instr_realign.serving_unaligned_o","gen_instr_scan[1].i_instr_scan.is_rvc"
"proven","i_instr_realign.unaligned_d","gen_instr_scan[1].i_instr_scan.is_rvc"
"proven","i_instr_realign.unaligned_q","gen_instr_scan[1].i_instr_scan.is_rvc"
"proven","i_instr_realign.valid_i","gen_instr_scan[1].i_instr_scan.is_rvc"
"proven","i_instr_realign.valid_o[0]","gen_instr_scan[1].i_instr_scan.is_rvc"
"proven","i_instr_realign.valid_o[1]","gen_instr_scan[1].i_instr_scan.is_rvc"
"proven","i_issue_read_operands.issue_instr_i.is_compressed","i_issue_read_operands.is_compressed_instr_o"
"proven","i_issue_read_operands.issue_instr_i.is_compressed","is_compressed_instr_o"
"proven","i_ras.pop_i","gen_instr_scan[1].i_instr_scan.is_rvc"
"proven","i_ras.push_i","gen_instr_scan[1].i_instr_scan.is_rvc"
"proven","i_ras.push_i","i_ras.data_o.valid"
"proven","i_ras.push_i","i_ras.stack_q[0].valid"
"proven","i_ras.push_i","ras_predict.valid"
"proven","i_re_name.flush_i","i_issue_read_operands.fpu_ready_i"
"proven","i_re_name.flush_i","i_issue_read_operands.lsu_ready_i"
"proven","i_scoreboard.flush_i","i_issue_read_operands.fpu_ready_i"
"proven","i_scoreboard.flush_i","i_issue_read_operands.lsu_ready_i"
"proven","i_scoreboard.issue_instr_o.is_compressed","i_issue_read_operands.is_compressed_instr_o"
"proven","i_scoreboard.issue_instr_o.is_compressed","is_compressed_instr_o"
"proven","icache_dreq_i.ready","gen_instr_scan[1].i_instr_scan.is_rvc"
"proven","icache_dreq_i.valid","gen_instr_scan[1].i_instr_scan.is_rvc"
"proven","icache_dreq_i.valid","i_instr_realign.valid_i"
"proven","icache_dreq_i.valid","icache_valid_q"
"proven","icache_valid_q","gen_instr_scan[1].i_instr_scan.is_rvc"
"proven","if_ready","gen_instr_scan[1].i_instr_scan.is_rvc"
"proven","instr_queue_consumed[0]","gen_instr_scan[1].i_instr_scan.is_rvc"
"proven","instr_queue_consumed[1]","gen_instr_scan[1].i_instr_scan.is_rvc"
"proven","is_branch[0]","gen_instr_scan[1].i_instr_scan.is_rvc"
"proven","is_branch[1]","gen_instr_scan[1].i_instr_scan.is_rvc"
"proven","is_call[0]","gen_instr_scan[1].i_instr_scan.is_rvc"
"proven","is_call[1]","gen_instr_scan[1].i_instr_scan.is_rvc"
"proven","is_jalr[0]","gen_instr_scan[1].i_instr_scan.is_rvc"
"proven","is_jump[0]","gen_instr_scan[1].i_instr_scan.is_rvc"
"proven","is_jump[1]","gen_instr_scan[1].i_instr_scan.is_rvc"
"proven","is_mispredict","gen_instr_scan[1].i_instr_scan.is_rvc"
"proven","is_mispredict","i_instr_queue.gen_instr_fifo[0].i_fifo_instr_data.empty_o"
"proven","is_mispredict","i_instr_queue.gen_instr_fifo[1].i_fifo_instr_data.empty_o"
"proven","is_mispredict","i_instr_queue.idx_ds_d[0]"
"proven","is_mispredict","i_instr_queue.idx_ds_q[0]"
"proven","is_mispredict","i_instr_queue.instr_queue_empty[0]"
"proven","is_mispredict","i_instr_queue.instr_queue_empty[1]"
"proven","is_mispredict","i_instr_queue.ready_o"
"proven","is_mispredict","icache_dreq_o.req"
"proven","is_mispredict","instr_queue_ready"
"proven","is_return[0]","gen_instr_scan[1].i_instr_scan.is_rvc"
"proven","is_return[1]","gen_instr_scan[1].i_instr_scan.is_rvc"
"proven","issue_instr_sb_iro.is_compressed","i_issue_read_operands.is_compressed_instr_o"
"proven","issue_instr_sb_iro.is_compressed","is_compressed_instr_o"
"proven","issue_n.is_ctrl_flow","is_ctrl_flow_o"
"proven","issue_n.is_ctrl_flow","issue_entry_o.use_imm"
"proven","issue_n.is_ctrl_flow","issue_q.is_ctrl_flow"
"proven","issue_n.is_ctrl_flow","issue_q.sbe.use_imm"
"proven","issue_n.sbe.ex.valid","issue_entry_o.ex.valid"
"proven","issue_n.sbe.ex.valid","issue_entry_o.valid"
"proven","issue_n.sbe.ex.valid","issue_q.sbe.ex.valid"
"proven","issue_n.sbe.ex.valid","issue_q.sbe.valid"
"proven","issue_n.sbe.is_compressed","issue_entry_o.is_compressed"
"proven","issue_n.sbe.is_compressed","issue_q.sbe.is_compressed"
"proven","issue_n.sbe.use_imm","issue_entry_o.use_imm"
"proven","issue_n.sbe.use_imm","issue_q.sbe.use_imm"
"proven","issue_n.sbe.use_pc","issue_entry_o.use_imm"
"proven","issue_n.sbe.use_pc","issue_entry_o.use_pc"
"proven","issue_n.sbe.use_pc","issue_q.sbe.use_imm"
"proven","issue_n.sbe.use_pc","issue_q.sbe.use_pc"
"proven","issue_n.sbe.valid","issue_entry_o.ex.valid"
"proven","issue_n.sbe.valid","issue_entry_o.valid"
"proven","issue_n.sbe.valid","issue_q.sbe.ex.valid"
"proven","issue_n.sbe.valid","issue_q.sbe.valid"
"proven","issue_n.valid","issue_entry_valid_o"
"proven","issue_n.valid","issue_q.valid"
"proven","npc_rst_load_q","gen_instr_scan[1].i_instr_scan.is_rvc"
"proven","npc_rst_load_q","i_instr_queue.gen_instr_fifo[0].i_fifo_instr_data.empty_o"
"proven","npc_rst_load_q","i_instr_queue.gen_instr_fifo[1].i_fifo_instr_data.empty_o"
"proven","npc_rst_load_q","i_instr_queue.idx_ds_d[0]"
"proven","npc_rst_load_q","i_instr_queue.idx_ds_q[0]"
"proven","npc_rst_load_q","i_instr_queue.instr_queue_empty[0]"
"proven","npc_rst_load_q","i_instr_queue.instr_queue_empty[1]"
"proven","npc_rst_load_q","i_instr_queue.ready_o"
"proven","npc_rst_load_q","icache_dreq_o.req"
"proven","npc_rst_load_q","instr_queue_ready"
"proven","ras_pop","gen_instr_scan[1].i_instr_scan.is_rvc"
"proven","ras_push","gen_instr_scan[1].i_instr_scan.is_rvc"
"proven","ras_push","i_ras.data_o.valid"
"proven","ras_push","i_ras.stack_q[0].valid"
"proven","ras_push","ras_predict.valid"
"proven","replay","gen_instr_scan[1].i_instr_scan.is_rvc"
"proven","resolved_branch_i.is_mispredict","gen_instr_scan[1].i_instr_scan.is_rvc"
"proven","resolved_branch_i.is_mispredict","i_instr_queue.gen_instr_fifo[0].i_fifo_instr_data.empty_o"
"proven","resolved_branch_i.is_mispredict","i_instr_queue.gen_instr_fifo[1].i_fifo_instr_data.empty_o"
"proven","resolved_branch_i.is_mispredict","i_instr_queue.idx_ds_d[0]"
"proven","resolved_branch_i.is_mispredict","i_instr_queue.idx_ds_q[0]"
"proven","resolved_branch_i.is_mispredict","i_instr_queue.instr_queue_empty[0]"
"proven","resolved_branch_i.is_mispredict","i_instr_queue.instr_queue_empty[1]"
"proven","resolved_branch_i.is_mispredict","i_instr_queue.ready_o"
"proven","resolved_branch_i.is_mispredict","icache_dreq_o.req"
"proven","resolved_branch_i.is_mispredict","instr_queue_ready"
"proven","resolved_branch_i.is_taken","gen_instr_scan[1].i_instr_scan.is_rvc"
"proven","resolved_branch_i.valid","gen_instr_scan[1].i_instr_scan.is_rvc"
"proven","rvc_branch[0]","gen_instr_scan[1].i_instr_scan.is_rvc"
"proven","rvc_branch[1]","gen_instr_scan[1].i_instr_scan.is_rvc"
"proven","rvc_call[0]","gen_instr_scan[1].i_instr_scan.is_rvc"
"proven","rvc_call[1]","gen_instr_scan[1].i_instr_scan.is_rvc"
"proven","rvc_jalr[0]","gen_instr_scan[1].i_instr_scan.is_rvc"
"proven","rvc_jalr[1]","gen_instr_scan[1].i_instr_scan.is_rvc"
"proven","rvc_jr[0]","gen_instr_scan[1].i_instr_scan.is_rvc"
"proven","rvc_jr[1]","gen_instr_scan[1].i_instr_scan.is_rvc"
"proven","rvc_jump[0]","gen_instr_scan[1].i_instr_scan.is_rvc"
"proven","rvc_jump[1]","gen_instr_scan[1].i_instr_scan.is_rvc"
"proven","rvc_return[0]","gen_instr_scan[1].i_instr_scan.is_rvc"
"proven","rvc_return[1]","gen_instr_scan[1].i_instr_scan.is_rvc"
"proven","rvi_branch[0]","gen_instr_scan[1].i_instr_scan.is_rvc"
"proven","rvi_call[0]","gen_instr_scan[1].i_instr_scan.is_rvc"
"proven","rvi_jalr[0]","gen_instr_scan[1].i_instr_scan.is_rvc"
"proven","rvi_jump[0]","gen_instr_scan[1].i_instr_scan.is_rvc"
"proven","serving_unaligned","gen_instr_scan[1].i_instr_scan.is_rvc"
"proven","shamt[0]","gen_instr_scan[1].i_instr_scan.is_rvc"
"proven","taken_rvc_cf[0]","gen_instr_scan[1].i_instr_scan.is_rvc"
"proven","taken_rvc_cf[1]","gen_instr_scan[1].i_instr_scan.is_rvc"
"proven","taken_rvi_cf[0]","gen_instr_scan[1].i_instr_scan.is_rvc"
