proven:

  * assert property (@(posedge clk_i) disable iff (!rst_ni)  bht_prediction[0].taken |-> ##1 gen_instr_scan[1].i_instr_scan.is_rvc);
  * assert property (@(posedge clk_i) disable iff (!rst_ni)  bht_prediction[0].valid |-> ##1 gen_instr_scan[1].i_instr_scan.is_rvc);
  * assert property (@(posedge clk_i) disable iff (!rst_ni)  bht_prediction[1].taken |-> ##1 gen_instr_scan[1].i_instr_scan.is_rvc);
  * assert property (@(posedge clk_i) disable iff (!rst_ni)  bht_prediction[1].valid |-> ##1 gen_instr_scan[1].i_instr_scan.is_rvc);
  * assert property (@(posedge clk_i) disable iff (!rst_ni)  bht_prediction_shifted[0].taken |-> ##1 gen_instr_scan[1].i_instr_scan.is_rvc);
  * assert property (@(posedge clk_i) disable iff (!rst_ni)  bht_prediction_shifted[0].valid |-> ##1 gen_instr_scan[1].i_instr_scan.is_rvc);
  * assert property (@(posedge clk_i) disable iff (!rst_ni)  bht_prediction_shifted[1].taken |-> ##1 gen_instr_scan[1].i_instr_scan.is_rvc);
  * assert property (@(posedge clk_i) disable iff (!rst_ni)  bht_prediction_shifted[1].valid |-> ##1 gen_instr_scan[1].i_instr_scan.is_rvc);
  * assert property (@(posedge clk_i) disable iff (!rst_ni)  bht_update.taken |-> ##1 gen_instr_scan[1].i_instr_scan.is_rvc);
  * assert property (@(posedge clk_i) disable iff (!rst_ni)  bht_update.valid |-> ##1 gen_instr_scan[1].i_instr_scan.is_rvc);
  * assert property (@(posedge clk_i) disable iff (!rst_ni)  bp_valid |-> ##1 gen_instr_scan[1].i_instr_scan.is_rvc);
  * assert property (@(posedge clk_i) disable iff (!rst_ni)  btb_prediction[0].valid |-> ##1 gen_instr_scan[1].i_instr_scan.is_rvc);
  * assert property (@(posedge clk_i) disable iff (!rst_ni)  btb_prediction_shifted[0].valid |-> ##1 gen_instr_scan[1].i_instr_scan.is_rvc);
  * assert property (@(posedge clk_i) disable iff (!rst_ni)  btb_q.valid |-> ##1 gen_instr_scan[1].i_instr_scan.is_rvc);
  * assert property (@(posedge clk_i) disable iff (!rst_ni)  btb_update.valid |-> ##1 gen_instr_scan[1].i_instr_scan.is_rvc);
  * assert property (@(posedge clk_i) disable iff (!rst_ni)  btb_update.valid |-> ##1 i_instr_queue.gen_instr_fifo[0].i_fifo_instr_data.empty_o);
  * assert property (@(posedge clk_i) disable iff (!rst_ni)  btb_update.valid |-> ##1 i_instr_queue.gen_instr_fifo[1].i_fifo_instr_data.empty_o);
  * assert property (@(posedge clk_i) disable iff (!rst_ni)  btb_update.valid |-> ##1 i_instr_queue.idx_ds_d[0]);
  * assert property (@(posedge clk_i) disable iff (!rst_ni)  btb_update.valid |-> ##1 i_instr_queue.idx_ds_q[0]);
  * assert property (@(posedge clk_i) disable iff (!rst_ni)  btb_update.valid |-> ##1 i_instr_queue.instr_queue_empty[0]);
  * assert property (@(posedge clk_i) disable iff (!rst_ni)  btb_update.valid |-> ##1 i_instr_queue.instr_queue_empty[1]);
  * assert property (@(posedge clk_i) disable iff (!rst_ni)  btb_update.valid |-> ##1 i_instr_queue.ready_o);
  * assert property (@(posedge clk_i) disable iff (!rst_ni)  btb_update.valid |-> ##1 icache_dreq_o.req);
  * assert property (@(posedge clk_i) disable iff (!rst_ni)  btb_update.valid |-> ##1 instr_queue_ready);
  * assert property (@(posedge clk_i) disable iff (!rst_ni)  debug_mode_i |-> ##1 gen_instr_scan[1].i_instr_scan.is_rvc);
  * assert property (@(posedge clk_i) disable iff (!rst_ni)  eret_i |-> ##1 gen_instr_scan[1].i_instr_scan.is_rvc);
  * assert property (@(posedge clk_i) disable iff (!rst_ni)  eret_i |-> ##1 i_instr_queue.gen_instr_fifo[0].i_fifo_instr_data.empty_o);
  * assert property (@(posedge clk_i) disable iff (!rst_ni)  eret_i |-> ##1 i_instr_queue.gen_instr_fifo[1].i_fifo_instr_data.empty_o);
  * assert property (@(posedge clk_i) disable iff (!rst_ni)  eret_i |-> ##1 i_instr_queue.idx_ds_d[0]);
  * assert property (@(posedge clk_i) disable iff (!rst_ni)  eret_i |-> ##1 i_instr_queue.idx_ds_q[0]);
  * assert property (@(posedge clk_i) disable iff (!rst_ni)  eret_i |-> ##1 i_instr_queue.instr_queue_empty[0]);
  * assert property (@(posedge clk_i) disable iff (!rst_ni)  eret_i |-> ##1 i_instr_queue.instr_queue_empty[1]);
  * assert property (@(posedge clk_i) disable iff (!rst_ni)  eret_i |-> ##1 i_instr_queue.ready_o);
  * assert property (@(posedge clk_i) disable iff (!rst_ni)  eret_i |-> ##1 icache_dreq_o.req);
  * assert property (@(posedge clk_i) disable iff (!rst_ni)  eret_i |-> ##1 instr_queue_ready);
  * assert property (@(posedge clk_i) disable iff (!rst_ni)  ex_valid_i |-> ##1 gen_instr_scan[1].i_instr_scan.is_rvc);
  * assert property (@(posedge clk_i) disable iff (!rst_ni)  ex_valid_i |-> ##1 i_instr_queue.gen_instr_fifo[0].i_fifo_instr_data.empty_o);
  * assert property (@(posedge clk_i) disable iff (!rst_ni)  ex_valid_i |-> ##1 i_instr_queue.gen_instr_fifo[1].i_fifo_instr_data.empty_o);
  * assert property (@(posedge clk_i) disable iff (!rst_ni)  ex_valid_i |-> ##1 i_instr_queue.idx_ds_d[0]);
  * assert property (@(posedge clk_i) disable iff (!rst_ni)  ex_valid_i |-> ##1 i_instr_queue.idx_ds_q[0]);
  * assert property (@(posedge clk_i) disable iff (!rst_ni)  ex_valid_i |-> ##1 i_instr_queue.instr_queue_empty[0]);
  * assert property (@(posedge clk_i) disable iff (!rst_ni)  ex_valid_i |-> ##1 i_instr_queue.instr_queue_empty[1]);
  * assert property (@(posedge clk_i) disable iff (!rst_ni)  ex_valid_i |-> ##1 i_instr_queue.ready_o);
  * assert property (@(posedge clk_i) disable iff (!rst_ni)  ex_valid_i |-> ##1 icache_dreq_o.req);
  * assert property (@(posedge clk_i) disable iff (!rst_ni)  ex_valid_i |-> ##1 instr_queue_ready);
  * assert property (@(posedge clk_i) disable iff (!rst_ni)  fetch_entry_ready_i |-> ##1 gen_instr_scan[1].i_instr_scan.is_rvc);
  * assert property (@(posedge clk_i) disable iff (!rst_ni)  fetch_entry_valid_o |-> ##1 gen_instr_scan[1].i_instr_scan.is_rvc);
  * assert property (@(posedge clk_i) disable iff (!rst_ni)  flush_i |-> ##1 gen_instr_scan[1].i_instr_scan.is_rvc);
  * assert property (@(posedge clk_i) disable iff (!rst_ni)  flush_i |-> ##1 i_instr_queue.gen_instr_fifo[0].i_fifo_instr_data.empty_o);
  * assert property (@(posedge clk_i) disable iff (!rst_ni)  flush_i |-> ##1 i_instr_queue.gen_instr_fifo[1].i_fifo_instr_data.empty_o);
  * assert property (@(posedge clk_i) disable iff (!rst_ni)  flush_i |-> ##1 i_instr_queue.idx_ds_d[0]);
  * assert property (@(posedge clk_i) disable iff (!rst_ni)  flush_i |-> ##1 i_instr_queue.idx_ds_q[0]);
  * assert property (@(posedge clk_i) disable iff (!rst_ni)  flush_i |-> ##1 i_instr_queue.instr_queue_empty[0]);
  * assert property (@(posedge clk_i) disable iff (!rst_ni)  flush_i |-> ##1 i_instr_queue.instr_queue_empty[1]);
  * assert property (@(posedge clk_i) disable iff (!rst_ni)  flush_i |-> ##1 i_instr_queue.ready_o);
  * assert property (@(posedge clk_i) disable iff (!rst_ni)  flush_i |-> ##1 icache_dreq_o.req);
  * assert property (@(posedge clk_i) disable iff (!rst_ni)  flush_i |-> ##1 instr_queue_ready);
  * assert property (@(posedge clk_i) disable iff (!rst_ni)  gen_instr_scan[0].i_instr_scan.is_jal_r |-> ##1 gen_instr_scan[1].i_instr_scan.is_rvc);
  * assert property (@(posedge clk_i) disable iff (!rst_ni)  gen_instr_scan[0].i_instr_scan.is_rvc |-> ##1 gen_instr_scan[1].i_instr_scan.is_rvc);
  * assert property (@(posedge clk_i) disable iff (!rst_ni)  gen_instr_scan[0].i_instr_scan.rvc_branch_o |-> ##1 gen_instr_scan[1].i_instr_scan.is_rvc);
  * assert property (@(posedge clk_i) disable iff (!rst_ni)  gen_instr_scan[0].i_instr_scan.rvc_call_o |-> ##1 gen_instr_scan[1].i_instr_scan.is_rvc);
  * assert property (@(posedge clk_i) disable iff (!rst_ni)  gen_instr_scan[0].i_instr_scan.rvc_jalr_o |-> ##1 gen_instr_scan[1].i_instr_scan.is_rvc);
  * assert property (@(posedge clk_i) disable iff (!rst_ni)  gen_instr_scan[0].i_instr_scan.rvc_jr_o |-> ##1 gen_instr_scan[1].i_instr_scan.is_rvc);
  * assert property (@(posedge clk_i) disable iff (!rst_ni)  gen_instr_scan[0].i_instr_scan.rvc_jump_o |-> ##1 gen_instr_scan[1].i_instr_scan.is_rvc);
  * assert property (@(posedge clk_i) disable iff (!rst_ni)  gen_instr_scan[0].i_instr_scan.rvc_return_o |-> ##1 gen_instr_scan[1].i_instr_scan.is_rvc);
  * assert property (@(posedge clk_i) disable iff (!rst_ni)  gen_instr_scan[0].i_instr_scan.rvi_branch_o |-> ##1 gen_instr_scan[1].i_instr_scan.is_rvc);
  * assert property (@(posedge clk_i) disable iff (!rst_ni)  gen_instr_scan[0].i_instr_scan.rvi_call_o |-> ##1 gen_instr_scan[1].i_instr_scan.is_rvc);
  * assert property (@(posedge clk_i) disable iff (!rst_ni)  gen_instr_scan[0].i_instr_scan.rvi_jalr_o |-> ##1 gen_instr_scan[1].i_instr_scan.is_rvc);
  * assert property (@(posedge clk_i) disable iff (!rst_ni)  gen_instr_scan[0].i_instr_scan.rvi_jump_o |-> ##1 gen_instr_scan[1].i_instr_scan.is_rvc);
  * assert property (@(posedge clk_i) disable iff (!rst_ni)  gen_instr_scan[1].i_instr_scan.is_jal_r |-> ##1 gen_instr_scan[1].i_instr_scan.is_rvc);
  * assert property (@(posedge clk_i) disable iff (!rst_ni)  gen_instr_scan[1].i_instr_scan.rvc_branch_o |-> ##1 gen_instr_scan[1].i_instr_scan.is_rvc);
  * assert property (@(posedge clk_i) disable iff (!rst_ni)  gen_instr_scan[1].i_instr_scan.rvc_call_o |-> ##1 gen_instr_scan[1].i_instr_scan.is_rvc);
  * assert property (@(posedge clk_i) disable iff (!rst_ni)  gen_instr_scan[1].i_instr_scan.rvc_jalr_o |-> ##1 gen_instr_scan[1].i_instr_scan.is_rvc);
  * assert property (@(posedge clk_i) disable iff (!rst_ni)  gen_instr_scan[1].i_instr_scan.rvc_jr_o |-> ##1 gen_instr_scan[1].i_instr_scan.is_rvc);
  * assert property (@(posedge clk_i) disable iff (!rst_ni)  gen_instr_scan[1].i_instr_scan.rvc_jump_o |-> ##1 gen_instr_scan[1].i_instr_scan.is_rvc);
  * assert property (@(posedge clk_i) disable iff (!rst_ni)  gen_instr_scan[1].i_instr_scan.rvc_return_o |-> ##1 gen_instr_scan[1].i_instr_scan.is_rvc);
  * assert property (@(posedge clk_i) disable iff (!rst_ni)  i_bht.bht_prediction_o[0].taken |-> ##1 gen_instr_scan[1].i_instr_scan.is_rvc);
  * assert property (@(posedge clk_i) disable iff (!rst_ni)  i_bht.bht_prediction_o[0].valid |-> ##1 gen_instr_scan[1].i_instr_scan.is_rvc);
  * assert property (@(posedge clk_i) disable iff (!rst_ni)  i_bht.bht_prediction_o[1].taken |-> ##1 gen_instr_scan[1].i_instr_scan.is_rvc);
  * assert property (@(posedge clk_i) disable iff (!rst_ni)  i_bht.bht_prediction_o[1].valid |-> ##1 gen_instr_scan[1].i_instr_scan.is_rvc);
  * assert property (@(posedge clk_i) disable iff (!rst_ni)  i_bht.bht_update_i.taken |-> ##1 gen_instr_scan[1].i_instr_scan.is_rvc);
  * assert property (@(posedge clk_i) disable iff (!rst_ni)  i_bht.bht_update_i.valid |-> ##1 gen_instr_scan[1].i_instr_scan.is_rvc);
  * assert property (@(posedge clk_i) disable iff (!rst_ni)  i_bht.debug_mode_i |-> ##1 gen_instr_scan[1].i_instr_scan.is_rvc);
  * assert property (@(posedge clk_i) disable iff (!rst_ni)  i_bht.saturation_counter[0] |-> ##1 gen_instr_scan[1].i_instr_scan.is_rvc);
  * assert property (@(posedge clk_i) disable iff (!rst_ni)  i_bht.saturation_counter[1] |-> ##1 gen_instr_scan[1].i_instr_scan.is_rvc);
  * assert property (@(posedge clk_i) disable iff (!rst_ni)  i_btb.btb_prediction_o[0].valid |-> ##1 gen_instr_scan[1].i_instr_scan.is_rvc);
  * assert property (@(posedge clk_i) disable iff (!rst_ni)  i_btb.btb_update_i.valid |-> ##1 gen_instr_scan[1].i_instr_scan.is_rvc);
  * assert property (@(posedge clk_i) disable iff (!rst_ni)  i_btb.btb_update_i.valid |-> ##1 i_instr_queue.gen_instr_fifo[0].i_fifo_instr_data.empty_o);
  * assert property (@(posedge clk_i) disable iff (!rst_ni)  i_btb.btb_update_i.valid |-> ##1 i_instr_queue.gen_instr_fifo[1].i_fifo_instr_data.empty_o);
  * assert property (@(posedge clk_i) disable iff (!rst_ni)  i_btb.btb_update_i.valid |-> ##1 i_instr_queue.idx_ds_d[0]);
  * assert property (@(posedge clk_i) disable iff (!rst_ni)  i_btb.btb_update_i.valid |-> ##1 i_instr_queue.idx_ds_q[0]);
  * assert property (@(posedge clk_i) disable iff (!rst_ni)  i_btb.btb_update_i.valid |-> ##1 i_instr_queue.instr_queue_empty[0]);
  * assert property (@(posedge clk_i) disable iff (!rst_ni)  i_btb.btb_update_i.valid |-> ##1 i_instr_queue.instr_queue_empty[1]);
  * assert property (@(posedge clk_i) disable iff (!rst_ni)  i_btb.btb_update_i.valid |-> ##1 i_instr_queue.ready_o);
  * assert property (@(posedge clk_i) disable iff (!rst_ni)  i_btb.btb_update_i.valid |-> ##1 icache_dreq_o.req);
  * assert property (@(posedge clk_i) disable iff (!rst_ni)  i_btb.btb_update_i.valid |-> ##1 instr_queue_ready);
  * assert property (@(posedge clk_i) disable iff (!rst_ni)  i_btb.debug_mode_i |-> ##1 gen_instr_scan[1].i_instr_scan.is_rvc);
  * assert property (@(posedge clk_i) disable iff (!rst_ni)  i_instr_queue.branch_empty |-> ##1 gen_instr_scan[1].i_instr_scan.is_rvc);
  * assert property (@(posedge clk_i) disable iff (!rst_ni)  i_instr_queue.consumed_o[0] |-> ##1 gen_instr_scan[1].i_instr_scan.is_rvc);
  * assert property (@(posedge clk_i) disable iff (!rst_ni)  i_instr_queue.consumed_o[1] |-> ##1 gen_instr_scan[1].i_instr_scan.is_rvc);
  * assert property (@(posedge clk_i) disable iff (!rst_ni)  i_instr_queue.fetch_entry_ready_i |-> ##1 gen_instr_scan[1].i_instr_scan.is_rvc);
  * assert property (@(posedge clk_i) disable iff (!rst_ni)  i_instr_queue.fetch_entry_valid_o |-> ##1 gen_instr_scan[1].i_instr_scan.is_rvc);
  * assert property (@(posedge clk_i) disable iff (!rst_ni)  i_instr_queue.fifo_pos[0] |-> ##1 gen_instr_scan[1].i_instr_scan.is_rvc);
  * assert property (@(posedge clk_i) disable iff (!rst_ni)  i_instr_queue.fifo_pos[1] |-> ##1 gen_instr_scan[1].i_instr_scan.is_rvc);
  * assert property (@(posedge clk_i) disable iff (!rst_ni)  i_instr_queue.flush_i |-> ##1 gen_instr_scan[1].i_instr_scan.is_rvc);
  * assert property (@(posedge clk_i) disable iff (!rst_ni)  i_instr_queue.flush_i |-> ##1 i_instr_queue.gen_instr_fifo[0].i_fifo_instr_data.empty_o);
  * assert property (@(posedge clk_i) disable iff (!rst_ni)  i_instr_queue.flush_i |-> ##1 i_instr_queue.gen_instr_fifo[1].i_fifo_instr_data.empty_o);
  * assert property (@(posedge clk_i) disable iff (!rst_ni)  i_instr_queue.flush_i |-> ##1 i_instr_queue.idx_ds_d[0]);
  * assert property (@(posedge clk_i) disable iff (!rst_ni)  i_instr_queue.flush_i |-> ##1 i_instr_queue.idx_ds_q[0]);
  * assert property (@(posedge clk_i) disable iff (!rst_ni)  i_instr_queue.flush_i |-> ##1 i_instr_queue.instr_queue_empty[0]);
  * assert property (@(posedge clk_i) disable iff (!rst_ni)  i_instr_queue.flush_i |-> ##1 i_instr_queue.instr_queue_empty[1]);
  * assert property (@(posedge clk_i) disable iff (!rst_ni)  i_instr_queue.flush_i |-> ##1 i_instr_queue.ready_o);
  * assert property (@(posedge clk_i) disable iff (!rst_ni)  i_instr_queue.flush_i |-> ##1 icache_dreq_o.req);
  * assert property (@(posedge clk_i) disable iff (!rst_ni)  i_instr_queue.flush_i |-> ##1 instr_queue_ready);
  * assert property (@(posedge clk_i) disable iff (!rst_ni)  i_instr_queue.gen_instr_fifo[0].i_fifo_instr_data.flush_i |-> ##1 gen_instr_scan[1].i_instr_scan.is_rvc);
  * assert property (@(posedge clk_i) disable iff (!rst_ni)  i_instr_queue.gen_instr_fifo[0].i_fifo_instr_data.flush_i |-> ##1 i_instr_queue.gen_instr_fifo[0].i_fifo_instr_data.empty_o);
  * assert property (@(posedge clk_i) disable iff (!rst_ni)  i_instr_queue.gen_instr_fifo[0].i_fifo_instr_data.flush_i |-> ##1 i_instr_queue.gen_instr_fifo[1].i_fifo_instr_data.empty_o);
  * assert property (@(posedge clk_i) disable iff (!rst_ni)  i_instr_queue.gen_instr_fifo[0].i_fifo_instr_data.flush_i |-> ##1 i_instr_queue.idx_ds_d[0]);
  * assert property (@(posedge clk_i) disable iff (!rst_ni)  i_instr_queue.gen_instr_fifo[0].i_fifo_instr_data.flush_i |-> ##1 i_instr_queue.idx_ds_q[0]);
  * assert property (@(posedge clk_i) disable iff (!rst_ni)  i_instr_queue.gen_instr_fifo[0].i_fifo_instr_data.flush_i |-> ##1 i_instr_queue.instr_queue_empty[0]);
  * assert property (@(posedge clk_i) disable iff (!rst_ni)  i_instr_queue.gen_instr_fifo[0].i_fifo_instr_data.flush_i |-> ##1 i_instr_queue.instr_queue_empty[1]);
  * assert property (@(posedge clk_i) disable iff (!rst_ni)  i_instr_queue.gen_instr_fifo[0].i_fifo_instr_data.flush_i |-> ##1 i_instr_queue.ready_o);
  * assert property (@(posedge clk_i) disable iff (!rst_ni)  i_instr_queue.gen_instr_fifo[0].i_fifo_instr_data.flush_i |-> ##1 icache_dreq_o.req);
  * assert property (@(posedge clk_i) disable iff (!rst_ni)  i_instr_queue.gen_instr_fifo[0].i_fifo_instr_data.flush_i |-> ##1 instr_queue_ready);
  * assert property (@(posedge clk_i) disable iff (!rst_ni)  i_instr_queue.gen_instr_fifo[0].i_fifo_instr_data.gate_clock |-> ##1 gen_instr_scan[1].i_instr_scan.is_rvc);
  * assert property (@(posedge clk_i) disable iff (!rst_ni)  i_instr_queue.gen_instr_fifo[0].i_fifo_instr_data.pop_i |-> ##1 gen_instr_scan[1].i_instr_scan.is_rvc);
  * assert property (@(posedge clk_i) disable iff (!rst_ni)  i_instr_queue.gen_instr_fifo[0].i_fifo_instr_data.push_i |-> ##1 gen_instr_scan[1].i_instr_scan.is_rvc);
  * assert property (@(posedge clk_i) disable iff (!rst_ni)  i_instr_queue.gen_instr_fifo[0].i_fifo_instr_data.read_pointer_n[0] |-> ##1 gen_instr_scan[1].i_instr_scan.is_rvc);
  * assert property (@(posedge clk_i) disable iff (!rst_ni)  i_instr_queue.gen_instr_fifo[0].i_fifo_instr_data.read_pointer_n[1] |-> ##1 gen_instr_scan[1].i_instr_scan.is_rvc);
  * assert property (@(posedge clk_i) disable iff (!rst_ni)  i_instr_queue.gen_instr_fifo[0].i_fifo_instr_data.read_pointer_q[0] |-> ##1 gen_instr_scan[1].i_instr_scan.is_rvc);
  * assert property (@(posedge clk_i) disable iff (!rst_ni)  i_instr_queue.gen_instr_fifo[0].i_fifo_instr_data.read_pointer_q[1] |-> ##1 gen_instr_scan[1].i_instr_scan.is_rvc);
  * assert property (@(posedge clk_i) disable iff (!rst_ni)  i_instr_queue.gen_instr_fifo[0].i_fifo_instr_data.usage_o[0] |-> ##1 gen_instr_scan[1].i_instr_scan.is_rvc);
  * assert property (@(posedge clk_i) disable iff (!rst_ni)  i_instr_queue.gen_instr_fifo[0].i_fifo_instr_data.usage_o[1] |-> ##1 gen_instr_scan[1].i_instr_scan.is_rvc);
  * assert property (@(posedge clk_i) disable iff (!rst_ni)  i_instr_queue.gen_instr_fifo[0].i_fifo_instr_data.write_pointer_n[0] |-> ##1 gen_instr_scan[1].i_instr_scan.is_rvc);
  * assert property (@(posedge clk_i) disable iff (!rst_ni)  i_instr_queue.gen_instr_fifo[0].i_fifo_instr_data.write_pointer_n[1] |-> ##1 gen_instr_scan[1].i_instr_scan.is_rvc);
  * assert property (@(posedge clk_i) disable iff (!rst_ni)  i_instr_queue.gen_instr_fifo[0].i_fifo_instr_data.write_pointer_q[0] |-> ##1 gen_instr_scan[1].i_instr_scan.is_rvc);
  * assert property (@(posedge clk_i) disable iff (!rst_ni)  i_instr_queue.gen_instr_fifo[0].i_fifo_instr_data.write_pointer_q[1] |-> ##1 gen_instr_scan[1].i_instr_scan.is_rvc);
  * assert property (@(posedge clk_i) disable iff (!rst_ni)  i_instr_queue.gen_instr_fifo[1].i_fifo_instr_data.flush_i |-> ##1 gen_instr_scan[1].i_instr_scan.is_rvc);
  * assert property (@(posedge clk_i) disable iff (!rst_ni)  i_instr_queue.gen_instr_fifo[1].i_fifo_instr_data.flush_i |-> ##1 i_instr_queue.gen_instr_fifo[0].i_fifo_instr_data.empty_o);
  * assert property (@(posedge clk_i) disable iff (!rst_ni)  i_instr_queue.gen_instr_fifo[1].i_fifo_instr_data.flush_i |-> ##1 i_instr_queue.gen_instr_fifo[1].i_fifo_instr_data.empty_o);
  * assert property (@(posedge clk_i) disable iff (!rst_ni)  i_instr_queue.gen_instr_fifo[1].i_fifo_instr_data.flush_i |-> ##1 i_instr_queue.idx_ds_d[0]);
  * assert property (@(posedge clk_i) disable iff (!rst_ni)  i_instr_queue.gen_instr_fifo[1].i_fifo_instr_data.flush_i |-> ##1 i_instr_queue.idx_ds_q[0]);
  * assert property (@(posedge clk_i) disable iff (!rst_ni)  i_instr_queue.gen_instr_fifo[1].i_fifo_instr_data.flush_i |-> ##1 i_instr_queue.instr_queue_empty[0]);
  * assert property (@(posedge clk_i) disable iff (!rst_ni)  i_instr_queue.gen_instr_fifo[1].i_fifo_instr_data.flush_i |-> ##1 i_instr_queue.instr_queue_empty[1]);
  * assert property (@(posedge clk_i) disable iff (!rst_ni)  i_instr_queue.gen_instr_fifo[1].i_fifo_instr_data.flush_i |-> ##1 i_instr_queue.ready_o);
  * assert property (@(posedge clk_i) disable iff (!rst_ni)  i_instr_queue.gen_instr_fifo[1].i_fifo_instr_data.flush_i |-> ##1 icache_dreq_o.req);
  * assert property (@(posedge clk_i) disable iff (!rst_ni)  i_instr_queue.gen_instr_fifo[1].i_fifo_instr_data.flush_i |-> ##1 instr_queue_ready);
  * assert property (@(posedge clk_i) disable iff (!rst_ni)  i_instr_queue.gen_instr_fifo[1].i_fifo_instr_data.gate_clock |-> ##1 gen_instr_scan[1].i_instr_scan.is_rvc);
  * assert property (@(posedge clk_i) disable iff (!rst_ni)  i_instr_queue.gen_instr_fifo[1].i_fifo_instr_data.pop_i |-> ##1 gen_instr_scan[1].i_instr_scan.is_rvc);
  * assert property (@(posedge clk_i) disable iff (!rst_ni)  i_instr_queue.gen_instr_fifo[1].i_fifo_instr_data.pop_i |-> ##1 i_instr_queue.idx_ds_q[0]);
  * assert property (@(posedge clk_i) disable iff (!rst_ni)  i_instr_queue.gen_instr_fifo[1].i_fifo_instr_data.push_i |-> ##1 gen_instr_scan[1].i_instr_scan.is_rvc);
  * assert property (@(posedge clk_i) disable iff (!rst_ni)  i_instr_queue.gen_instr_fifo[1].i_fifo_instr_data.read_pointer_n[0] |-> ##1 gen_instr_scan[1].i_instr_scan.is_rvc);
  * assert property (@(posedge clk_i) disable iff (!rst_ni)  i_instr_queue.gen_instr_fifo[1].i_fifo_instr_data.read_pointer_n[1] |-> ##1 gen_instr_scan[1].i_instr_scan.is_rvc);
  * assert property (@(posedge clk_i) disable iff (!rst_ni)  i_instr_queue.gen_instr_fifo[1].i_fifo_instr_data.read_pointer_q[0] |-> ##1 gen_instr_scan[1].i_instr_scan.is_rvc);
  * assert property (@(posedge clk_i) disable iff (!rst_ni)  i_instr_queue.gen_instr_fifo[1].i_fifo_instr_data.read_pointer_q[1] |-> ##1 gen_instr_scan[1].i_instr_scan.is_rvc);
  * assert property (@(posedge clk_i) disable iff (!rst_ni)  i_instr_queue.gen_instr_fifo[1].i_fifo_instr_data.usage_o[0] |-> ##1 gen_instr_scan[1].i_instr_scan.is_rvc);
  * assert property (@(posedge clk_i) disable iff (!rst_ni)  i_instr_queue.gen_instr_fifo[1].i_fifo_instr_data.usage_o[1] |-> ##1 gen_instr_scan[1].i_instr_scan.is_rvc);
  * assert property (@(posedge clk_i) disable iff (!rst_ni)  i_instr_queue.gen_instr_fifo[1].i_fifo_instr_data.write_pointer_n[0] |-> ##1 gen_instr_scan[1].i_instr_scan.is_rvc);
  * assert property (@(posedge clk_i) disable iff (!rst_ni)  i_instr_queue.gen_instr_fifo[1].i_fifo_instr_data.write_pointer_n[1] |-> ##1 gen_instr_scan[1].i_instr_scan.is_rvc);
  * assert property (@(posedge clk_i) disable iff (!rst_ni)  i_instr_queue.gen_instr_fifo[1].i_fifo_instr_data.write_pointer_q[0] |-> ##1 gen_instr_scan[1].i_instr_scan.is_rvc);
  * assert property (@(posedge clk_i) disable iff (!rst_ni)  i_instr_queue.gen_instr_fifo[1].i_fifo_instr_data.write_pointer_q[1] |-> ##1 gen_instr_scan[1].i_instr_scan.is_rvc);
  * assert property (@(posedge clk_i) disable iff (!rst_ni)  i_instr_queue.i_popcount.left_child_result[0] |-> ##1 gen_instr_scan[1].i_instr_scan.is_rvc);
  * assert property (@(posedge clk_i) disable iff (!rst_ni)  i_instr_queue.i_popcount.padded_input[0] |-> ##1 gen_instr_scan[1].i_instr_scan.is_rvc);
  * assert property (@(posedge clk_i) disable iff (!rst_ni)  i_instr_queue.i_popcount.padded_input[1] |-> ##1 gen_instr_scan[1].i_instr_scan.is_rvc);
  * assert property (@(posedge clk_i) disable iff (!rst_ni)  i_instr_queue.i_popcount.popcount_o[0] |-> ##1 gen_instr_scan[1].i_instr_scan.is_rvc);
  * assert property (@(posedge clk_i) disable iff (!rst_ni)  i_instr_queue.i_popcount.popcount_o[1] |-> ##1 gen_instr_scan[1].i_instr_scan.is_rvc);
  * assert property (@(posedge clk_i) disable iff (!rst_ni)  i_instr_queue.i_popcount.right_child_result[0] |-> ##1 gen_instr_scan[1].i_instr_scan.is_rvc);
  * assert property (@(posedge clk_i) disable iff (!rst_ni)  i_instr_queue.idx_ds_d[0] |-> ##1 gen_instr_scan[1].i_instr_scan.is_rvc);
  * assert property (@(posedge clk_i) disable iff (!rst_ni)  i_instr_queue.idx_ds_d[0] |-> ##1 i_instr_queue.idx_ds_q[0]);
  * assert property (@(posedge clk_i) disable iff (!rst_ni)  i_instr_queue.idx_ds_d[1] |-> ##1 gen_instr_scan[1].i_instr_scan.is_rvc);
  * assert property (@(posedge clk_i) disable iff (!rst_ni)  i_instr_queue.idx_ds_q[0] |-> ##1 gen_instr_scan[1].i_instr_scan.is_rvc);
  * assert property (@(posedge clk_i) disable iff (!rst_ni)  i_instr_queue.idx_ds_q[1] |-> ##1 gen_instr_scan[1].i_instr_scan.is_rvc);
  * assert property (@(posedge clk_i) disable iff (!rst_ni)  i_instr_queue.idx_is_d[0] |-> ##1 gen_instr_scan[1].i_instr_scan.is_rvc);
  * assert property (@(posedge clk_i) disable iff (!rst_ni)  i_instr_queue.idx_is_q[0] |-> ##1 gen_instr_scan[1].i_instr_scan.is_rvc);
  * assert property (@(posedge clk_i) disable iff (!rst_ni)  i_instr_queue.instr_overflow |-> ##1 gen_instr_scan[1].i_instr_scan.is_rvc);
  * assert property (@(posedge clk_i) disable iff (!rst_ni)  i_instr_queue.instr_overflow_fifo[0] |-> ##1 gen_instr_scan[1].i_instr_scan.is_rvc);
  * assert property (@(posedge clk_i) disable iff (!rst_ni)  i_instr_queue.instr_overflow_fifo[1] |-> ##1 gen_instr_scan[1].i_instr_scan.is_rvc);
  * assert property (@(posedge clk_i) disable iff (!rst_ni)  i_instr_queue.instr_queue_full[0] |-> ##1 gen_instr_scan[1].i_instr_scan.is_rvc);
  * assert property (@(posedge clk_i) disable iff (!rst_ni)  i_instr_queue.instr_queue_full[1] |-> ##1 gen_instr_scan[1].i_instr_scan.is_rvc);
  * assert property (@(posedge clk_i) disable iff (!rst_ni)  i_instr_queue.instr_queue_usage[0][0] |-> ##1 gen_instr_scan[1].i_instr_scan.is_rvc);
  * assert property (@(posedge clk_i) disable iff (!rst_ni)  i_instr_queue.instr_queue_usage[0][1] |-> ##1 gen_instr_scan[1].i_instr_scan.is_rvc);
  * assert property (@(posedge clk_i) disable iff (!rst_ni)  i_instr_queue.instr_queue_usage[1][0] |-> ##1 gen_instr_scan[1].i_instr_scan.is_rvc);
  * assert property (@(posedge clk_i) disable iff (!rst_ni)  i_instr_queue.instr_queue_usage[1][1] |-> ##1 gen_instr_scan[1].i_instr_scan.is_rvc);
  * assert property (@(posedge clk_i) disable iff (!rst_ni)  i_instr_queue.pop_instr[0] |-> ##1 gen_instr_scan[1].i_instr_scan.is_rvc);
  * assert property (@(posedge clk_i) disable iff (!rst_ni)  i_instr_queue.pop_instr[1] |-> ##1 gen_instr_scan[1].i_instr_scan.is_rvc);
  * assert property (@(posedge clk_i) disable iff (!rst_ni)  i_instr_queue.pop_instr[1] |-> ##1 i_instr_queue.idx_ds_q[0]);
  * assert property (@(posedge clk_i) disable iff (!rst_ni)  i_instr_queue.popcount[0] |-> ##1 gen_instr_scan[1].i_instr_scan.is_rvc);
  * assert property (@(posedge clk_i) disable iff (!rst_ni)  i_instr_queue.popcount[1] |-> ##1 gen_instr_scan[1].i_instr_scan.is_rvc);
  * assert property (@(posedge clk_i) disable iff (!rst_ni)  i_instr_queue.push_instr[0] |-> ##1 gen_instr_scan[1].i_instr_scan.is_rvc);
  * assert property (@(posedge clk_i) disable iff (!rst_ni)  i_instr_queue.push_instr[1] |-> ##1 gen_instr_scan[1].i_instr_scan.is_rvc);
  * assert property (@(posedge clk_i) disable iff (!rst_ni)  i_instr_queue.push_instr_fifo[0] |-> ##1 gen_instr_scan[1].i_instr_scan.is_rvc);
  * assert property (@(posedge clk_i) disable iff (!rst_ni)  i_instr_queue.push_instr_fifo[1] |-> ##1 gen_instr_scan[1].i_instr_scan.is_rvc);
  * assert property (@(posedge clk_i) disable iff (!rst_ni)  i_instr_queue.replay_o |-> ##1 gen_instr_scan[1].i_instr_scan.is_rvc);
  * assert property (@(posedge clk_i) disable iff (!rst_ni)  i_instr_queue.shamt[0] |-> ##1 gen_instr_scan[1].i_instr_scan.is_rvc);
  * assert property (@(posedge clk_i) disable iff (!rst_ni)  i_instr_queue.taken[0] |-> ##1 gen_instr_scan[1].i_instr_scan.is_rvc);
  * assert property (@(posedge clk_i) disable iff (!rst_ni)  i_instr_queue.taken[1] |-> ##1 gen_instr_scan[1].i_instr_scan.is_rvc);
  * assert property (@(posedge clk_i) disable iff (!rst_ni)  i_instr_queue.valid[0] |-> ##1 gen_instr_scan[1].i_instr_scan.is_rvc);
  * assert property (@(posedge clk_i) disable iff (!rst_ni)  i_instr_queue.valid[1] |-> ##1 gen_instr_scan[1].i_instr_scan.is_rvc);
  * assert property (@(posedge clk_i) disable iff (!rst_ni)  i_instr_queue.valid_i[0] |-> ##1 gen_instr_scan[1].i_instr_scan.is_rvc);
  * assert property (@(posedge clk_i) disable iff (!rst_ni)  i_instr_queue.valid_i[1] |-> ##1 gen_instr_scan[1].i_instr_scan.is_rvc);
  * assert property (@(posedge clk_i) disable iff (!rst_ni)  i_instr_realign.flush_i |-> ##1 gen_instr_scan[1].i_instr_scan.is_rvc);
  * assert property (@(posedge clk_i) disable iff (!rst_ni)  i_instr_realign.serving_unaligned_o |-> ##1 gen_instr_scan[1].i_instr_scan.is_rvc);
  * assert property (@(posedge clk_i) disable iff (!rst_ni)  i_instr_realign.unaligned_d |-> ##1 gen_instr_scan[1].i_instr_scan.is_rvc);
  * assert property (@(posedge clk_i) disable iff (!rst_ni)  i_instr_realign.unaligned_q |-> ##1 gen_instr_scan[1].i_instr_scan.is_rvc);
  * assert property (@(posedge clk_i) disable iff (!rst_ni)  i_instr_realign.valid_i |-> ##1 gen_instr_scan[1].i_instr_scan.is_rvc);
  * assert property (@(posedge clk_i) disable iff (!rst_ni)  i_instr_realign.valid_o[0] |-> ##1 gen_instr_scan[1].i_instr_scan.is_rvc);
  * assert property (@(posedge clk_i) disable iff (!rst_ni)  i_instr_realign.valid_o[1] |-> ##1 gen_instr_scan[1].i_instr_scan.is_rvc);
  * assert property (@(posedge clk_i) disable iff (!rst_ni)  i_ras.pop_i |-> ##1 gen_instr_scan[1].i_instr_scan.is_rvc);
  * assert property (@(posedge clk_i) disable iff (!rst_ni)  i_ras.push_i |-> ##1 gen_instr_scan[1].i_instr_scan.is_rvc);
  * assert property (@(posedge clk_i) disable iff (!rst_ni)  i_ras.push_i |-> ##1 i_ras.data_o.valid);
  * assert property (@(posedge clk_i) disable iff (!rst_ni)  i_ras.push_i |-> ##1 i_ras.stack_q[0].valid);
  * assert property (@(posedge clk_i) disable iff (!rst_ni)  i_ras.push_i |-> ##1 ras_predict.valid);
  * assert property (@(posedge clk_i) disable iff (!rst_ni)  icache_dreq_i.ready |-> ##1 gen_instr_scan[1].i_instr_scan.is_rvc);
  * assert property (@(posedge clk_i) disable iff (!rst_ni)  icache_dreq_i.valid |-> ##1 gen_instr_scan[1].i_instr_scan.is_rvc);
  * assert property (@(posedge clk_i) disable iff (!rst_ni)  icache_dreq_i.valid |-> ##1 i_instr_realign.valid_i);
  * assert property (@(posedge clk_i) disable iff (!rst_ni)  icache_dreq_i.valid |-> ##1 icache_valid_q);
  * assert property (@(posedge clk_i) disable iff (!rst_ni)  icache_dreq_o.kill_s1 |-> ##1 gen_instr_scan[1].i_instr_scan.is_rvc);
  * assert property (@(posedge clk_i) disable iff (!rst_ni)  icache_dreq_o.kill_s2 |-> ##1 gen_instr_scan[1].i_instr_scan.is_rvc);
  * assert property (@(posedge clk_i) disable iff (!rst_ni)  icache_valid_q |-> ##1 gen_instr_scan[1].i_instr_scan.is_rvc);
  * assert property (@(posedge clk_i) disable iff (!rst_ni)  if_ready |-> ##1 gen_instr_scan[1].i_instr_scan.is_rvc);
  * assert property (@(posedge clk_i) disable iff (!rst_ni)  instr_queue_consumed[0] |-> ##1 gen_instr_scan[1].i_instr_scan.is_rvc);
  * assert property (@(posedge clk_i) disable iff (!rst_ni)  instr_queue_consumed[1] |-> ##1 gen_instr_scan[1].i_instr_scan.is_rvc);
  * assert property (@(posedge clk_i) disable iff (!rst_ni)  is_branch[0] |-> ##1 gen_instr_scan[1].i_instr_scan.is_rvc);
  * assert property (@(posedge clk_i) disable iff (!rst_ni)  is_branch[1] |-> ##1 gen_instr_scan[1].i_instr_scan.is_rvc);
  * assert property (@(posedge clk_i) disable iff (!rst_ni)  is_call[0] |-> ##1 gen_instr_scan[1].i_instr_scan.is_rvc);
  * assert property (@(posedge clk_i) disable iff (!rst_ni)  is_call[1] |-> ##1 gen_instr_scan[1].i_instr_scan.is_rvc);
  * assert property (@(posedge clk_i) disable iff (!rst_ni)  is_jalr[0] |-> ##1 gen_instr_scan[1].i_instr_scan.is_rvc);
  * assert property (@(posedge clk_i) disable iff (!rst_ni)  is_jump[0] |-> ##1 gen_instr_scan[1].i_instr_scan.is_rvc);
  * assert property (@(posedge clk_i) disable iff (!rst_ni)  is_jump[1] |-> ##1 gen_instr_scan[1].i_instr_scan.is_rvc);
  * assert property (@(posedge clk_i) disable iff (!rst_ni)  is_mispredict |-> ##1 gen_instr_scan[1].i_instr_scan.is_rvc);
  * assert property (@(posedge clk_i) disable iff (!rst_ni)  is_mispredict |-> ##1 i_instr_queue.gen_instr_fifo[0].i_fifo_instr_data.empty_o);
  * assert property (@(posedge clk_i) disable iff (!rst_ni)  is_mispredict |-> ##1 i_instr_queue.gen_instr_fifo[1].i_fifo_instr_data.empty_o);
  * assert property (@(posedge clk_i) disable iff (!rst_ni)  is_mispredict |-> ##1 i_instr_queue.idx_ds_d[0]);
  * assert property (@(posedge clk_i) disable iff (!rst_ni)  is_mispredict |-> ##1 i_instr_queue.idx_ds_q[0]);
  * assert property (@(posedge clk_i) disable iff (!rst_ni)  is_mispredict |-> ##1 i_instr_queue.instr_queue_empty[0]);
  * assert property (@(posedge clk_i) disable iff (!rst_ni)  is_mispredict |-> ##1 i_instr_queue.instr_queue_empty[1]);
  * assert property (@(posedge clk_i) disable iff (!rst_ni)  is_mispredict |-> ##1 i_instr_queue.ready_o);
  * assert property (@(posedge clk_i) disable iff (!rst_ni)  is_mispredict |-> ##1 icache_dreq_o.req);
  * assert property (@(posedge clk_i) disable iff (!rst_ni)  is_mispredict |-> ##1 instr_queue_ready);
  * assert property (@(posedge clk_i) disable iff (!rst_ni)  is_return[0] |-> ##1 gen_instr_scan[1].i_instr_scan.is_rvc);
  * assert property (@(posedge clk_i) disable iff (!rst_ni)  is_return[1] |-> ##1 gen_instr_scan[1].i_instr_scan.is_rvc);
  * assert property (@(posedge clk_i) disable iff (!rst_ni)  npc_rst_load_q |-> ##1 gen_instr_scan[1].i_instr_scan.is_rvc);
  * assert property (@(posedge clk_i) disable iff (!rst_ni)  npc_rst_load_q |-> ##1 i_instr_queue.gen_instr_fifo[0].i_fifo_instr_data.empty_o);
  * assert property (@(posedge clk_i) disable iff (!rst_ni)  npc_rst_load_q |-> ##1 i_instr_queue.gen_instr_fifo[1].i_fifo_instr_data.empty_o);
  * assert property (@(posedge clk_i) disable iff (!rst_ni)  npc_rst_load_q |-> ##1 i_instr_queue.idx_ds_d[0]);
  * assert property (@(posedge clk_i) disable iff (!rst_ni)  npc_rst_load_q |-> ##1 i_instr_queue.idx_ds_q[0]);
  * assert property (@(posedge clk_i) disable iff (!rst_ni)  npc_rst_load_q |-> ##1 i_instr_queue.instr_queue_empty[0]);
  * assert property (@(posedge clk_i) disable iff (!rst_ni)  npc_rst_load_q |-> ##1 i_instr_queue.instr_queue_empty[1]);
  * assert property (@(posedge clk_i) disable iff (!rst_ni)  npc_rst_load_q |-> ##1 i_instr_queue.ready_o);
  * assert property (@(posedge clk_i) disable iff (!rst_ni)  npc_rst_load_q |-> ##1 icache_dreq_o.req);
  * assert property (@(posedge clk_i) disable iff (!rst_ni)  npc_rst_load_q |-> ##1 instr_queue_ready);
  * assert property (@(posedge clk_i) disable iff (!rst_ni)  ras_pop |-> ##1 gen_instr_scan[1].i_instr_scan.is_rvc);
  * assert property (@(posedge clk_i) disable iff (!rst_ni)  ras_push |-> ##1 gen_instr_scan[1].i_instr_scan.is_rvc);
  * assert property (@(posedge clk_i) disable iff (!rst_ni)  ras_push |-> ##1 i_ras.data_o.valid);
  * assert property (@(posedge clk_i) disable iff (!rst_ni)  ras_push |-> ##1 i_ras.stack_q[0].valid);
  * assert property (@(posedge clk_i) disable iff (!rst_ni)  ras_push |-> ##1 ras_predict.valid);
  * assert property (@(posedge clk_i) disable iff (!rst_ni)  replay |-> ##1 gen_instr_scan[1].i_instr_scan.is_rvc);
  * assert property (@(posedge clk_i) disable iff (!rst_ni)  resolved_branch_i.is_mispredict |-> ##1 gen_instr_scan[1].i_instr_scan.is_rvc);
  * assert property (@(posedge clk_i) disable iff (!rst_ni)  resolved_branch_i.is_mispredict |-> ##1 i_instr_queue.gen_instr_fifo[0].i_fifo_instr_data.empty_o);
  * assert property (@(posedge clk_i) disable iff (!rst_ni)  resolved_branch_i.is_mispredict |-> ##1 i_instr_queue.gen_instr_fifo[1].i_fifo_instr_data.empty_o);
  * assert property (@(posedge clk_i) disable iff (!rst_ni)  resolved_branch_i.is_mispredict |-> ##1 i_instr_queue.idx_ds_d[0]);
  * assert property (@(posedge clk_i) disable iff (!rst_ni)  resolved_branch_i.is_mispredict |-> ##1 i_instr_queue.idx_ds_q[0]);
  * assert property (@(posedge clk_i) disable iff (!rst_ni)  resolved_branch_i.is_mispredict |-> ##1 i_instr_queue.instr_queue_empty[0]);
  * assert property (@(posedge clk_i) disable iff (!rst_ni)  resolved_branch_i.is_mispredict |-> ##1 i_instr_queue.instr_queue_empty[1]);
  * assert property (@(posedge clk_i) disable iff (!rst_ni)  resolved_branch_i.is_mispredict |-> ##1 i_instr_queue.ready_o);
  * assert property (@(posedge clk_i) disable iff (!rst_ni)  resolved_branch_i.is_mispredict |-> ##1 icache_dreq_o.req);
  * assert property (@(posedge clk_i) disable iff (!rst_ni)  resolved_branch_i.is_mispredict |-> ##1 instr_queue_ready);
  * assert property (@(posedge clk_i) disable iff (!rst_ni)  resolved_branch_i.is_taken |-> ##1 gen_instr_scan[1].i_instr_scan.is_rvc);
  * assert property (@(posedge clk_i) disable iff (!rst_ni)  resolved_branch_i.valid |-> ##1 gen_instr_scan[1].i_instr_scan.is_rvc);
  * assert property (@(posedge clk_i) disable iff (!rst_ni)  rvc_branch[0] |-> ##1 gen_instr_scan[1].i_instr_scan.is_rvc);
  * assert property (@(posedge clk_i) disable iff (!rst_ni)  rvc_branch[1] |-> ##1 gen_instr_scan[1].i_instr_scan.is_rvc);
  * assert property (@(posedge clk_i) disable iff (!rst_ni)  rvc_call[0] |-> ##1 gen_instr_scan[1].i_instr_scan.is_rvc);
  * assert property (@(posedge clk_i) disable iff (!rst_ni)  rvc_call[1] |-> ##1 gen_instr_scan[1].i_instr_scan.is_rvc);
  * assert property (@(posedge clk_i) disable iff (!rst_ni)  rvc_jalr[0] |-> ##1 gen_instr_scan[1].i_instr_scan.is_rvc);
  * assert property (@(posedge clk_i) disable iff (!rst_ni)  rvc_jalr[1] |-> ##1 gen_instr_scan[1].i_instr_scan.is_rvc);
  * assert property (@(posedge clk_i) disable iff (!rst_ni)  rvc_jr[0] |-> ##1 gen_instr_scan[1].i_instr_scan.is_rvc);
  * assert property (@(posedge clk_i) disable iff (!rst_ni)  rvc_jr[1] |-> ##1 gen_instr_scan[1].i_instr_scan.is_rvc);
  * assert property (@(posedge clk_i) disable iff (!rst_ni)  rvc_jump[0] |-> ##1 gen_instr_scan[1].i_instr_scan.is_rvc);
  * assert property (@(posedge clk_i) disable iff (!rst_ni)  rvc_jump[1] |-> ##1 gen_instr_scan[1].i_instr_scan.is_rvc);
  * assert property (@(posedge clk_i) disable iff (!rst_ni)  rvc_return[0] |-> ##1 gen_instr_scan[1].i_instr_scan.is_rvc);
  * assert property (@(posedge clk_i) disable iff (!rst_ni)  rvc_return[1] |-> ##1 gen_instr_scan[1].i_instr_scan.is_rvc);
  * assert property (@(posedge clk_i) disable iff (!rst_ni)  rvi_branch[0] |-> ##1 gen_instr_scan[1].i_instr_scan.is_rvc);
  * assert property (@(posedge clk_i) disable iff (!rst_ni)  rvi_call[0] |-> ##1 gen_instr_scan[1].i_instr_scan.is_rvc);
  * assert property (@(posedge clk_i) disable iff (!rst_ni)  rvi_jalr[0] |-> ##1 gen_instr_scan[1].i_instr_scan.is_rvc);
  * assert property (@(posedge clk_i) disable iff (!rst_ni)  rvi_jump[0] |-> ##1 gen_instr_scan[1].i_instr_scan.is_rvc);
  * assert property (@(posedge clk_i) disable iff (!rst_ni)  serving_unaligned |-> ##1 gen_instr_scan[1].i_instr_scan.is_rvc);
  * assert property (@(posedge clk_i) disable iff (!rst_ni)  shamt[0] |-> ##1 gen_instr_scan[1].i_instr_scan.is_rvc);
  * assert property (@(posedge clk_i) disable iff (!rst_ni)  taken_rvc_cf[0] |-> ##1 gen_instr_scan[1].i_instr_scan.is_rvc);
  * assert property (@(posedge clk_i) disable iff (!rst_ni)  taken_rvc_cf[1] |-> ##1 gen_instr_scan[1].i_instr_scan.is_rvc);
  * assert property (@(posedge clk_i) disable iff (!rst_ni)  taken_rvi_cf[0] |-> ##1 gen_instr_scan[1].i_instr_scan.is_rvc);

cex:

  * assert property (@(posedge clk_i) disable iff (!rst_ni)  bht_prediction[0].taken |-> ##1 i_ras.data_o.valid);
  * assert property (@(posedge clk_i) disable iff (!rst_ni)  bht_prediction[0].taken |-> ##1 i_ras.stack_d[0].valid);
  * assert property (@(posedge clk_i) disable iff (!rst_ni)  bht_prediction[0].taken |-> ##1 i_ras.stack_q[0].valid);
  * assert property (@(posedge clk_i) disable iff (!rst_ni)  bht_prediction[0].taken |-> ##1 ras_predict.valid);
  * assert property (@(posedge clk_i) disable iff (!rst_ni)  bht_update.taken |-> ##1 i_instr_queue.branch_empty);
  * assert property (@(posedge clk_i) disable iff (!rst_ni)  bht_update.taken |-> ##1 i_instr_queue.gen_instr_fifo[0].i_fifo_instr_data.empty_o);
  * assert property (@(posedge clk_i) disable iff (!rst_ni)  bht_update.taken |-> ##1 i_instr_queue.gen_instr_fifo[0].i_fifo_instr_data.gate_clock);
  * assert property (@(posedge clk_i) disable iff (!rst_ni)  bht_update.taken |-> ##1 i_instr_queue.gen_instr_fifo[1].i_fifo_instr_data.empty_o);
  * assert property (@(posedge clk_i) disable iff (!rst_ni)  bht_update.taken |-> ##1 i_instr_queue.gen_instr_fifo[1].i_fifo_instr_data.gate_clock);
  * assert property (@(posedge clk_i) disable iff (!rst_ni)  bht_update.taken |-> ##1 i_instr_queue.instr_queue_empty[0]);
  * assert property (@(posedge clk_i) disable iff (!rst_ni)  bht_update.taken |-> ##1 i_instr_queue.instr_queue_empty[1]);
  * assert property (@(posedge clk_i) disable iff (!rst_ni)  bht_update.taken |-> ##1 i_instr_queue.ready_o);
  * assert property (@(posedge clk_i) disable iff (!rst_ni)  bht_update.taken |-> ##1 icache_dreq_o.req);
  * assert property (@(posedge clk_i) disable iff (!rst_ni)  bht_update.taken |-> ##1 instr_queue_ready);
  * assert property (@(posedge clk_i) disable iff (!rst_ni)  bht_update.valid |-> ##1 debug_mode_i);
  * assert property (@(posedge clk_i) disable iff (!rst_ni)  bht_update.valid |-> ##1 gen_instr_scan[0].i_instr_scan.rvi_branch_o);
  * assert property (@(posedge clk_i) disable iff (!rst_ni)  bht_update.valid |-> ##1 i_bht.debug_mode_i);
  * assert property (@(posedge clk_i) disable iff (!rst_ni)  bht_update.valid |-> ##1 i_btb.debug_mode_i);
  * assert property (@(posedge clk_i) disable iff (!rst_ni)  bht_update.valid |-> ##1 i_instr_queue.branch_empty);
  * assert property (@(posedge clk_i) disable iff (!rst_ni)  bht_update.valid |-> ##1 i_instr_queue.gen_instr_fifo[0].i_fifo_instr_data.empty_o);
  * assert property (@(posedge clk_i) disable iff (!rst_ni)  bht_update.valid |-> ##1 i_instr_queue.gen_instr_fifo[0].i_fifo_instr_data.gate_clock);
  * assert property (@(posedge clk_i) disable iff (!rst_ni)  bht_update.valid |-> ##1 i_instr_queue.gen_instr_fifo[1].i_fifo_instr_data.empty_o);
  * assert property (@(posedge clk_i) disable iff (!rst_ni)  bht_update.valid |-> ##1 i_instr_queue.gen_instr_fifo[1].i_fifo_instr_data.gate_clock);
  * assert property (@(posedge clk_i) disable iff (!rst_ni)  bht_update.valid |-> ##1 i_instr_queue.idx_ds_d[0]);
  * assert property (@(posedge clk_i) disable iff (!rst_ni)  bht_update.valid |-> ##1 i_instr_queue.idx_ds_q[0]);
  * assert property (@(posedge clk_i) disable iff (!rst_ni)  bht_update.valid |-> ##1 i_instr_queue.instr_queue_empty[0]);
  * assert property (@(posedge clk_i) disable iff (!rst_ni)  bht_update.valid |-> ##1 i_instr_queue.instr_queue_empty[1]);
  * assert property (@(posedge clk_i) disable iff (!rst_ni)  bht_update.valid |-> ##1 i_instr_queue.ready_o);
  * assert property (@(posedge clk_i) disable iff (!rst_ni)  bht_update.valid |-> ##1 icache_dreq_o.req);
  * assert property (@(posedge clk_i) disable iff (!rst_ni)  bht_update.valid |-> ##1 instr_queue_ready);
  * assert property (@(posedge clk_i) disable iff (!rst_ni)  bht_update.valid |-> ##1 rvi_branch[0]);
  * assert property (@(posedge clk_i) disable iff (!rst_ni)  bp_valid |-> ##1 fetch_entry_ready_i);
  * assert property (@(posedge clk_i) disable iff (!rst_ni)  bp_valid |-> ##1 fetch_entry_valid_o);
  * assert property (@(posedge clk_i) disable iff (!rst_ni)  bp_valid |-> ##1 i_instr_queue.branch_empty);
  * assert property (@(posedge clk_i) disable iff (!rst_ni)  bp_valid |-> ##1 i_instr_queue.fetch_entry_ready_i);
  * assert property (@(posedge clk_i) disable iff (!rst_ni)  bp_valid |-> ##1 i_instr_queue.fetch_entry_valid_o);
  * assert property (@(posedge clk_i) disable iff (!rst_ni)  bp_valid |-> ##1 i_instr_queue.gen_instr_fifo[0].i_fifo_instr_data.gate_clock);
  * assert property (@(posedge clk_i) disable iff (!rst_ni)  bp_valid |-> ##1 i_instr_queue.gen_instr_fifo[1].i_fifo_instr_data.gate_clock);
  * assert property (@(posedge clk_i) disable iff (!rst_ni)  bp_valid |-> ##1 i_instr_queue.ready_o);
  * assert property (@(posedge clk_i) disable iff (!rst_ni)  bp_valid |-> ##1 icache_dreq_o.req);
  * assert property (@(posedge clk_i) disable iff (!rst_ni)  bp_valid |-> ##1 instr_queue_ready);
  * assert property (@(posedge clk_i) disable iff (!rst_ni)  btb_prediction[0].valid |-> ##1 i_instr_queue.branch_empty);
  * assert property (@(posedge clk_i) disable iff (!rst_ni)  btb_prediction[0].valid |-> ##1 i_instr_queue.ready_o);
  * assert property (@(posedge clk_i) disable iff (!rst_ni)  btb_prediction[0].valid |-> ##1 icache_dreq_o.req);
  * assert property (@(posedge clk_i) disable iff (!rst_ni)  btb_prediction[0].valid |-> ##1 instr_queue_ready);
  * assert property (@(posedge clk_i) disable iff (!rst_ni)  btb_prediction_shifted[0].valid |-> ##1 i_instr_queue.branch_empty);
  * assert property (@(posedge clk_i) disable iff (!rst_ni)  btb_prediction_shifted[0].valid |-> ##1 i_instr_queue.ready_o);
  * assert property (@(posedge clk_i) disable iff (!rst_ni)  btb_prediction_shifted[0].valid |-> ##1 icache_dreq_o.req);
  * assert property (@(posedge clk_i) disable iff (!rst_ni)  btb_prediction_shifted[0].valid |-> ##1 instr_queue_ready);
  * assert property (@(posedge clk_i) disable iff (!rst_ni)  btb_update.valid |-> ##1 btb_prediction[0].valid);
  * assert property (@(posedge clk_i) disable iff (!rst_ni)  btb_update.valid |-> ##1 btb_prediction_shifted[0].valid);
  * assert property (@(posedge clk_i) disable iff (!rst_ni)  btb_update.valid |-> ##1 gen_instr_scan[0].i_instr_scan.is_jal_r);
  * assert property (@(posedge clk_i) disable iff (!rst_ni)  btb_update.valid |-> ##1 gen_instr_scan[0].i_instr_scan.is_rvc);
  * assert property (@(posedge clk_i) disable iff (!rst_ni)  btb_update.valid |-> ##1 gen_instr_scan[0].i_instr_scan.rvc_jr_o);
  * assert property (@(posedge clk_i) disable iff (!rst_ni)  btb_update.valid |-> ##1 i_btb.btb_prediction_o[0].valid);
  * assert property (@(posedge clk_i) disable iff (!rst_ni)  btb_update.valid |-> ##1 i_instr_queue.branch_empty);
  * assert property (@(posedge clk_i) disable iff (!rst_ni)  btb_update.valid |-> ##1 i_instr_queue.gen_instr_fifo[0].i_fifo_instr_data.gate_clock);
  * assert property (@(posedge clk_i) disable iff (!rst_ni)  btb_update.valid |-> ##1 i_instr_queue.gen_instr_fifo[1].i_fifo_instr_data.gate_clock);
  * assert property (@(posedge clk_i) disable iff (!rst_ni)  btb_update.valid |-> ##1 rvc_jr[0]);
  * assert property (@(posedge clk_i) disable iff (!rst_ni)  debug_mode_i |-> ##1 i_instr_queue.ready_o);
  * assert property (@(posedge clk_i) disable iff (!rst_ni)  debug_mode_i |-> ##1 icache_dreq_o.req);
  * assert property (@(posedge clk_i) disable iff (!rst_ni)  debug_mode_i |-> ##1 instr_queue_ready);
  * assert property (@(posedge clk_i) disable iff (!rst_ni)  eret_i |-> ##1 i_instr_queue.branch_empty);
  * assert property (@(posedge clk_i) disable iff (!rst_ni)  eret_i |-> ##1 i_instr_queue.gen_instr_fifo[0].i_fifo_instr_data.gate_clock);
  * assert property (@(posedge clk_i) disable iff (!rst_ni)  eret_i |-> ##1 i_instr_queue.gen_instr_fifo[1].i_fifo_instr_data.gate_clock);
  * assert property (@(posedge clk_i) disable iff (!rst_ni)  ex_valid_i |-> ##1 i_instr_queue.branch_empty);
  * assert property (@(posedge clk_i) disable iff (!rst_ni)  ex_valid_i |-> ##1 i_instr_queue.gen_instr_fifo[0].i_fifo_instr_data.gate_clock);
  * assert property (@(posedge clk_i) disable iff (!rst_ni)  ex_valid_i |-> ##1 i_instr_queue.gen_instr_fifo[1].i_fifo_instr_data.gate_clock);
  * assert property (@(posedge clk_i) disable iff (!rst_ni)  fetch_entry_ready_i |-> ##1 i_instr_queue.branch_empty);
  * assert property (@(posedge clk_i) disable iff (!rst_ni)  fetch_entry_ready_i |-> ##1 i_instr_queue.ready_o);
  * assert property (@(posedge clk_i) disable iff (!rst_ni)  fetch_entry_ready_i |-> ##1 icache_dreq_o.req);
  * assert property (@(posedge clk_i) disable iff (!rst_ni)  fetch_entry_ready_i |-> ##1 instr_queue_ready);
  * assert property (@(posedge clk_i) disable iff (!rst_ni)  fetch_entry_valid_o |-> ##1 i_instr_queue.branch_empty);
  * assert property (@(posedge clk_i) disable iff (!rst_ni)  fetch_entry_valid_o |-> ##1 i_instr_queue.ready_o);
  * assert property (@(posedge clk_i) disable iff (!rst_ni)  fetch_entry_valid_o |-> ##1 icache_dreq_o.req);
  * assert property (@(posedge clk_i) disable iff (!rst_ni)  fetch_entry_valid_o |-> ##1 instr_queue_ready);
  * assert property (@(posedge clk_i) disable iff (!rst_ni)  flush_i |-> ##1 i_instr_queue.branch_empty);
  * assert property (@(posedge clk_i) disable iff (!rst_ni)  flush_i |-> ##1 i_instr_queue.gen_instr_fifo[0].i_fifo_instr_data.gate_clock);
  * assert property (@(posedge clk_i) disable iff (!rst_ni)  flush_i |-> ##1 i_instr_queue.gen_instr_fifo[1].i_fifo_instr_data.gate_clock);
  * assert property (@(posedge clk_i) disable iff (!rst_ni)  gen_instr_scan[0].i_instr_scan.is_jal_r |-> ##1 gen_instr_scan[0].i_instr_scan.is_rvc);
  * assert property (@(posedge clk_i) disable iff (!rst_ni)  gen_instr_scan[0].i_instr_scan.is_jal_r |-> ##1 i_instr_queue.branch_empty);
  * assert property (@(posedge clk_i) disable iff (!rst_ni)  gen_instr_scan[0].i_instr_scan.is_jal_r |-> ##1 i_instr_queue.ready_o);
  * assert property (@(posedge clk_i) disable iff (!rst_ni)  gen_instr_scan[0].i_instr_scan.is_jal_r |-> ##1 icache_dreq_o.req);
  * assert property (@(posedge clk_i) disable iff (!rst_ni)  gen_instr_scan[0].i_instr_scan.is_jal_r |-> ##1 instr_queue_ready);
  * assert property (@(posedge clk_i) disable iff (!rst_ni)  gen_instr_scan[0].i_instr_scan.is_rvc |-> ##1 i_instr_queue.ready_o);
  * assert property (@(posedge clk_i) disable iff (!rst_ni)  gen_instr_scan[0].i_instr_scan.is_rvc |-> ##1 icache_dreq_o.req);
  * assert property (@(posedge clk_i) disable iff (!rst_ni)  gen_instr_scan[0].i_instr_scan.is_rvc |-> ##1 instr_queue_ready);
  * assert property (@(posedge clk_i) disable iff (!rst_ni)  gen_instr_scan[0].i_instr_scan.rvc_branch_o |-> ##1 i_instr_queue.branch_empty);
  * assert property (@(posedge clk_i) disable iff (!rst_ni)  gen_instr_scan[0].i_instr_scan.rvc_branch_o |-> ##1 i_ras.data_o.valid);
  * assert property (@(posedge clk_i) disable iff (!rst_ni)  gen_instr_scan[0].i_instr_scan.rvc_branch_o |-> ##1 i_ras.stack_d[0].valid);
  * assert property (@(posedge clk_i) disable iff (!rst_ni)  gen_instr_scan[0].i_instr_scan.rvc_branch_o |-> ##1 i_ras.stack_q[0].valid);
  * assert property (@(posedge clk_i) disable iff (!rst_ni)  gen_instr_scan[0].i_instr_scan.rvc_branch_o |-> ##1 ras_predict.valid);
  * assert property (@(posedge clk_i) disable iff (!rst_ni)  gen_instr_scan[0].i_instr_scan.rvc_call_o |-> ##1 gen_instr_scan[0].i_instr_scan.is_rvc);
  * assert property (@(posedge clk_i) disable iff (!rst_ni)  gen_instr_scan[0].i_instr_scan.rvc_call_o |-> ##1 i_instr_queue.gen_instr_fifo[0].i_fifo_instr_data.empty_o);
  * assert property (@(posedge clk_i) disable iff (!rst_ni)  gen_instr_scan[0].i_instr_scan.rvc_call_o |-> ##1 i_instr_queue.gen_instr_fifo[1].i_fifo_instr_data.empty_o);
  * assert property (@(posedge clk_i) disable iff (!rst_ni)  gen_instr_scan[0].i_instr_scan.rvc_call_o |-> ##1 i_instr_queue.gen_instr_fifo[1].i_fifo_instr_data.gate_clock);
  * assert property (@(posedge clk_i) disable iff (!rst_ni)  gen_instr_scan[0].i_instr_scan.rvc_call_o |-> ##1 i_instr_queue.idx_ds_d[0]);
  * assert property (@(posedge clk_i) disable iff (!rst_ni)  gen_instr_scan[0].i_instr_scan.rvc_call_o |-> ##1 i_instr_queue.idx_ds_q[0]);
  * assert property (@(posedge clk_i) disable iff (!rst_ni)  gen_instr_scan[0].i_instr_scan.rvc_call_o |-> ##1 i_instr_queue.instr_queue_empty[0]);
  * assert property (@(posedge clk_i) disable iff (!rst_ni)  gen_instr_scan[0].i_instr_scan.rvc_call_o |-> ##1 i_instr_queue.instr_queue_empty[1]);
  * assert property (@(posedge clk_i) disable iff (!rst_ni)  gen_instr_scan[0].i_instr_scan.rvc_call_o |-> ##1 i_instr_queue.ready_o);
  * assert property (@(posedge clk_i) disable iff (!rst_ni)  gen_instr_scan[0].i_instr_scan.rvc_call_o |-> ##1 i_instr_realign.unaligned_d);
  * assert property (@(posedge clk_i) disable iff (!rst_ni)  gen_instr_scan[0].i_instr_scan.rvc_call_o |-> ##1 i_ras.data_o.valid);
  * assert property (@(posedge clk_i) disable iff (!rst_ni)  gen_instr_scan[0].i_instr_scan.rvc_call_o |-> ##1 i_ras.stack_d[0].valid);
  * assert property (@(posedge clk_i) disable iff (!rst_ni)  gen_instr_scan[0].i_instr_scan.rvc_call_o |-> ##1 i_ras.stack_d[1].valid);
  * assert property (@(posedge clk_i) disable iff (!rst_ni)  gen_instr_scan[0].i_instr_scan.rvc_call_o |-> ##1 i_ras.stack_q[0].valid);
  * assert property (@(posedge clk_i) disable iff (!rst_ni)  gen_instr_scan[0].i_instr_scan.rvc_call_o |-> ##1 i_ras.stack_q[1].valid);
  * assert property (@(posedge clk_i) disable iff (!rst_ni)  gen_instr_scan[0].i_instr_scan.rvc_call_o |-> ##1 icache_dreq_o.req);
  * assert property (@(posedge clk_i) disable iff (!rst_ni)  gen_instr_scan[0].i_instr_scan.rvc_call_o |-> ##1 instr_queue_ready);
  * assert property (@(posedge clk_i) disable iff (!rst_ni)  gen_instr_scan[0].i_instr_scan.rvc_call_o |-> ##1 ras_predict.valid);
  * assert property (@(posedge clk_i) disable iff (!rst_ni)  gen_instr_scan[0].i_instr_scan.rvc_jalr_o |-> ##1 gen_instr_scan[0].i_instr_scan.is_rvc);
  * assert property (@(posedge clk_i) disable iff (!rst_ni)  gen_instr_scan[0].i_instr_scan.rvc_jalr_o |-> ##1 i_instr_queue.gen_instr_fifo[0].i_fifo_instr_data.empty_o);
  * assert property (@(posedge clk_i) disable iff (!rst_ni)  gen_instr_scan[0].i_instr_scan.rvc_jalr_o |-> ##1 i_instr_queue.gen_instr_fifo[1].i_fifo_instr_data.empty_o);
  * assert property (@(posedge clk_i) disable iff (!rst_ni)  gen_instr_scan[0].i_instr_scan.rvc_jalr_o |-> ##1 i_instr_queue.gen_instr_fifo[1].i_fifo_instr_data.gate_clock);
  * assert property (@(posedge clk_i) disable iff (!rst_ni)  gen_instr_scan[0].i_instr_scan.rvc_jalr_o |-> ##1 i_instr_queue.idx_ds_d[0]);
  * assert property (@(posedge clk_i) disable iff (!rst_ni)  gen_instr_scan[0].i_instr_scan.rvc_jalr_o |-> ##1 i_instr_queue.idx_ds_q[0]);
  * assert property (@(posedge clk_i) disable iff (!rst_ni)  gen_instr_scan[0].i_instr_scan.rvc_jalr_o |-> ##1 i_instr_queue.instr_queue_empty[0]);
  * assert property (@(posedge clk_i) disable iff (!rst_ni)  gen_instr_scan[0].i_instr_scan.rvc_jalr_o |-> ##1 i_instr_queue.instr_queue_empty[1]);
  * assert property (@(posedge clk_i) disable iff (!rst_ni)  gen_instr_scan[0].i_instr_scan.rvc_jalr_o |-> ##1 i_instr_queue.ready_o);
  * assert property (@(posedge clk_i) disable iff (!rst_ni)  gen_instr_scan[0].i_instr_scan.rvc_jalr_o |-> ##1 i_instr_realign.unaligned_d);
  * assert property (@(posedge clk_i) disable iff (!rst_ni)  gen_instr_scan[0].i_instr_scan.rvc_jalr_o |-> ##1 i_ras.data_o.valid);
  * assert property (@(posedge clk_i) disable iff (!rst_ni)  gen_instr_scan[0].i_instr_scan.rvc_jalr_o |-> ##1 i_ras.stack_d[0].valid);
  * assert property (@(posedge clk_i) disable iff (!rst_ni)  gen_instr_scan[0].i_instr_scan.rvc_jalr_o |-> ##1 i_ras.stack_d[1].valid);
  * assert property (@(posedge clk_i) disable iff (!rst_ni)  gen_instr_scan[0].i_instr_scan.rvc_jalr_o |-> ##1 i_ras.stack_q[0].valid);
  * assert property (@(posedge clk_i) disable iff (!rst_ni)  gen_instr_scan[0].i_instr_scan.rvc_jalr_o |-> ##1 i_ras.stack_q[1].valid);
  * assert property (@(posedge clk_i) disable iff (!rst_ni)  gen_instr_scan[0].i_instr_scan.rvc_jalr_o |-> ##1 icache_dreq_o.req);
  * assert property (@(posedge clk_i) disable iff (!rst_ni)  gen_instr_scan[0].i_instr_scan.rvc_jalr_o |-> ##1 instr_queue_ready);
  * assert property (@(posedge clk_i) disable iff (!rst_ni)  gen_instr_scan[0].i_instr_scan.rvc_jalr_o |-> ##1 ras_predict.valid);
  * assert property (@(posedge clk_i) disable iff (!rst_ni)  gen_instr_scan[0].i_instr_scan.rvc_jr_o |-> ##1 gen_instr_scan[0].i_instr_scan.is_rvc);
  * assert property (@(posedge clk_i) disable iff (!rst_ni)  gen_instr_scan[0].i_instr_scan.rvc_jr_o |-> ##1 i_instr_queue.branch_empty);
  * assert property (@(posedge clk_i) disable iff (!rst_ni)  gen_instr_scan[0].i_instr_scan.rvc_jr_o |-> ##1 i_instr_queue.ready_o);
  * assert property (@(posedge clk_i) disable iff (!rst_ni)  gen_instr_scan[0].i_instr_scan.rvc_jr_o |-> ##1 icache_dreq_o.req);
  * assert property (@(posedge clk_i) disable iff (!rst_ni)  gen_instr_scan[0].i_instr_scan.rvc_jr_o |-> ##1 instr_queue_ready);
  * assert property (@(posedge clk_i) disable iff (!rst_ni)  gen_instr_scan[0].i_instr_scan.rvc_jump_o |-> ##1 i_instr_queue.gen_instr_fifo[1].i_fifo_instr_data.empty_o);
  * assert property (@(posedge clk_i) disable iff (!rst_ni)  gen_instr_scan[0].i_instr_scan.rvc_jump_o |-> ##1 i_instr_queue.instr_queue_empty[1]);
  * assert property (@(posedge clk_i) disable iff (!rst_ni)  gen_instr_scan[0].i_instr_scan.rvc_jump_o |-> ##1 i_instr_queue.ready_o);
  * assert property (@(posedge clk_i) disable iff (!rst_ni)  gen_instr_scan[0].i_instr_scan.rvc_jump_o |-> ##1 icache_dreq_o.req);
  * assert property (@(posedge clk_i) disable iff (!rst_ni)  gen_instr_scan[0].i_instr_scan.rvc_jump_o |-> ##1 instr_queue_ready);
  * assert property (@(posedge clk_i) disable iff (!rst_ni)  gen_instr_scan[0].i_instr_scan.rvc_return_o |-> ##1 fetch_entry_valid_o);
  * assert property (@(posedge clk_i) disable iff (!rst_ni)  gen_instr_scan[0].i_instr_scan.rvc_return_o |-> ##1 i_instr_queue.branch_empty);
  * assert property (@(posedge clk_i) disable iff (!rst_ni)  gen_instr_scan[0].i_instr_scan.rvc_return_o |-> ##1 i_instr_queue.fetch_entry_valid_o);
  * assert property (@(posedge clk_i) disable iff (!rst_ni)  gen_instr_scan[0].i_instr_scan.rvi_branch_o |-> ##1 debug_mode_i);
  * assert property (@(posedge clk_i) disable iff (!rst_ni)  gen_instr_scan[0].i_instr_scan.rvi_branch_o |-> ##1 i_bht.debug_mode_i);
  * assert property (@(posedge clk_i) disable iff (!rst_ni)  gen_instr_scan[0].i_instr_scan.rvi_branch_o |-> ##1 i_btb.debug_mode_i);
  * assert property (@(posedge clk_i) disable iff (!rst_ni)  gen_instr_scan[0].i_instr_scan.rvi_branch_o |-> ##1 i_instr_queue.ready_o);
  * assert property (@(posedge clk_i) disable iff (!rst_ni)  gen_instr_scan[0].i_instr_scan.rvi_branch_o |-> ##1 icache_dreq_o.req);
  * assert property (@(posedge clk_i) disable iff (!rst_ni)  gen_instr_scan[0].i_instr_scan.rvi_branch_o |-> ##1 instr_queue_ready);
  * assert property (@(posedge clk_i) disable iff (!rst_ni)  gen_instr_scan[0].i_instr_scan.rvi_jalr_o |-> ##1 btb_prediction[1].valid);
  * assert property (@(posedge clk_i) disable iff (!rst_ni)  gen_instr_scan[0].i_instr_scan.rvi_jalr_o |-> ##1 btb_prediction_shifted[1].valid);
  * assert property (@(posedge clk_i) disable iff (!rst_ni)  gen_instr_scan[0].i_instr_scan.rvi_jalr_o |-> ##1 i_btb.btb_prediction_o[1].valid);
  * assert property (@(posedge clk_i) disable iff (!rst_ni)  gen_instr_scan[0].i_instr_scan.rvi_jalr_o |-> ##1 i_instr_queue.branch_empty);
  * assert property (@(posedge clk_i) disable iff (!rst_ni)  gen_instr_scan[0].i_instr_scan.rvi_jalr_o |-> ##1 i_instr_queue.gen_instr_fifo[0].i_fifo_instr_data.empty_o);
  * assert property (@(posedge clk_i) disable iff (!rst_ni)  gen_instr_scan[0].i_instr_scan.rvi_jalr_o |-> ##1 i_instr_queue.gen_instr_fifo[0].i_fifo_instr_data.gate_clock);
  * assert property (@(posedge clk_i) disable iff (!rst_ni)  gen_instr_scan[0].i_instr_scan.rvi_jalr_o |-> ##1 i_instr_queue.gen_instr_fifo[1].i_fifo_instr_data.empty_o);
  * assert property (@(posedge clk_i) disable iff (!rst_ni)  gen_instr_scan[0].i_instr_scan.rvi_jalr_o |-> ##1 i_instr_queue.gen_instr_fifo[1].i_fifo_instr_data.gate_clock);
  * assert property (@(posedge clk_i) disable iff (!rst_ni)  gen_instr_scan[0].i_instr_scan.rvi_jalr_o |-> ##1 i_instr_queue.idx_ds_d[0]);
  * assert property (@(posedge clk_i) disable iff (!rst_ni)  gen_instr_scan[0].i_instr_scan.rvi_jalr_o |-> ##1 i_instr_queue.idx_ds_q[0]);
  * assert property (@(posedge clk_i) disable iff (!rst_ni)  gen_instr_scan[0].i_instr_scan.rvi_jalr_o |-> ##1 i_instr_queue.instr_queue_empty[0]);
  * assert property (@(posedge clk_i) disable iff (!rst_ni)  gen_instr_scan[0].i_instr_scan.rvi_jalr_o |-> ##1 i_instr_queue.instr_queue_empty[1]);
  * assert property (@(posedge clk_i) disable iff (!rst_ni)  gen_instr_scan[0].i_instr_scan.rvi_jalr_o |-> ##1 i_instr_queue.ready_o);
  * assert property (@(posedge clk_i) disable iff (!rst_ni)  gen_instr_scan[0].i_instr_scan.rvi_jalr_o |-> ##1 i_instr_realign.unaligned_d);
  * assert property (@(posedge clk_i) disable iff (!rst_ni)  gen_instr_scan[0].i_instr_scan.rvi_jalr_o |-> ##1 i_instr_realign.valid_i);
  * assert property (@(posedge clk_i) disable iff (!rst_ni)  gen_instr_scan[0].i_instr_scan.rvi_jalr_o |-> ##1 icache_dreq_i.ready);
  * assert property (@(posedge clk_i) disable iff (!rst_ni)  gen_instr_scan[0].i_instr_scan.rvi_jalr_o |-> ##1 icache_dreq_i.valid);
  * assert property (@(posedge clk_i) disable iff (!rst_ni)  gen_instr_scan[0].i_instr_scan.rvi_jalr_o |-> ##1 icache_dreq_o.req);
  * assert property (@(posedge clk_i) disable iff (!rst_ni)  gen_instr_scan[0].i_instr_scan.rvi_jalr_o |-> ##1 icache_valid_q);
  * assert property (@(posedge clk_i) disable iff (!rst_ni)  gen_instr_scan[0].i_instr_scan.rvi_jalr_o |-> ##1 if_ready);
  * assert property (@(posedge clk_i) disable iff (!rst_ni)  gen_instr_scan[0].i_instr_scan.rvi_jalr_o |-> ##1 instr_queue_ready);
  * assert property (@(posedge clk_i) disable iff (!rst_ni)  gen_instr_scan[0].i_instr_scan.rvi_jump_o |-> ##1 debug_mode_i);
  * assert property (@(posedge clk_i) disable iff (!rst_ni)  gen_instr_scan[0].i_instr_scan.rvi_jump_o |-> ##1 i_bht.debug_mode_i);
  * assert property (@(posedge clk_i) disable iff (!rst_ni)  gen_instr_scan[0].i_instr_scan.rvi_jump_o |-> ##1 i_btb.debug_mode_i);
  * assert property (@(posedge clk_i) disable iff (!rst_ni)  gen_instr_scan[0].i_instr_scan.rvi_jump_o |-> ##1 i_instr_queue.ready_o);
  * assert property (@(posedge clk_i) disable iff (!rst_ni)  gen_instr_scan[0].i_instr_scan.rvi_jump_o |-> ##1 icache_dreq_o.req);
  * assert property (@(posedge clk_i) disable iff (!rst_ni)  gen_instr_scan[0].i_instr_scan.rvi_jump_o |-> ##1 instr_queue_ready);
  * assert property (@(posedge clk_i) disable iff (!rst_ni)  gen_instr_scan[1].i_instr_scan.is_jal_r |-> ##1 i_instr_queue.branch_empty);
  * assert property (@(posedge clk_i) disable iff (!rst_ni)  gen_instr_scan[1].i_instr_scan.rvc_branch_o |-> ##1 fetch_entry_valid_o);
  * assert property (@(posedge clk_i) disable iff (!rst_ni)  gen_instr_scan[1].i_instr_scan.rvc_branch_o |-> ##1 i_instr_queue.branch_empty);
  * assert property (@(posedge clk_i) disable iff (!rst_ni)  gen_instr_scan[1].i_instr_scan.rvc_branch_o |-> ##1 i_instr_queue.fetch_entry_valid_o);
  * assert property (@(posedge clk_i) disable iff (!rst_ni)  gen_instr_scan[1].i_instr_scan.rvc_branch_o |-> ##1 i_instr_queue.gen_instr_fifo[0].i_fifo_instr_data.write_pointer_n[0]);
  * assert property (@(posedge clk_i) disable iff (!rst_ni)  gen_instr_scan[1].i_instr_scan.rvc_branch_o |-> ##1 i_instr_queue.gen_instr_fifo[0].i_fifo_instr_data.write_pointer_n[1]);
  * assert property (@(posedge clk_i) disable iff (!rst_ni)  gen_instr_scan[1].i_instr_scan.rvc_branch_o |-> ##1 i_instr_queue.gen_instr_fifo[0].i_fifo_instr_data.write_pointer_q[1]);
  * assert property (@(posedge clk_i) disable iff (!rst_ni)  gen_instr_scan[1].i_instr_scan.rvc_branch_o |-> ##1 i_instr_queue.gen_instr_fifo[1].i_fifo_instr_data.write_pointer_n[1]);
  * assert property (@(posedge clk_i) disable iff (!rst_ni)  gen_instr_scan[1].i_instr_scan.rvc_branch_o |-> ##1 i_instr_queue.gen_instr_fifo[1].i_fifo_instr_data.write_pointer_q[1]);
  * assert property (@(posedge clk_i) disable iff (!rst_ni)  gen_instr_scan[1].i_instr_scan.rvc_branch_o |-> ##1 i_instr_queue.ready_o);
  * assert property (@(posedge clk_i) disable iff (!rst_ni)  gen_instr_scan[1].i_instr_scan.rvc_branch_o |-> ##1 i_ras.data_o.valid);
  * assert property (@(posedge clk_i) disable iff (!rst_ni)  gen_instr_scan[1].i_instr_scan.rvc_branch_o |-> ##1 i_ras.stack_d[0].valid);
  * assert property (@(posedge clk_i) disable iff (!rst_ni)  gen_instr_scan[1].i_instr_scan.rvc_branch_o |-> ##1 i_ras.stack_d[1].valid);
  * assert property (@(posedge clk_i) disable iff (!rst_ni)  gen_instr_scan[1].i_instr_scan.rvc_branch_o |-> ##1 i_ras.stack_q[0].valid);
  * assert property (@(posedge clk_i) disable iff (!rst_ni)  gen_instr_scan[1].i_instr_scan.rvc_branch_o |-> ##1 i_ras.stack_q[1].valid);
  * assert property (@(posedge clk_i) disable iff (!rst_ni)  gen_instr_scan[1].i_instr_scan.rvc_branch_o |-> ##1 icache_dreq_o.req);
  * assert property (@(posedge clk_i) disable iff (!rst_ni)  gen_instr_scan[1].i_instr_scan.rvc_branch_o |-> ##1 instr_queue_ready);
  * assert property (@(posedge clk_i) disable iff (!rst_ni)  gen_instr_scan[1].i_instr_scan.rvc_branch_o |-> ##1 ras_predict.valid);
  * assert property (@(posedge clk_i) disable iff (!rst_ni)  gen_instr_scan[1].i_instr_scan.rvc_call_o |-> ##1 fetch_entry_valid_o);
  * assert property (@(posedge clk_i) disable iff (!rst_ni)  gen_instr_scan[1].i_instr_scan.rvc_call_o |-> ##1 i_instr_queue.branch_empty);
  * assert property (@(posedge clk_i) disable iff (!rst_ni)  gen_instr_scan[1].i_instr_scan.rvc_call_o |-> ##1 i_instr_queue.fetch_entry_valid_o);
  * assert property (@(posedge clk_i) disable iff (!rst_ni)  gen_instr_scan[1].i_instr_scan.rvc_call_o |-> ##1 i_instr_queue.gen_instr_fifo[0].i_fifo_instr_data.usage_o[1]);
  * assert property (@(posedge clk_i) disable iff (!rst_ni)  gen_instr_scan[1].i_instr_scan.rvc_call_o |-> ##1 i_instr_queue.gen_instr_fifo[1].i_fifo_instr_data.usage_o[1]);
  * assert property (@(posedge clk_i) disable iff (!rst_ni)  gen_instr_scan[1].i_instr_scan.rvc_call_o |-> ##1 i_instr_queue.instr_queue_usage[0][1]);
  * assert property (@(posedge clk_i) disable iff (!rst_ni)  gen_instr_scan[1].i_instr_scan.rvc_call_o |-> ##1 i_instr_queue.instr_queue_usage[1][1]);
  * assert property (@(posedge clk_i) disable iff (!rst_ni)  gen_instr_scan[1].i_instr_scan.rvc_call_o |-> ##1 i_instr_queue.ready_o);
  * assert property (@(posedge clk_i) disable iff (!rst_ni)  gen_instr_scan[1].i_instr_scan.rvc_call_o |-> ##1 i_ras.data_o.valid);
  * assert property (@(posedge clk_i) disable iff (!rst_ni)  gen_instr_scan[1].i_instr_scan.rvc_call_o |-> ##1 i_ras.stack_d[0].valid);
  * assert property (@(posedge clk_i) disable iff (!rst_ni)  gen_instr_scan[1].i_instr_scan.rvc_call_o |-> ##1 i_ras.stack_q[0].valid);
  * assert property (@(posedge clk_i) disable iff (!rst_ni)  gen_instr_scan[1].i_instr_scan.rvc_call_o |-> ##1 icache_dreq_o.req);
  * assert property (@(posedge clk_i) disable iff (!rst_ni)  gen_instr_scan[1].i_instr_scan.rvc_call_o |-> ##1 instr_queue_ready);
  * assert property (@(posedge clk_i) disable iff (!rst_ni)  gen_instr_scan[1].i_instr_scan.rvc_call_o |-> ##1 ras_predict.valid);
  * assert property (@(posedge clk_i) disable iff (!rst_ni)  gen_instr_scan[1].i_instr_scan.rvc_jalr_o |-> ##1 fetch_entry_valid_o);
  * assert property (@(posedge clk_i) disable iff (!rst_ni)  gen_instr_scan[1].i_instr_scan.rvc_jalr_o |-> ##1 i_instr_queue.branch_empty);
  * assert property (@(posedge clk_i) disable iff (!rst_ni)  gen_instr_scan[1].i_instr_scan.rvc_jalr_o |-> ##1 i_instr_queue.fetch_entry_valid_o);
  * assert property (@(posedge clk_i) disable iff (!rst_ni)  gen_instr_scan[1].i_instr_scan.rvc_jalr_o |-> ##1 i_instr_queue.gen_instr_fifo[0].i_fifo_instr_data.usage_o[1]);
  * assert property (@(posedge clk_i) disable iff (!rst_ni)  gen_instr_scan[1].i_instr_scan.rvc_jalr_o |-> ##1 i_instr_queue.gen_instr_fifo[1].i_fifo_instr_data.usage_o[1]);
  * assert property (@(posedge clk_i) disable iff (!rst_ni)  gen_instr_scan[1].i_instr_scan.rvc_jalr_o |-> ##1 i_instr_queue.instr_queue_usage[0][1]);
  * assert property (@(posedge clk_i) disable iff (!rst_ni)  gen_instr_scan[1].i_instr_scan.rvc_jalr_o |-> ##1 i_instr_queue.instr_queue_usage[1][1]);
  * assert property (@(posedge clk_i) disable iff (!rst_ni)  gen_instr_scan[1].i_instr_scan.rvc_jalr_o |-> ##1 i_instr_queue.ready_o);
  * assert property (@(posedge clk_i) disable iff (!rst_ni)  gen_instr_scan[1].i_instr_scan.rvc_jalr_o |-> ##1 i_ras.data_o.valid);
  * assert property (@(posedge clk_i) disable iff (!rst_ni)  gen_instr_scan[1].i_instr_scan.rvc_jalr_o |-> ##1 i_ras.stack_d[0].valid);
  * assert property (@(posedge clk_i) disable iff (!rst_ni)  gen_instr_scan[1].i_instr_scan.rvc_jalr_o |-> ##1 i_ras.stack_q[0].valid);
  * assert property (@(posedge clk_i) disable iff (!rst_ni)  gen_instr_scan[1].i_instr_scan.rvc_jalr_o |-> ##1 icache_dreq_o.req);
  * assert property (@(posedge clk_i) disable iff (!rst_ni)  gen_instr_scan[1].i_instr_scan.rvc_jalr_o |-> ##1 instr_queue_ready);
  * assert property (@(posedge clk_i) disable iff (!rst_ni)  gen_instr_scan[1].i_instr_scan.rvc_jalr_o |-> ##1 ras_predict.valid);
  * assert property (@(posedge clk_i) disable iff (!rst_ni)  gen_instr_scan[1].i_instr_scan.rvc_jr_o |-> ##1 i_instr_queue.branch_empty);
  * assert property (@(posedge clk_i) disable iff (!rst_ni)  gen_instr_scan[1].i_instr_scan.rvc_jump_o |-> ##1 i_instr_queue.branch_empty);
  * assert property (@(posedge clk_i) disable iff (!rst_ni)  gen_instr_scan[1].i_instr_scan.rvc_jump_o |-> ##1 i_instr_queue.gen_instr_fifo[0].i_fifo_instr_data.write_pointer_n[1]);
  * assert property (@(posedge clk_i) disable iff (!rst_ni)  gen_instr_scan[1].i_instr_scan.rvc_jump_o |-> ##1 i_instr_queue.gen_instr_fifo[0].i_fifo_instr_data.write_pointer_q[1]);
  * assert property (@(posedge clk_i) disable iff (!rst_ni)  gen_instr_scan[1].i_instr_scan.rvc_jump_o |-> ##1 i_ras.data_o.valid);
  * assert property (@(posedge clk_i) disable iff (!rst_ni)  gen_instr_scan[1].i_instr_scan.rvc_jump_o |-> ##1 i_ras.stack_d[0].valid);
  * assert property (@(posedge clk_i) disable iff (!rst_ni)  gen_instr_scan[1].i_instr_scan.rvc_jump_o |-> ##1 i_ras.stack_d[1].valid);
  * assert property (@(posedge clk_i) disable iff (!rst_ni)  gen_instr_scan[1].i_instr_scan.rvc_jump_o |-> ##1 i_ras.stack_q[0].valid);
  * assert property (@(posedge clk_i) disable iff (!rst_ni)  gen_instr_scan[1].i_instr_scan.rvc_jump_o |-> ##1 i_ras.stack_q[1].valid);
  * assert property (@(posedge clk_i) disable iff (!rst_ni)  gen_instr_scan[1].i_instr_scan.rvc_jump_o |-> ##1 ras_predict.valid);
  * assert property (@(posedge clk_i) disable iff (!rst_ni)  gen_instr_scan[1].i_instr_scan.rvc_return_o |-> ##1 i_instr_queue.branch_empty);
  * assert property (@(posedge clk_i) disable iff (!rst_ni)  i_bht.bht_prediction_o[0].taken |-> ##1 i_ras.data_o.valid);
  * assert property (@(posedge clk_i) disable iff (!rst_ni)  i_bht.bht_prediction_o[0].taken |-> ##1 i_ras.stack_d[0].valid);
  * assert property (@(posedge clk_i) disable iff (!rst_ni)  i_bht.bht_prediction_o[0].taken |-> ##1 i_ras.stack_q[0].valid);
  * assert property (@(posedge clk_i) disable iff (!rst_ni)  i_bht.bht_prediction_o[0].taken |-> ##1 ras_predict.valid);
  * assert property (@(posedge clk_i) disable iff (!rst_ni)  i_bht.bht_update_i.taken |-> ##1 i_instr_queue.branch_empty);
  * assert property (@(posedge clk_i) disable iff (!rst_ni)  i_bht.bht_update_i.taken |-> ##1 i_instr_queue.gen_instr_fifo[0].i_fifo_instr_data.empty_o);
  * assert property (@(posedge clk_i) disable iff (!rst_ni)  i_bht.bht_update_i.taken |-> ##1 i_instr_queue.gen_instr_fifo[0].i_fifo_instr_data.gate_clock);
  * assert property (@(posedge clk_i) disable iff (!rst_ni)  i_bht.bht_update_i.taken |-> ##1 i_instr_queue.gen_instr_fifo[1].i_fifo_instr_data.empty_o);
  * assert property (@(posedge clk_i) disable iff (!rst_ni)  i_bht.bht_update_i.taken |-> ##1 i_instr_queue.gen_instr_fifo[1].i_fifo_instr_data.gate_clock);
  * assert property (@(posedge clk_i) disable iff (!rst_ni)  i_bht.bht_update_i.taken |-> ##1 i_instr_queue.instr_queue_empty[0]);
  * assert property (@(posedge clk_i) disable iff (!rst_ni)  i_bht.bht_update_i.taken |-> ##1 i_instr_queue.instr_queue_empty[1]);
  * assert property (@(posedge clk_i) disable iff (!rst_ni)  i_bht.bht_update_i.taken |-> ##1 i_instr_queue.ready_o);
  * assert property (@(posedge clk_i) disable iff (!rst_ni)  i_bht.bht_update_i.taken |-> ##1 icache_dreq_o.req);
  * assert property (@(posedge clk_i) disable iff (!rst_ni)  i_bht.bht_update_i.taken |-> ##1 instr_queue_ready);
  * assert property (@(posedge clk_i) disable iff (!rst_ni)  i_bht.bht_update_i.valid |-> ##1 debug_mode_i);
  * assert property (@(posedge clk_i) disable iff (!rst_ni)  i_bht.bht_update_i.valid |-> ##1 gen_instr_scan[0].i_instr_scan.rvi_branch_o);
  * assert property (@(posedge clk_i) disable iff (!rst_ni)  i_bht.bht_update_i.valid |-> ##1 i_bht.debug_mode_i);
  * assert property (@(posedge clk_i) disable iff (!rst_ni)  i_bht.bht_update_i.valid |-> ##1 i_btb.debug_mode_i);
  * assert property (@(posedge clk_i) disable iff (!rst_ni)  i_bht.bht_update_i.valid |-> ##1 i_instr_queue.branch_empty);
  * assert property (@(posedge clk_i) disable iff (!rst_ni)  i_bht.bht_update_i.valid |-> ##1 i_instr_queue.gen_instr_fifo[0].i_fifo_instr_data.empty_o);
  * assert property (@(posedge clk_i) disable iff (!rst_ni)  i_bht.bht_update_i.valid |-> ##1 i_instr_queue.gen_instr_fifo[0].i_fifo_instr_data.gate_clock);
  * assert property (@(posedge clk_i) disable iff (!rst_ni)  i_bht.bht_update_i.valid |-> ##1 i_instr_queue.gen_instr_fifo[1].i_fifo_instr_data.empty_o);
  * assert property (@(posedge clk_i) disable iff (!rst_ni)  i_bht.bht_update_i.valid |-> ##1 i_instr_queue.gen_instr_fifo[1].i_fifo_instr_data.gate_clock);
  * assert property (@(posedge clk_i) disable iff (!rst_ni)  i_bht.bht_update_i.valid |-> ##1 i_instr_queue.idx_ds_d[0]);
  * assert property (@(posedge clk_i) disable iff (!rst_ni)  i_bht.bht_update_i.valid |-> ##1 i_instr_queue.idx_ds_q[0]);
  * assert property (@(posedge clk_i) disable iff (!rst_ni)  i_bht.bht_update_i.valid |-> ##1 i_instr_queue.instr_queue_empty[0]);
  * assert property (@(posedge clk_i) disable iff (!rst_ni)  i_bht.bht_update_i.valid |-> ##1 i_instr_queue.instr_queue_empty[1]);
  * assert property (@(posedge clk_i) disable iff (!rst_ni)  i_bht.bht_update_i.valid |-> ##1 i_instr_queue.ready_o);
  * assert property (@(posedge clk_i) disable iff (!rst_ni)  i_bht.bht_update_i.valid |-> ##1 icache_dreq_o.req);
  * assert property (@(posedge clk_i) disable iff (!rst_ni)  i_bht.bht_update_i.valid |-> ##1 instr_queue_ready);
  * assert property (@(posedge clk_i) disable iff (!rst_ni)  i_bht.bht_update_i.valid |-> ##1 rvi_branch[0]);
  * assert property (@(posedge clk_i) disable iff (!rst_ni)  i_bht.debug_mode_i |-> ##1 i_instr_queue.ready_o);
  * assert property (@(posedge clk_i) disable iff (!rst_ni)  i_bht.debug_mode_i |-> ##1 icache_dreq_o.req);
  * assert property (@(posedge clk_i) disable iff (!rst_ni)  i_bht.debug_mode_i |-> ##1 instr_queue_ready);
  * assert property (@(posedge clk_i) disable iff (!rst_ni)  i_btb.btb_prediction_o[0].valid |-> ##1 i_instr_queue.branch_empty);
  * assert property (@(posedge clk_i) disable iff (!rst_ni)  i_btb.btb_prediction_o[0].valid |-> ##1 i_instr_queue.ready_o);
  * assert property (@(posedge clk_i) disable iff (!rst_ni)  i_btb.btb_prediction_o[0].valid |-> ##1 icache_dreq_o.req);
  * assert property (@(posedge clk_i) disable iff (!rst_ni)  i_btb.btb_prediction_o[0].valid |-> ##1 instr_queue_ready);
  * assert property (@(posedge clk_i) disable iff (!rst_ni)  i_btb.btb_update_i.valid |-> ##1 btb_prediction[0].valid);
  * assert property (@(posedge clk_i) disable iff (!rst_ni)  i_btb.btb_update_i.valid |-> ##1 btb_prediction_shifted[0].valid);
  * assert property (@(posedge clk_i) disable iff (!rst_ni)  i_btb.btb_update_i.valid |-> ##1 gen_instr_scan[0].i_instr_scan.is_jal_r);
  * assert property (@(posedge clk_i) disable iff (!rst_ni)  i_btb.btb_update_i.valid |-> ##1 gen_instr_scan[0].i_instr_scan.is_rvc);
  * assert property (@(posedge clk_i) disable iff (!rst_ni)  i_btb.btb_update_i.valid |-> ##1 gen_instr_scan[0].i_instr_scan.rvc_jr_o);
  * assert property (@(posedge clk_i) disable iff (!rst_ni)  i_btb.btb_update_i.valid |-> ##1 i_btb.btb_prediction_o[0].valid);
  * assert property (@(posedge clk_i) disable iff (!rst_ni)  i_btb.btb_update_i.valid |-> ##1 i_instr_queue.branch_empty);
  * assert property (@(posedge clk_i) disable iff (!rst_ni)  i_btb.btb_update_i.valid |-> ##1 i_instr_queue.gen_instr_fifo[0].i_fifo_instr_data.gate_clock);
  * assert property (@(posedge clk_i) disable iff (!rst_ni)  i_btb.btb_update_i.valid |-> ##1 i_instr_queue.gen_instr_fifo[1].i_fifo_instr_data.gate_clock);
  * assert property (@(posedge clk_i) disable iff (!rst_ni)  i_btb.btb_update_i.valid |-> ##1 rvc_jr[0]);
  * assert property (@(posedge clk_i) disable iff (!rst_ni)  i_btb.debug_mode_i |-> ##1 i_instr_queue.ready_o);
  * assert property (@(posedge clk_i) disable iff (!rst_ni)  i_btb.debug_mode_i |-> ##1 icache_dreq_o.req);
  * assert property (@(posedge clk_i) disable iff (!rst_ni)  i_btb.debug_mode_i |-> ##1 instr_queue_ready);
  * assert property (@(posedge clk_i) disable iff (!rst_ni)  i_instr_queue.branch_empty |-> ##1 i_instr_queue.ready_o);
  * assert property (@(posedge clk_i) disable iff (!rst_ni)  i_instr_queue.branch_empty |-> ##1 icache_dreq_o.req);
  * assert property (@(posedge clk_i) disable iff (!rst_ni)  i_instr_queue.branch_empty |-> ##1 instr_queue_ready);
  * assert property (@(posedge clk_i) disable iff (!rst_ni)  i_instr_queue.consumed_o[0] |-> ##1 i_instr_queue.branch_empty);
  * assert property (@(posedge clk_i) disable iff (!rst_ni)  i_instr_queue.consumed_o[0] |-> ##1 i_instr_queue.ready_o);
  * assert property (@(posedge clk_i) disable iff (!rst_ni)  i_instr_queue.consumed_o[0] |-> ##1 icache_dreq_o.req);
  * assert property (@(posedge clk_i) disable iff (!rst_ni)  i_instr_queue.consumed_o[0] |-> ##1 instr_queue_ready);
  * assert property (@(posedge clk_i) disable iff (!rst_ni)  i_instr_queue.consumed_o[1] |-> ##1 gen_instr_scan[0].i_instr_scan.is_rvc);
  * assert property (@(posedge clk_i) disable iff (!rst_ni)  i_instr_queue.consumed_o[1] |-> ##1 i_instr_queue.branch_empty);
  * assert property (@(posedge clk_i) disable iff (!rst_ni)  i_instr_queue.consumed_o[1] |-> ##1 i_instr_queue.ready_o);
  * assert property (@(posedge clk_i) disable iff (!rst_ni)  i_instr_queue.consumed_o[1] |-> ##1 icache_dreq_o.req);
  * assert property (@(posedge clk_i) disable iff (!rst_ni)  i_instr_queue.consumed_o[1] |-> ##1 instr_queue_ready);
  * assert property (@(posedge clk_i) disable iff (!rst_ni)  i_instr_queue.fetch_entry_ready_i |-> ##1 i_instr_queue.branch_empty);
  * assert property (@(posedge clk_i) disable iff (!rst_ni)  i_instr_queue.fetch_entry_ready_i |-> ##1 i_instr_queue.ready_o);
  * assert property (@(posedge clk_i) disable iff (!rst_ni)  i_instr_queue.fetch_entry_ready_i |-> ##1 icache_dreq_o.req);
  * assert property (@(posedge clk_i) disable iff (!rst_ni)  i_instr_queue.fetch_entry_ready_i |-> ##1 instr_queue_ready);
  * assert property (@(posedge clk_i) disable iff (!rst_ni)  i_instr_queue.fetch_entry_valid_o |-> ##1 i_instr_queue.branch_empty);
  * assert property (@(posedge clk_i) disable iff (!rst_ni)  i_instr_queue.fetch_entry_valid_o |-> ##1 i_instr_queue.ready_o);
  * assert property (@(posedge clk_i) disable iff (!rst_ni)  i_instr_queue.fetch_entry_valid_o |-> ##1 icache_dreq_o.req);
  * assert property (@(posedge clk_i) disable iff (!rst_ni)  i_instr_queue.fetch_entry_valid_o |-> ##1 instr_queue_ready);
  * assert property (@(posedge clk_i) disable iff (!rst_ni)  i_instr_queue.fifo_pos[0] |-> ##1 i_instr_queue.branch_empty);
  * assert property (@(posedge clk_i) disable iff (!rst_ni)  i_instr_queue.fifo_pos[0] |-> ##1 i_instr_queue.ready_o);
  * assert property (@(posedge clk_i) disable iff (!rst_ni)  i_instr_queue.fifo_pos[0] |-> ##1 icache_dreq_o.req);
  * assert property (@(posedge clk_i) disable iff (!rst_ni)  i_instr_queue.fifo_pos[0] |-> ##1 instr_queue_ready);
  * assert property (@(posedge clk_i) disable iff (!rst_ni)  i_instr_queue.fifo_pos[1] |-> ##1 i_instr_queue.branch_empty);
  * assert property (@(posedge clk_i) disable iff (!rst_ni)  i_instr_queue.fifo_pos[1] |-> ##1 i_instr_queue.ready_o);
  * assert property (@(posedge clk_i) disable iff (!rst_ni)  i_instr_queue.fifo_pos[1] |-> ##1 icache_dreq_o.req);
  * assert property (@(posedge clk_i) disable iff (!rst_ni)  i_instr_queue.fifo_pos[1] |-> ##1 instr_queue_ready);
  * assert property (@(posedge clk_i) disable iff (!rst_ni)  i_instr_queue.flush_i |-> ##1 i_instr_queue.branch_empty);
  * assert property (@(posedge clk_i) disable iff (!rst_ni)  i_instr_queue.flush_i |-> ##1 i_instr_queue.gen_instr_fifo[0].i_fifo_instr_data.gate_clock);
  * assert property (@(posedge clk_i) disable iff (!rst_ni)  i_instr_queue.flush_i |-> ##1 i_instr_queue.gen_instr_fifo[1].i_fifo_instr_data.gate_clock);
  * assert property (@(posedge clk_i) disable iff (!rst_ni)  i_instr_queue.gen_instr_fifo[0].i_fifo_instr_data.flush_i |-> ##1 i_instr_queue.branch_empty);
  * assert property (@(posedge clk_i) disable iff (!rst_ni)  i_instr_queue.gen_instr_fifo[0].i_fifo_instr_data.flush_i |-> ##1 i_instr_queue.gen_instr_fifo[0].i_fifo_instr_data.gate_clock);
  * assert property (@(posedge clk_i) disable iff (!rst_ni)  i_instr_queue.gen_instr_fifo[0].i_fifo_instr_data.flush_i |-> ##1 i_instr_queue.gen_instr_fifo[1].i_fifo_instr_data.gate_clock);
  * assert property (@(posedge clk_i) disable iff (!rst_ni)  i_instr_queue.gen_instr_fifo[0].i_fifo_instr_data.gate_clock |-> ##1 i_instr_queue.ready_o);
  * assert property (@(posedge clk_i) disable iff (!rst_ni)  i_instr_queue.gen_instr_fifo[0].i_fifo_instr_data.gate_clock |-> ##1 icache_dreq_o.req);
  * assert property (@(posedge clk_i) disable iff (!rst_ni)  i_instr_queue.gen_instr_fifo[0].i_fifo_instr_data.gate_clock |-> ##1 instr_queue_ready);
  * assert property (@(posedge clk_i) disable iff (!rst_ni)  i_instr_queue.gen_instr_fifo[0].i_fifo_instr_data.pop_i |-> ##1 i_instr_queue.branch_empty);
  * assert property (@(posedge clk_i) disable iff (!rst_ni)  i_instr_queue.gen_instr_fifo[0].i_fifo_instr_data.pop_i |-> ##1 i_instr_queue.gen_instr_fifo[0].i_fifo_instr_data.empty_o);
  * assert property (@(posedge clk_i) disable iff (!rst_ni)  i_instr_queue.gen_instr_fifo[0].i_fifo_instr_data.pop_i |-> ##1 i_instr_queue.instr_queue_empty[0]);
  * assert property (@(posedge clk_i) disable iff (!rst_ni)  i_instr_queue.gen_instr_fifo[0].i_fifo_instr_data.pop_i |-> ##1 i_instr_queue.ready_o);
  * assert property (@(posedge clk_i) disable iff (!rst_ni)  i_instr_queue.gen_instr_fifo[0].i_fifo_instr_data.pop_i |-> ##1 icache_dreq_o.req);
  * assert property (@(posedge clk_i) disable iff (!rst_ni)  i_instr_queue.gen_instr_fifo[0].i_fifo_instr_data.pop_i |-> ##1 instr_queue_ready);
  * assert property (@(posedge clk_i) disable iff (!rst_ni)  i_instr_queue.gen_instr_fifo[0].i_fifo_instr_data.push_i |-> ##1 i_instr_queue.branch_empty);
  * assert property (@(posedge clk_i) disable iff (!rst_ni)  i_instr_queue.gen_instr_fifo[0].i_fifo_instr_data.push_i |-> ##1 i_instr_queue.ready_o);
  * assert property (@(posedge clk_i) disable iff (!rst_ni)  i_instr_queue.gen_instr_fifo[0].i_fifo_instr_data.push_i |-> ##1 icache_dreq_o.req);
  * assert property (@(posedge clk_i) disable iff (!rst_ni)  i_instr_queue.gen_instr_fifo[0].i_fifo_instr_data.push_i |-> ##1 instr_queue_ready);
  * assert property (@(posedge clk_i) disable iff (!rst_ni)  i_instr_queue.gen_instr_fifo[0].i_fifo_instr_data.read_pointer_n[0] |-> ##1 i_instr_queue.ready_o);
  * assert property (@(posedge clk_i) disable iff (!rst_ni)  i_instr_queue.gen_instr_fifo[0].i_fifo_instr_data.read_pointer_n[0] |-> ##1 icache_dreq_o.req);
  * assert property (@(posedge clk_i) disable iff (!rst_ni)  i_instr_queue.gen_instr_fifo[0].i_fifo_instr_data.read_pointer_n[0] |-> ##1 instr_queue_ready);
  * assert property (@(posedge clk_i) disable iff (!rst_ni)  i_instr_queue.gen_instr_fifo[0].i_fifo_instr_data.read_pointer_n[1] |-> ##1 i_instr_queue.ready_o);
  * assert property (@(posedge clk_i) disable iff (!rst_ni)  i_instr_queue.gen_instr_fifo[0].i_fifo_instr_data.read_pointer_n[1] |-> ##1 icache_dreq_o.req);
  * assert property (@(posedge clk_i) disable iff (!rst_ni)  i_instr_queue.gen_instr_fifo[0].i_fifo_instr_data.read_pointer_n[1] |-> ##1 instr_queue_ready);
  * assert property (@(posedge clk_i) disable iff (!rst_ni)  i_instr_queue.gen_instr_fifo[0].i_fifo_instr_data.read_pointer_q[0] |-> ##1 i_instr_queue.ready_o);
  * assert property (@(posedge clk_i) disable iff (!rst_ni)  i_instr_queue.gen_instr_fifo[0].i_fifo_instr_data.read_pointer_q[0] |-> ##1 icache_dreq_o.req);
  * assert property (@(posedge clk_i) disable iff (!rst_ni)  i_instr_queue.gen_instr_fifo[0].i_fifo_instr_data.read_pointer_q[0] |-> ##1 instr_queue_ready);
  * assert property (@(posedge clk_i) disable iff (!rst_ni)  i_instr_queue.gen_instr_fifo[0].i_fifo_instr_data.read_pointer_q[1] |-> ##1 i_instr_queue.ready_o);
  * assert property (@(posedge clk_i) disable iff (!rst_ni)  i_instr_queue.gen_instr_fifo[0].i_fifo_instr_data.read_pointer_q[1] |-> ##1 icache_dreq_o.req);
  * assert property (@(posedge clk_i) disable iff (!rst_ni)  i_instr_queue.gen_instr_fifo[0].i_fifo_instr_data.read_pointer_q[1] |-> ##1 instr_queue_ready);
  * assert property (@(posedge clk_i) disable iff (!rst_ni)  i_instr_queue.gen_instr_fifo[0].i_fifo_instr_data.usage_o[0] |-> ##1 i_instr_queue.branch_empty);
  * assert property (@(posedge clk_i) disable iff (!rst_ni)  i_instr_queue.gen_instr_fifo[0].i_fifo_instr_data.usage_o[0] |-> ##1 i_instr_queue.ready_o);
  * assert property (@(posedge clk_i) disable iff (!rst_ni)  i_instr_queue.gen_instr_fifo[0].i_fifo_instr_data.usage_o[0] |-> ##1 icache_dreq_o.req);
  * assert property (@(posedge clk_i) disable iff (!rst_ni)  i_instr_queue.gen_instr_fifo[0].i_fifo_instr_data.usage_o[0] |-> ##1 instr_queue_ready);
  * assert property (@(posedge clk_i) disable iff (!rst_ni)  i_instr_queue.gen_instr_fifo[0].i_fifo_instr_data.write_pointer_n[0] |-> ##1 i_instr_queue.ready_o);
  * assert property (@(posedge clk_i) disable iff (!rst_ni)  i_instr_queue.gen_instr_fifo[0].i_fifo_instr_data.write_pointer_n[0] |-> ##1 icache_dreq_o.req);
  * assert property (@(posedge clk_i) disable iff (!rst_ni)  i_instr_queue.gen_instr_fifo[0].i_fifo_instr_data.write_pointer_n[0] |-> ##1 instr_queue_ready);
  * assert property (@(posedge clk_i) disable iff (!rst_ni)  i_instr_queue.gen_instr_fifo[0].i_fifo_instr_data.write_pointer_n[1] |-> ##1 i_instr_queue.ready_o);
  * assert property (@(posedge clk_i) disable iff (!rst_ni)  i_instr_queue.gen_instr_fifo[0].i_fifo_instr_data.write_pointer_n[1] |-> ##1 icache_dreq_o.req);
  * assert property (@(posedge clk_i) disable iff (!rst_ni)  i_instr_queue.gen_instr_fifo[0].i_fifo_instr_data.write_pointer_n[1] |-> ##1 instr_queue_ready);
  * assert property (@(posedge clk_i) disable iff (!rst_ni)  i_instr_queue.gen_instr_fifo[0].i_fifo_instr_data.write_pointer_q[0] |-> ##1 i_instr_queue.ready_o);
  * assert property (@(posedge clk_i) disable iff (!rst_ni)  i_instr_queue.gen_instr_fifo[0].i_fifo_instr_data.write_pointer_q[0] |-> ##1 icache_dreq_o.req);
  * assert property (@(posedge clk_i) disable iff (!rst_ni)  i_instr_queue.gen_instr_fifo[0].i_fifo_instr_data.write_pointer_q[0] |-> ##1 instr_queue_ready);
  * assert property (@(posedge clk_i) disable iff (!rst_ni)  i_instr_queue.gen_instr_fifo[0].i_fifo_instr_data.write_pointer_q[1] |-> ##1 i_instr_queue.ready_o);
  * assert property (@(posedge clk_i) disable iff (!rst_ni)  i_instr_queue.gen_instr_fifo[0].i_fifo_instr_data.write_pointer_q[1] |-> ##1 icache_dreq_o.req);
  * assert property (@(posedge clk_i) disable iff (!rst_ni)  i_instr_queue.gen_instr_fifo[0].i_fifo_instr_data.write_pointer_q[1] |-> ##1 instr_queue_ready);
  * assert property (@(posedge clk_i) disable iff (!rst_ni)  i_instr_queue.gen_instr_fifo[1].i_fifo_instr_data.flush_i |-> ##1 i_instr_queue.branch_empty);
  * assert property (@(posedge clk_i) disable iff (!rst_ni)  i_instr_queue.gen_instr_fifo[1].i_fifo_instr_data.flush_i |-> ##1 i_instr_queue.gen_instr_fifo[0].i_fifo_instr_data.gate_clock);
  * assert property (@(posedge clk_i) disable iff (!rst_ni)  i_instr_queue.gen_instr_fifo[1].i_fifo_instr_data.flush_i |-> ##1 i_instr_queue.gen_instr_fifo[1].i_fifo_instr_data.gate_clock);
  * assert property (@(posedge clk_i) disable iff (!rst_ni)  i_instr_queue.gen_instr_fifo[1].i_fifo_instr_data.gate_clock |-> ##1 i_instr_queue.ready_o);
  * assert property (@(posedge clk_i) disable iff (!rst_ni)  i_instr_queue.gen_instr_fifo[1].i_fifo_instr_data.gate_clock |-> ##1 icache_dreq_o.req);
  * assert property (@(posedge clk_i) disable iff (!rst_ni)  i_instr_queue.gen_instr_fifo[1].i_fifo_instr_data.gate_clock |-> ##1 instr_queue_ready);
  * assert property (@(posedge clk_i) disable iff (!rst_ni)  i_instr_queue.gen_instr_fifo[1].i_fifo_instr_data.pop_i |-> ##1 i_instr_queue.branch_empty);
  * assert property (@(posedge clk_i) disable iff (!rst_ni)  i_instr_queue.gen_instr_fifo[1].i_fifo_instr_data.pop_i |-> ##1 i_instr_queue.ready_o);
  * assert property (@(posedge clk_i) disable iff (!rst_ni)  i_instr_queue.gen_instr_fifo[1].i_fifo_instr_data.pop_i |-> ##1 icache_dreq_o.req);
  * assert property (@(posedge clk_i) disable iff (!rst_ni)  i_instr_queue.gen_instr_fifo[1].i_fifo_instr_data.pop_i |-> ##1 instr_queue_ready);
  * assert property (@(posedge clk_i) disable iff (!rst_ni)  i_instr_queue.gen_instr_fifo[1].i_fifo_instr_data.push_i |-> ##1 i_instr_queue.branch_empty);
  * assert property (@(posedge clk_i) disable iff (!rst_ni)  i_instr_queue.gen_instr_fifo[1].i_fifo_instr_data.push_i |-> ##1 i_instr_queue.ready_o);
  * assert property (@(posedge clk_i) disable iff (!rst_ni)  i_instr_queue.gen_instr_fifo[1].i_fifo_instr_data.push_i |-> ##1 icache_dreq_o.req);
  * assert property (@(posedge clk_i) disable iff (!rst_ni)  i_instr_queue.gen_instr_fifo[1].i_fifo_instr_data.push_i |-> ##1 instr_queue_ready);
  * assert property (@(posedge clk_i) disable iff (!rst_ni)  i_instr_queue.gen_instr_fifo[1].i_fifo_instr_data.read_pointer_n[0] |-> ##1 i_instr_queue.ready_o);
  * assert property (@(posedge clk_i) disable iff (!rst_ni)  i_instr_queue.gen_instr_fifo[1].i_fifo_instr_data.read_pointer_n[0] |-> ##1 icache_dreq_o.req);
  * assert property (@(posedge clk_i) disable iff (!rst_ni)  i_instr_queue.gen_instr_fifo[1].i_fifo_instr_data.read_pointer_n[0] |-> ##1 instr_queue_ready);
  * assert property (@(posedge clk_i) disable iff (!rst_ni)  i_instr_queue.gen_instr_fifo[1].i_fifo_instr_data.read_pointer_n[1] |-> ##1 i_instr_queue.ready_o);
  * assert property (@(posedge clk_i) disable iff (!rst_ni)  i_instr_queue.gen_instr_fifo[1].i_fifo_instr_data.read_pointer_n[1] |-> ##1 icache_dreq_o.req);
  * assert property (@(posedge clk_i) disable iff (!rst_ni)  i_instr_queue.gen_instr_fifo[1].i_fifo_instr_data.read_pointer_n[1] |-> ##1 instr_queue_ready);
  * assert property (@(posedge clk_i) disable iff (!rst_ni)  i_instr_queue.gen_instr_fifo[1].i_fifo_instr_data.read_pointer_q[0] |-> ##1 i_instr_queue.ready_o);
  * assert property (@(posedge clk_i) disable iff (!rst_ni)  i_instr_queue.gen_instr_fifo[1].i_fifo_instr_data.read_pointer_q[0] |-> ##1 icache_dreq_o.req);
  * assert property (@(posedge clk_i) disable iff (!rst_ni)  i_instr_queue.gen_instr_fifo[1].i_fifo_instr_data.read_pointer_q[0] |-> ##1 instr_queue_ready);
  * assert property (@(posedge clk_i) disable iff (!rst_ni)  i_instr_queue.gen_instr_fifo[1].i_fifo_instr_data.read_pointer_q[1] |-> ##1 i_instr_queue.ready_o);
  * assert property (@(posedge clk_i) disable iff (!rst_ni)  i_instr_queue.gen_instr_fifo[1].i_fifo_instr_data.read_pointer_q[1] |-> ##1 icache_dreq_o.req);
  * assert property (@(posedge clk_i) disable iff (!rst_ni)  i_instr_queue.gen_instr_fifo[1].i_fifo_instr_data.read_pointer_q[1] |-> ##1 instr_queue_ready);
  * assert property (@(posedge clk_i) disable iff (!rst_ni)  i_instr_queue.gen_instr_fifo[1].i_fifo_instr_data.usage_o[0] |-> ##1 i_instr_queue.branch_empty);
  * assert property (@(posedge clk_i) disable iff (!rst_ni)  i_instr_queue.gen_instr_fifo[1].i_fifo_instr_data.usage_o[0] |-> ##1 i_instr_queue.ready_o);
  * assert property (@(posedge clk_i) disable iff (!rst_ni)  i_instr_queue.gen_instr_fifo[1].i_fifo_instr_data.usage_o[0] |-> ##1 icache_dreq_o.req);
  * assert property (@(posedge clk_i) disable iff (!rst_ni)  i_instr_queue.gen_instr_fifo[1].i_fifo_instr_data.usage_o[0] |-> ##1 instr_queue_ready);
  * assert property (@(posedge clk_i) disable iff (!rst_ni)  i_instr_queue.gen_instr_fifo[1].i_fifo_instr_data.write_pointer_n[0] |-> ##1 i_instr_queue.ready_o);
  * assert property (@(posedge clk_i) disable iff (!rst_ni)  i_instr_queue.gen_instr_fifo[1].i_fifo_instr_data.write_pointer_n[0] |-> ##1 icache_dreq_o.req);
  * assert property (@(posedge clk_i) disable iff (!rst_ni)  i_instr_queue.gen_instr_fifo[1].i_fifo_instr_data.write_pointer_n[0] |-> ##1 instr_queue_ready);
  * assert property (@(posedge clk_i) disable iff (!rst_ni)  i_instr_queue.gen_instr_fifo[1].i_fifo_instr_data.write_pointer_n[1] |-> ##1 i_instr_queue.ready_o);
  * assert property (@(posedge clk_i) disable iff (!rst_ni)  i_instr_queue.gen_instr_fifo[1].i_fifo_instr_data.write_pointer_n[1] |-> ##1 icache_dreq_o.req);
  * assert property (@(posedge clk_i) disable iff (!rst_ni)  i_instr_queue.gen_instr_fifo[1].i_fifo_instr_data.write_pointer_n[1] |-> ##1 instr_queue_ready);
  * assert property (@(posedge clk_i) disable iff (!rst_ni)  i_instr_queue.gen_instr_fifo[1].i_fifo_instr_data.write_pointer_q[0] |-> ##1 i_instr_queue.ready_o);
  * assert property (@(posedge clk_i) disable iff (!rst_ni)  i_instr_queue.gen_instr_fifo[1].i_fifo_instr_data.write_pointer_q[0] |-> ##1 icache_dreq_o.req);
  * assert property (@(posedge clk_i) disable iff (!rst_ni)  i_instr_queue.gen_instr_fifo[1].i_fifo_instr_data.write_pointer_q[0] |-> ##1 instr_queue_ready);
  * assert property (@(posedge clk_i) disable iff (!rst_ni)  i_instr_queue.gen_instr_fifo[1].i_fifo_instr_data.write_pointer_q[1] |-> ##1 i_instr_queue.ready_o);
  * assert property (@(posedge clk_i) disable iff (!rst_ni)  i_instr_queue.gen_instr_fifo[1].i_fifo_instr_data.write_pointer_q[1] |-> ##1 icache_dreq_o.req);
  * assert property (@(posedge clk_i) disable iff (!rst_ni)  i_instr_queue.gen_instr_fifo[1].i_fifo_instr_data.write_pointer_q[1] |-> ##1 instr_queue_ready);
  * assert property (@(posedge clk_i) disable iff (!rst_ni)  i_instr_queue.i_popcount.left_child_result[0] |-> ##1 i_instr_queue.branch_empty);
  * assert property (@(posedge clk_i) disable iff (!rst_ni)  i_instr_queue.i_popcount.left_child_result[0] |-> ##1 i_instr_queue.ready_o);
  * assert property (@(posedge clk_i) disable iff (!rst_ni)  i_instr_queue.i_popcount.left_child_result[0] |-> ##1 icache_dreq_o.req);
  * assert property (@(posedge clk_i) disable iff (!rst_ni)  i_instr_queue.i_popcount.left_child_result[0] |-> ##1 instr_queue_ready);
  * assert property (@(posedge clk_i) disable iff (!rst_ni)  i_instr_queue.i_popcount.padded_input[0] |-> ##1 i_instr_queue.branch_empty);
  * assert property (@(posedge clk_i) disable iff (!rst_ni)  i_instr_queue.i_popcount.padded_input[0] |-> ##1 i_instr_queue.ready_o);
  * assert property (@(posedge clk_i) disable iff (!rst_ni)  i_instr_queue.i_popcount.padded_input[0] |-> ##1 icache_dreq_o.req);
  * assert property (@(posedge clk_i) disable iff (!rst_ni)  i_instr_queue.i_popcount.padded_input[0] |-> ##1 instr_queue_ready);
  * assert property (@(posedge clk_i) disable iff (!rst_ni)  i_instr_queue.i_popcount.padded_input[1] |-> ##1 i_instr_queue.branch_empty);
  * assert property (@(posedge clk_i) disable iff (!rst_ni)  i_instr_queue.i_popcount.padded_input[1] |-> ##1 i_instr_queue.ready_o);
  * assert property (@(posedge clk_i) disable iff (!rst_ni)  i_instr_queue.i_popcount.padded_input[1] |-> ##1 icache_dreq_o.req);
  * assert property (@(posedge clk_i) disable iff (!rst_ni)  i_instr_queue.i_popcount.padded_input[1] |-> ##1 instr_queue_ready);
  * assert property (@(posedge clk_i) disable iff (!rst_ni)  i_instr_queue.i_popcount.popcount_o[0] |-> ##1 fetch_entry_ready_i);
  * assert property (@(posedge clk_i) disable iff (!rst_ni)  i_instr_queue.i_popcount.popcount_o[0] |-> ##1 fetch_entry_valid_o);
  * assert property (@(posedge clk_i) disable iff (!rst_ni)  i_instr_queue.i_popcount.popcount_o[0] |-> ##1 i_instr_queue.branch_empty);
  * assert property (@(posedge clk_i) disable iff (!rst_ni)  i_instr_queue.i_popcount.popcount_o[0] |-> ##1 i_instr_queue.fetch_entry_ready_i);
  * assert property (@(posedge clk_i) disable iff (!rst_ni)  i_instr_queue.i_popcount.popcount_o[0] |-> ##1 i_instr_queue.fetch_entry_valid_o);
  * assert property (@(posedge clk_i) disable iff (!rst_ni)  i_instr_queue.i_popcount.popcount_o[0] |-> ##1 i_instr_queue.gen_instr_fifo[0].i_fifo_instr_data.gate_clock);
  * assert property (@(posedge clk_i) disable iff (!rst_ni)  i_instr_queue.i_popcount.popcount_o[0] |-> ##1 i_instr_queue.gen_instr_fifo[1].i_fifo_instr_data.gate_clock);
  * assert property (@(posedge clk_i) disable iff (!rst_ni)  i_instr_queue.i_popcount.popcount_o[0] |-> ##1 i_instr_queue.ready_o);
  * assert property (@(posedge clk_i) disable iff (!rst_ni)  i_instr_queue.i_popcount.popcount_o[0] |-> ##1 icache_dreq_o.req);
  * assert property (@(posedge clk_i) disable iff (!rst_ni)  i_instr_queue.i_popcount.popcount_o[0] |-> ##1 instr_queue_ready);
  * assert property (@(posedge clk_i) disable iff (!rst_ni)  i_instr_queue.i_popcount.popcount_o[1] |-> ##1 gen_instr_scan[0].i_instr_scan.is_rvc);
  * assert property (@(posedge clk_i) disable iff (!rst_ni)  i_instr_queue.i_popcount.popcount_o[1] |-> ##1 i_instr_queue.branch_empty);
  * assert property (@(posedge clk_i) disable iff (!rst_ni)  i_instr_queue.i_popcount.popcount_o[1] |-> ##1 i_instr_queue.ready_o);
  * assert property (@(posedge clk_i) disable iff (!rst_ni)  i_instr_queue.i_popcount.popcount_o[1] |-> ##1 icache_dreq_o.req);
  * assert property (@(posedge clk_i) disable iff (!rst_ni)  i_instr_queue.i_popcount.popcount_o[1] |-> ##1 instr_queue_ready);
  * assert property (@(posedge clk_i) disable iff (!rst_ni)  i_instr_queue.i_popcount.right_child_result[0] |-> ##1 i_instr_queue.branch_empty);
  * assert property (@(posedge clk_i) disable iff (!rst_ni)  i_instr_queue.i_popcount.right_child_result[0] |-> ##1 i_instr_queue.ready_o);
  * assert property (@(posedge clk_i) disable iff (!rst_ni)  i_instr_queue.i_popcount.right_child_result[0] |-> ##1 icache_dreq_o.req);
  * assert property (@(posedge clk_i) disable iff (!rst_ni)  i_instr_queue.i_popcount.right_child_result[0] |-> ##1 instr_queue_ready);
  * assert property (@(posedge clk_i) disable iff (!rst_ni)  i_instr_queue.idx_ds_d[0] |-> ##1 i_instr_queue.ready_o);
  * assert property (@(posedge clk_i) disable iff (!rst_ni)  i_instr_queue.idx_ds_d[0] |-> ##1 icache_dreq_o.req);
  * assert property (@(posedge clk_i) disable iff (!rst_ni)  i_instr_queue.idx_ds_d[0] |-> ##1 instr_queue_ready);
  * assert property (@(posedge clk_i) disable iff (!rst_ni)  i_instr_queue.idx_ds_d[1] |-> ##1 i_instr_queue.ready_o);
  * assert property (@(posedge clk_i) disable iff (!rst_ni)  i_instr_queue.idx_ds_d[1] |-> ##1 icache_dreq_o.req);
  * assert property (@(posedge clk_i) disable iff (!rst_ni)  i_instr_queue.idx_ds_d[1] |-> ##1 instr_queue_ready);
  * assert property (@(posedge clk_i) disable iff (!rst_ni)  i_instr_queue.idx_ds_q[0] |-> ##1 i_instr_queue.ready_o);
  * assert property (@(posedge clk_i) disable iff (!rst_ni)  i_instr_queue.idx_ds_q[0] |-> ##1 icache_dreq_o.req);
  * assert property (@(posedge clk_i) disable iff (!rst_ni)  i_instr_queue.idx_ds_q[0] |-> ##1 instr_queue_ready);
  * assert property (@(posedge clk_i) disable iff (!rst_ni)  i_instr_queue.idx_ds_q[1] |-> ##1 i_instr_queue.ready_o);
  * assert property (@(posedge clk_i) disable iff (!rst_ni)  i_instr_queue.idx_ds_q[1] |-> ##1 icache_dreq_o.req);
  * assert property (@(posedge clk_i) disable iff (!rst_ni)  i_instr_queue.idx_ds_q[1] |-> ##1 instr_queue_ready);
  * assert property (@(posedge clk_i) disable iff (!rst_ni)  i_instr_queue.idx_is_d[0] |-> ##1 i_instr_queue.ready_o);
  * assert property (@(posedge clk_i) disable iff (!rst_ni)  i_instr_queue.idx_is_d[0] |-> ##1 icache_dreq_o.req);
  * assert property (@(posedge clk_i) disable iff (!rst_ni)  i_instr_queue.idx_is_d[0] |-> ##1 instr_queue_ready);
  * assert property (@(posedge clk_i) disable iff (!rst_ni)  i_instr_queue.idx_is_q[0] |-> ##1 i_instr_queue.ready_o);
  * assert property (@(posedge clk_i) disable iff (!rst_ni)  i_instr_queue.idx_is_q[0] |-> ##1 icache_dreq_o.req);
  * assert property (@(posedge clk_i) disable iff (!rst_ni)  i_instr_queue.idx_is_q[0] |-> ##1 instr_queue_ready);
  * assert property (@(posedge clk_i) disable iff (!rst_ni)  i_instr_queue.instr_overflow |-> ##1 fetch_entry_valid_o);
  * assert property (@(posedge clk_i) disable iff (!rst_ni)  i_instr_queue.instr_overflow |-> ##1 i_instr_queue.branch_empty);
  * assert property (@(posedge clk_i) disable iff (!rst_ni)  i_instr_queue.instr_overflow |-> ##1 i_instr_queue.fetch_entry_valid_o);
  * assert property (@(posedge clk_i) disable iff (!rst_ni)  i_instr_queue.instr_overflow |-> ##1 i_instr_queue.gen_instr_fifo[0].i_fifo_instr_data.gate_clock);
  * assert property (@(posedge clk_i) disable iff (!rst_ni)  i_instr_queue.instr_overflow |-> ##1 i_instr_queue.gen_instr_fifo[1].i_fifo_instr_data.gate_clock);
  * assert property (@(posedge clk_i) disable iff (!rst_ni)  i_instr_queue.instr_overflow |-> ##1 icache_dreq_i.ready);
  * assert property (@(posedge clk_i) disable iff (!rst_ni)  i_instr_queue.instr_overflow_fifo[0] |-> ##1 fetch_entry_valid_o);
  * assert property (@(posedge clk_i) disable iff (!rst_ni)  i_instr_queue.instr_overflow_fifo[0] |-> ##1 i_instr_queue.branch_empty);
  * assert property (@(posedge clk_i) disable iff (!rst_ni)  i_instr_queue.instr_overflow_fifo[0] |-> ##1 i_instr_queue.fetch_entry_valid_o);
  * assert property (@(posedge clk_i) disable iff (!rst_ni)  i_instr_queue.instr_overflow_fifo[0] |-> ##1 i_instr_queue.gen_instr_fifo[0].i_fifo_instr_data.gate_clock);
  * assert property (@(posedge clk_i) disable iff (!rst_ni)  i_instr_queue.instr_overflow_fifo[0] |-> ##1 i_instr_queue.gen_instr_fifo[1].i_fifo_instr_data.gate_clock);
  * assert property (@(posedge clk_i) disable iff (!rst_ni)  i_instr_queue.instr_overflow_fifo[0] |-> ##1 icache_dreq_i.ready);
  * assert property (@(posedge clk_i) disable iff (!rst_ni)  i_instr_queue.instr_overflow_fifo[1] |-> ##1 fetch_entry_valid_o);
  * assert property (@(posedge clk_i) disable iff (!rst_ni)  i_instr_queue.instr_overflow_fifo[1] |-> ##1 i_instr_queue.branch_empty);
  * assert property (@(posedge clk_i) disable iff (!rst_ni)  i_instr_queue.instr_overflow_fifo[1] |-> ##1 i_instr_queue.fetch_entry_valid_o);
  * assert property (@(posedge clk_i) disable iff (!rst_ni)  i_instr_queue.instr_overflow_fifo[1] |-> ##1 i_instr_queue.gen_instr_fifo[0].i_fifo_instr_data.gate_clock);
  * assert property (@(posedge clk_i) disable iff (!rst_ni)  i_instr_queue.instr_overflow_fifo[1] |-> ##1 i_instr_queue.gen_instr_fifo[1].i_fifo_instr_data.gate_clock);
  * assert property (@(posedge clk_i) disable iff (!rst_ni)  i_instr_queue.instr_overflow_fifo[1] |-> ##1 icache_dreq_i.ready);
  * assert property (@(posedge clk_i) disable iff (!rst_ni)  i_instr_queue.instr_queue_usage[0][0] |-> ##1 i_instr_queue.branch_empty);
  * assert property (@(posedge clk_i) disable iff (!rst_ni)  i_instr_queue.instr_queue_usage[0][0] |-> ##1 i_instr_queue.ready_o);
  * assert property (@(posedge clk_i) disable iff (!rst_ni)  i_instr_queue.instr_queue_usage[0][0] |-> ##1 icache_dreq_o.req);
  * assert property (@(posedge clk_i) disable iff (!rst_ni)  i_instr_queue.instr_queue_usage[0][0] |-> ##1 instr_queue_ready);
  * assert property (@(posedge clk_i) disable iff (!rst_ni)  i_instr_queue.instr_queue_usage[1][0] |-> ##1 i_instr_queue.branch_empty);
  * assert property (@(posedge clk_i) disable iff (!rst_ni)  i_instr_queue.instr_queue_usage[1][0] |-> ##1 i_instr_queue.ready_o);
  * assert property (@(posedge clk_i) disable iff (!rst_ni)  i_instr_queue.instr_queue_usage[1][0] |-> ##1 icache_dreq_o.req);
  * assert property (@(posedge clk_i) disable iff (!rst_ni)  i_instr_queue.instr_queue_usage[1][0] |-> ##1 instr_queue_ready);
  * assert property (@(posedge clk_i) disable iff (!rst_ni)  i_instr_queue.pop_instr[0] |-> ##1 i_instr_queue.branch_empty);
  * assert property (@(posedge clk_i) disable iff (!rst_ni)  i_instr_queue.pop_instr[0] |-> ##1 i_instr_queue.gen_instr_fifo[0].i_fifo_instr_data.empty_o);
  * assert property (@(posedge clk_i) disable iff (!rst_ni)  i_instr_queue.pop_instr[0] |-> ##1 i_instr_queue.instr_queue_empty[0]);
  * assert property (@(posedge clk_i) disable iff (!rst_ni)  i_instr_queue.pop_instr[0] |-> ##1 i_instr_queue.ready_o);
  * assert property (@(posedge clk_i) disable iff (!rst_ni)  i_instr_queue.pop_instr[0] |-> ##1 icache_dreq_o.req);
  * assert property (@(posedge clk_i) disable iff (!rst_ni)  i_instr_queue.pop_instr[0] |-> ##1 instr_queue_ready);
  * assert property (@(posedge clk_i) disable iff (!rst_ni)  i_instr_queue.pop_instr[1] |-> ##1 i_instr_queue.branch_empty);
  * assert property (@(posedge clk_i) disable iff (!rst_ni)  i_instr_queue.pop_instr[1] |-> ##1 i_instr_queue.ready_o);
  * assert property (@(posedge clk_i) disable iff (!rst_ni)  i_instr_queue.pop_instr[1] |-> ##1 icache_dreq_o.req);
  * assert property (@(posedge clk_i) disable iff (!rst_ni)  i_instr_queue.pop_instr[1] |-> ##1 instr_queue_ready);
  * assert property (@(posedge clk_i) disable iff (!rst_ni)  i_instr_queue.popcount[0] |-> ##1 fetch_entry_ready_i);
  * assert property (@(posedge clk_i) disable iff (!rst_ni)  i_instr_queue.popcount[0] |-> ##1 fetch_entry_valid_o);
  * assert property (@(posedge clk_i) disable iff (!rst_ni)  i_instr_queue.popcount[0] |-> ##1 i_instr_queue.branch_empty);
  * assert property (@(posedge clk_i) disable iff (!rst_ni)  i_instr_queue.popcount[0] |-> ##1 i_instr_queue.fetch_entry_ready_i);
  * assert property (@(posedge clk_i) disable iff (!rst_ni)  i_instr_queue.popcount[0] |-> ##1 i_instr_queue.fetch_entry_valid_o);
  * assert property (@(posedge clk_i) disable iff (!rst_ni)  i_instr_queue.popcount[0] |-> ##1 i_instr_queue.gen_instr_fifo[0].i_fifo_instr_data.gate_clock);
  * assert property (@(posedge clk_i) disable iff (!rst_ni)  i_instr_queue.popcount[0] |-> ##1 i_instr_queue.gen_instr_fifo[1].i_fifo_instr_data.gate_clock);
  * assert property (@(posedge clk_i) disable iff (!rst_ni)  i_instr_queue.popcount[0] |-> ##1 i_instr_queue.ready_o);
  * assert property (@(posedge clk_i) disable iff (!rst_ni)  i_instr_queue.popcount[0] |-> ##1 icache_dreq_o.req);
  * assert property (@(posedge clk_i) disable iff (!rst_ni)  i_instr_queue.popcount[0] |-> ##1 instr_queue_ready);
  * assert property (@(posedge clk_i) disable iff (!rst_ni)  i_instr_queue.popcount[1] |-> ##1 gen_instr_scan[0].i_instr_scan.is_rvc);
  * assert property (@(posedge clk_i) disable iff (!rst_ni)  i_instr_queue.popcount[1] |-> ##1 i_instr_queue.branch_empty);
  * assert property (@(posedge clk_i) disable iff (!rst_ni)  i_instr_queue.popcount[1] |-> ##1 i_instr_queue.ready_o);
  * assert property (@(posedge clk_i) disable iff (!rst_ni)  i_instr_queue.popcount[1] |-> ##1 icache_dreq_o.req);
  * assert property (@(posedge clk_i) disable iff (!rst_ni)  i_instr_queue.popcount[1] |-> ##1 instr_queue_ready);
  * assert property (@(posedge clk_i) disable iff (!rst_ni)  i_instr_queue.push_instr[0] |-> ##1 i_instr_queue.branch_empty);
  * assert property (@(posedge clk_i) disable iff (!rst_ni)  i_instr_queue.push_instr[0] |-> ##1 i_instr_queue.ready_o);
  * assert property (@(posedge clk_i) disable iff (!rst_ni)  i_instr_queue.push_instr[0] |-> ##1 icache_dreq_o.req);
  * assert property (@(posedge clk_i) disable iff (!rst_ni)  i_instr_queue.push_instr[0] |-> ##1 instr_queue_ready);
  * assert property (@(posedge clk_i) disable iff (!rst_ni)  i_instr_queue.push_instr[1] |-> ##1 i_instr_queue.branch_empty);
  * assert property (@(posedge clk_i) disable iff (!rst_ni)  i_instr_queue.push_instr[1] |-> ##1 i_instr_queue.ready_o);
  * assert property (@(posedge clk_i) disable iff (!rst_ni)  i_instr_queue.push_instr[1] |-> ##1 icache_dreq_o.req);
  * assert property (@(posedge clk_i) disable iff (!rst_ni)  i_instr_queue.push_instr[1] |-> ##1 instr_queue_ready);
  * assert property (@(posedge clk_i) disable iff (!rst_ni)  i_instr_queue.push_instr_fifo[0] |-> ##1 i_instr_queue.branch_empty);
  * assert property (@(posedge clk_i) disable iff (!rst_ni)  i_instr_queue.push_instr_fifo[0] |-> ##1 i_instr_queue.ready_o);
  * assert property (@(posedge clk_i) disable iff (!rst_ni)  i_instr_queue.push_instr_fifo[0] |-> ##1 icache_dreq_o.req);
  * assert property (@(posedge clk_i) disable iff (!rst_ni)  i_instr_queue.push_instr_fifo[0] |-> ##1 instr_queue_ready);
  * assert property (@(posedge clk_i) disable iff (!rst_ni)  i_instr_queue.push_instr_fifo[1] |-> ##1 i_instr_queue.branch_empty);
  * assert property (@(posedge clk_i) disable iff (!rst_ni)  i_instr_queue.push_instr_fifo[1] |-> ##1 i_instr_queue.ready_o);
  * assert property (@(posedge clk_i) disable iff (!rst_ni)  i_instr_queue.push_instr_fifo[1] |-> ##1 icache_dreq_o.req);
  * assert property (@(posedge clk_i) disable iff (!rst_ni)  i_instr_queue.push_instr_fifo[1] |-> ##1 instr_queue_ready);
  * assert property (@(posedge clk_i) disable iff (!rst_ni)  i_instr_queue.replay_o |-> ##1 fetch_entry_valid_o);
  * assert property (@(posedge clk_i) disable iff (!rst_ni)  i_instr_queue.replay_o |-> ##1 i_instr_queue.branch_empty);
  * assert property (@(posedge clk_i) disable iff (!rst_ni)  i_instr_queue.replay_o |-> ##1 i_instr_queue.fetch_entry_valid_o);
  * assert property (@(posedge clk_i) disable iff (!rst_ni)  i_instr_queue.replay_o |-> ##1 i_instr_queue.gen_instr_fifo[0].i_fifo_instr_data.gate_clock);
  * assert property (@(posedge clk_i) disable iff (!rst_ni)  i_instr_queue.replay_o |-> ##1 i_instr_queue.gen_instr_fifo[1].i_fifo_instr_data.gate_clock);
  * assert property (@(posedge clk_i) disable iff (!rst_ni)  i_instr_queue.replay_o |-> ##1 icache_dreq_i.ready);
  * assert property (@(posedge clk_i) disable iff (!rst_ni)  i_instr_queue.shamt[0] |-> ##1 fetch_entry_ready_i);
  * assert property (@(posedge clk_i) disable iff (!rst_ni)  i_instr_queue.shamt[0] |-> ##1 fetch_entry_valid_o);
  * assert property (@(posedge clk_i) disable iff (!rst_ni)  i_instr_queue.shamt[0] |-> ##1 i_instr_queue.branch_empty);
  * assert property (@(posedge clk_i) disable iff (!rst_ni)  i_instr_queue.shamt[0] |-> ##1 i_instr_queue.fetch_entry_ready_i);
  * assert property (@(posedge clk_i) disable iff (!rst_ni)  i_instr_queue.shamt[0] |-> ##1 i_instr_queue.fetch_entry_valid_o);
  * assert property (@(posedge clk_i) disable iff (!rst_ni)  i_instr_queue.shamt[0] |-> ##1 i_instr_queue.gen_instr_fifo[0].i_fifo_instr_data.gate_clock);
  * assert property (@(posedge clk_i) disable iff (!rst_ni)  i_instr_queue.shamt[0] |-> ##1 i_instr_queue.gen_instr_fifo[1].i_fifo_instr_data.gate_clock);
  * assert property (@(posedge clk_i) disable iff (!rst_ni)  i_instr_queue.shamt[0] |-> ##1 i_instr_queue.ready_o);
  * assert property (@(posedge clk_i) disable iff (!rst_ni)  i_instr_queue.shamt[0] |-> ##1 icache_dreq_o.req);
  * assert property (@(posedge clk_i) disable iff (!rst_ni)  i_instr_queue.shamt[0] |-> ##1 instr_queue_ready);
  * assert property (@(posedge clk_i) disable iff (!rst_ni)  i_instr_queue.taken[0] |-> ##1 fetch_entry_ready_i);
  * assert property (@(posedge clk_i) disable iff (!rst_ni)  i_instr_queue.taken[0] |-> ##1 fetch_entry_valid_o);
  * assert property (@(posedge clk_i) disable iff (!rst_ni)  i_instr_queue.taken[0] |-> ##1 i_instr_queue.branch_empty);
  * assert property (@(posedge clk_i) disable iff (!rst_ni)  i_instr_queue.taken[0] |-> ##1 i_instr_queue.fetch_entry_ready_i);
  * assert property (@(posedge clk_i) disable iff (!rst_ni)  i_instr_queue.taken[0] |-> ##1 i_instr_queue.fetch_entry_valid_o);
  * assert property (@(posedge clk_i) disable iff (!rst_ni)  i_instr_queue.taken[0] |-> ##1 i_instr_queue.gen_instr_fifo[0].i_fifo_instr_data.gate_clock);
  * assert property (@(posedge clk_i) disable iff (!rst_ni)  i_instr_queue.taken[0] |-> ##1 i_instr_queue.gen_instr_fifo[1].i_fifo_instr_data.gate_clock);
  * assert property (@(posedge clk_i) disable iff (!rst_ni)  i_instr_queue.taken[0] |-> ##1 i_instr_queue.ready_o);
  * assert property (@(posedge clk_i) disable iff (!rst_ni)  i_instr_queue.taken[0] |-> ##1 icache_dreq_o.req);
  * assert property (@(posedge clk_i) disable iff (!rst_ni)  i_instr_queue.taken[0] |-> ##1 instr_queue_ready);
  * assert property (@(posedge clk_i) disable iff (!rst_ni)  i_instr_queue.taken[1] |-> ##1 fetch_entry_valid_o);
  * assert property (@(posedge clk_i) disable iff (!rst_ni)  i_instr_queue.taken[1] |-> ##1 i_instr_queue.branch_empty);
  * assert property (@(posedge clk_i) disable iff (!rst_ni)  i_instr_queue.taken[1] |-> ##1 i_instr_queue.fetch_entry_valid_o);
  * assert property (@(posedge clk_i) disable iff (!rst_ni)  i_instr_queue.taken[1] |-> ##1 i_instr_queue.gen_instr_fifo[0].i_fifo_instr_data.gate_clock);
  * assert property (@(posedge clk_i) disable iff (!rst_ni)  i_instr_queue.taken[1] |-> ##1 i_instr_queue.gen_instr_fifo[1].i_fifo_instr_data.gate_clock);
  * assert property (@(posedge clk_i) disable iff (!rst_ni)  i_instr_queue.valid[0] |-> ##1 i_instr_queue.branch_empty);
  * assert property (@(posedge clk_i) disable iff (!rst_ni)  i_instr_queue.valid[0] |-> ##1 i_instr_queue.ready_o);
  * assert property (@(posedge clk_i) disable iff (!rst_ni)  i_instr_queue.valid[0] |-> ##1 icache_dreq_o.req);
  * assert property (@(posedge clk_i) disable iff (!rst_ni)  i_instr_queue.valid[0] |-> ##1 instr_queue_ready);
  * assert property (@(posedge clk_i) disable iff (!rst_ni)  i_instr_queue.valid[1] |-> ##1 gen_instr_scan[0].i_instr_scan.is_rvc);
  * assert property (@(posedge clk_i) disable iff (!rst_ni)  i_instr_queue.valid[1] |-> ##1 i_instr_queue.branch_empty);
  * assert property (@(posedge clk_i) disable iff (!rst_ni)  i_instr_queue.valid[1] |-> ##1 i_instr_queue.ready_o);
  * assert property (@(posedge clk_i) disable iff (!rst_ni)  i_instr_queue.valid[1] |-> ##1 icache_dreq_o.req);
  * assert property (@(posedge clk_i) disable iff (!rst_ni)  i_instr_queue.valid[1] |-> ##1 instr_queue_ready);
  * assert property (@(posedge clk_i) disable iff (!rst_ni)  i_instr_queue.valid_i[0] |-> ##1 i_instr_queue.branch_empty);
  * assert property (@(posedge clk_i) disable iff (!rst_ni)  i_instr_queue.valid_i[0] |-> ##1 i_instr_queue.ready_o);
  * assert property (@(posedge clk_i) disable iff (!rst_ni)  i_instr_queue.valid_i[0] |-> ##1 icache_dreq_o.req);
  * assert property (@(posedge clk_i) disable iff (!rst_ni)  i_instr_queue.valid_i[0] |-> ##1 instr_queue_ready);
  * assert property (@(posedge clk_i) disable iff (!rst_ni)  i_instr_queue.valid_i[1] |-> ##1 gen_instr_scan[0].i_instr_scan.is_rvc);
  * assert property (@(posedge clk_i) disable iff (!rst_ni)  i_instr_queue.valid_i[1] |-> ##1 i_instr_queue.branch_empty);
  * assert property (@(posedge clk_i) disable iff (!rst_ni)  i_instr_queue.valid_i[1] |-> ##1 i_instr_queue.ready_o);
  * assert property (@(posedge clk_i) disable iff (!rst_ni)  i_instr_queue.valid_i[1] |-> ##1 icache_dreq_o.req);
  * assert property (@(posedge clk_i) disable iff (!rst_ni)  i_instr_queue.valid_i[1] |-> ##1 instr_queue_ready);
  * assert property (@(posedge clk_i) disable iff (!rst_ni)  i_instr_realign.flush_i |-> ##1 i_instr_queue.branch_empty);
  * assert property (@(posedge clk_i) disable iff (!rst_ni)  i_instr_realign.flush_i |-> ##1 i_instr_queue.gen_instr_fifo[0].i_fifo_instr_data.gate_clock);
  * assert property (@(posedge clk_i) disable iff (!rst_ni)  i_instr_realign.flush_i |-> ##1 i_instr_queue.gen_instr_fifo[1].i_fifo_instr_data.gate_clock);
  * assert property (@(posedge clk_i) disable iff (!rst_ni)  i_instr_realign.flush_i |-> ##1 i_instr_queue.ready_o);
  * assert property (@(posedge clk_i) disable iff (!rst_ni)  i_instr_realign.flush_i |-> ##1 icache_dreq_o.req);
  * assert property (@(posedge clk_i) disable iff (!rst_ni)  i_instr_realign.flush_i |-> ##1 instr_queue_ready);
  * assert property (@(posedge clk_i) disable iff (!rst_ni)  i_instr_realign.valid_i |-> ##1 i_instr_queue.branch_empty);
  * assert property (@(posedge clk_i) disable iff (!rst_ni)  i_instr_realign.valid_i |-> ##1 i_instr_queue.ready_o);
  * assert property (@(posedge clk_i) disable iff (!rst_ni)  i_instr_realign.valid_i |-> ##1 icache_dreq_o.req);
  * assert property (@(posedge clk_i) disable iff (!rst_ni)  i_instr_realign.valid_i |-> ##1 instr_queue_ready);
  * assert property (@(posedge clk_i) disable iff (!rst_ni)  i_instr_realign.valid_o[0] |-> ##1 i_instr_queue.branch_empty);
  * assert property (@(posedge clk_i) disable iff (!rst_ni)  i_instr_realign.valid_o[0] |-> ##1 i_instr_queue.ready_o);
  * assert property (@(posedge clk_i) disable iff (!rst_ni)  i_instr_realign.valid_o[0] |-> ##1 icache_dreq_o.req);
  * assert property (@(posedge clk_i) disable iff (!rst_ni)  i_instr_realign.valid_o[0] |-> ##1 instr_queue_ready);
  * assert property (@(posedge clk_i) disable iff (!rst_ni)  i_instr_realign.valid_o[1] |-> ##1 gen_instr_scan[0].i_instr_scan.is_rvc);
  * assert property (@(posedge clk_i) disable iff (!rst_ni)  i_instr_realign.valid_o[1] |-> ##1 i_instr_queue.branch_empty);
  * assert property (@(posedge clk_i) disable iff (!rst_ni)  i_instr_realign.valid_o[1] |-> ##1 i_instr_queue.ready_o);
  * assert property (@(posedge clk_i) disable iff (!rst_ni)  i_instr_realign.valid_o[1] |-> ##1 icache_dreq_o.req);
  * assert property (@(posedge clk_i) disable iff (!rst_ni)  i_instr_realign.valid_o[1] |-> ##1 instr_queue_ready);
  * assert property (@(posedge clk_i) disable iff (!rst_ni)  i_ras.pop_i |-> ##1 fetch_entry_valid_o);
  * assert property (@(posedge clk_i) disable iff (!rst_ni)  i_ras.pop_i |-> ##1 gen_instr_scan[0].i_instr_scan.is_rvc);
  * assert property (@(posedge clk_i) disable iff (!rst_ni)  i_ras.pop_i |-> ##1 i_instr_queue.branch_empty);
  * assert property (@(posedge clk_i) disable iff (!rst_ni)  i_ras.pop_i |-> ##1 i_instr_queue.fetch_entry_valid_o);
  * assert property (@(posedge clk_i) disable iff (!rst_ni)  i_ras.pop_i |-> ##1 i_instr_queue.gen_instr_fifo[0].i_fifo_instr_data.gate_clock);
  * assert property (@(posedge clk_i) disable iff (!rst_ni)  i_ras.pop_i |-> ##1 i_instr_queue.gen_instr_fifo[1].i_fifo_instr_data.gate_clock);
  * assert property (@(posedge clk_i) disable iff (!rst_ni)  i_ras.push_i |-> ##1 i_instr_queue.branch_empty);
  * assert property (@(posedge clk_i) disable iff (!rst_ni)  i_ras.push_i |-> ##1 i_ras.stack_d[0].valid);
  * assert property (@(posedge clk_i) disable iff (!rst_ni)  icache_dreq_i.ready |-> ##1 i_instr_queue.branch_empty);
  * assert property (@(posedge clk_i) disable iff (!rst_ni)  icache_dreq_i.ready |-> ##1 i_instr_queue.ready_o);
  * assert property (@(posedge clk_i) disable iff (!rst_ni)  icache_dreq_i.ready |-> ##1 icache_dreq_o.req);
  * assert property (@(posedge clk_i) disable iff (!rst_ni)  icache_dreq_i.ready |-> ##1 instr_queue_ready);
  * assert property (@(posedge clk_i) disable iff (!rst_ni)  icache_dreq_i.valid |-> ##1 i_instr_queue.consumed_o[0]);
  * assert property (@(posedge clk_i) disable iff (!rst_ni)  icache_dreq_i.valid |-> ##1 i_instr_queue.ready_o);
  * assert property (@(posedge clk_i) disable iff (!rst_ni)  icache_dreq_i.valid |-> ##1 i_instr_queue.valid[0]);
  * assert property (@(posedge clk_i) disable iff (!rst_ni)  icache_dreq_i.valid |-> ##1 i_instr_queue.valid_i[0]);
  * assert property (@(posedge clk_i) disable iff (!rst_ni)  icache_dreq_i.valid |-> ##1 i_instr_realign.valid_o[0]);
  * assert property (@(posedge clk_i) disable iff (!rst_ni)  icache_dreq_i.valid |-> ##1 icache_dreq_i.ready);
  * assert property (@(posedge clk_i) disable iff (!rst_ni)  icache_dreq_i.valid |-> ##1 icache_dreq_o.req);
  * assert property (@(posedge clk_i) disable iff (!rst_ni)  icache_dreq_i.valid |-> ##1 if_ready);
  * assert property (@(posedge clk_i) disable iff (!rst_ni)  icache_dreq_i.valid |-> ##1 instr_queue_consumed[0]);
  * assert property (@(posedge clk_i) disable iff (!rst_ni)  icache_dreq_i.valid |-> ##1 instr_queue_ready);
  * assert property (@(posedge clk_i) disable iff (!rst_ni)  icache_dreq_o.kill_s1 |-> ##1 i_instr_queue.branch_empty);
  * assert property (@(posedge clk_i) disable iff (!rst_ni)  icache_dreq_o.kill_s1 |-> ##1 i_instr_queue.gen_instr_fifo[0].i_fifo_instr_data.empty_o);
  * assert property (@(posedge clk_i) disable iff (!rst_ni)  icache_dreq_o.kill_s1 |-> ##1 i_instr_queue.gen_instr_fifo[0].i_fifo_instr_data.gate_clock);
  * assert property (@(posedge clk_i) disable iff (!rst_ni)  icache_dreq_o.kill_s1 |-> ##1 i_instr_queue.gen_instr_fifo[1].i_fifo_instr_data.empty_o);
  * assert property (@(posedge clk_i) disable iff (!rst_ni)  icache_dreq_o.kill_s1 |-> ##1 i_instr_queue.gen_instr_fifo[1].i_fifo_instr_data.gate_clock);
  * assert property (@(posedge clk_i) disable iff (!rst_ni)  icache_dreq_o.kill_s1 |-> ##1 i_instr_queue.idx_ds_d[0]);
  * assert property (@(posedge clk_i) disable iff (!rst_ni)  icache_dreq_o.kill_s1 |-> ##1 i_instr_queue.idx_ds_q[0]);
  * assert property (@(posedge clk_i) disable iff (!rst_ni)  icache_dreq_o.kill_s1 |-> ##1 i_instr_queue.instr_queue_empty[0]);
  * assert property (@(posedge clk_i) disable iff (!rst_ni)  icache_dreq_o.kill_s1 |-> ##1 i_instr_queue.instr_queue_empty[1]);
  * assert property (@(posedge clk_i) disable iff (!rst_ni)  icache_dreq_o.kill_s1 |-> ##1 i_instr_queue.ready_o);
  * assert property (@(posedge clk_i) disable iff (!rst_ni)  icache_dreq_o.kill_s1 |-> ##1 icache_dreq_o.req);
  * assert property (@(posedge clk_i) disable iff (!rst_ni)  icache_dreq_o.kill_s1 |-> ##1 instr_queue_ready);
  * assert property (@(posedge clk_i) disable iff (!rst_ni)  icache_dreq_o.kill_s2 |-> ##1 i_instr_queue.branch_empty);
  * assert property (@(posedge clk_i) disable iff (!rst_ni)  icache_dreq_o.kill_s2 |-> ##1 i_instr_queue.gen_instr_fifo[0].i_fifo_instr_data.gate_clock);
  * assert property (@(posedge clk_i) disable iff (!rst_ni)  icache_dreq_o.kill_s2 |-> ##1 i_instr_queue.gen_instr_fifo[1].i_fifo_instr_data.gate_clock);
  * assert property (@(posedge clk_i) disable iff (!rst_ni)  icache_dreq_o.kill_s2 |-> ##1 i_instr_queue.ready_o);
  * assert property (@(posedge clk_i) disable iff (!rst_ni)  icache_dreq_o.kill_s2 |-> ##1 icache_dreq_o.req);
  * assert property (@(posedge clk_i) disable iff (!rst_ni)  icache_dreq_o.kill_s2 |-> ##1 instr_queue_ready);
  * assert property (@(posedge clk_i) disable iff (!rst_ni)  icache_valid_q |-> ##1 i_instr_queue.branch_empty);
  * assert property (@(posedge clk_i) disable iff (!rst_ni)  icache_valid_q |-> ##1 i_instr_queue.ready_o);
  * assert property (@(posedge clk_i) disable iff (!rst_ni)  icache_valid_q |-> ##1 icache_dreq_o.req);
  * assert property (@(posedge clk_i) disable iff (!rst_ni)  icache_valid_q |-> ##1 instr_queue_ready);
  * assert property (@(posedge clk_i) disable iff (!rst_ni)  if_ready |-> ##1 i_instr_queue.branch_empty);
  * assert property (@(posedge clk_i) disable iff (!rst_ni)  if_ready |-> ##1 i_instr_queue.ready_o);
  * assert property (@(posedge clk_i) disable iff (!rst_ni)  if_ready |-> ##1 icache_dreq_o.req);
  * assert property (@(posedge clk_i) disable iff (!rst_ni)  if_ready |-> ##1 instr_queue_ready);
  * assert property (@(posedge clk_i) disable iff (!rst_ni)  instr_queue_consumed[0] |-> ##1 i_instr_queue.branch_empty);
  * assert property (@(posedge clk_i) disable iff (!rst_ni)  instr_queue_consumed[0] |-> ##1 i_instr_queue.ready_o);
  * assert property (@(posedge clk_i) disable iff (!rst_ni)  instr_queue_consumed[0] |-> ##1 icache_dreq_o.req);
  * assert property (@(posedge clk_i) disable iff (!rst_ni)  instr_queue_consumed[0] |-> ##1 instr_queue_ready);
  * assert property (@(posedge clk_i) disable iff (!rst_ni)  instr_queue_consumed[1] |-> ##1 gen_instr_scan[0].i_instr_scan.is_rvc);
  * assert property (@(posedge clk_i) disable iff (!rst_ni)  instr_queue_consumed[1] |-> ##1 i_instr_queue.branch_empty);
  * assert property (@(posedge clk_i) disable iff (!rst_ni)  instr_queue_consumed[1] |-> ##1 i_instr_queue.ready_o);
  * assert property (@(posedge clk_i) disable iff (!rst_ni)  instr_queue_consumed[1] |-> ##1 icache_dreq_o.req);
  * assert property (@(posedge clk_i) disable iff (!rst_ni)  instr_queue_consumed[1] |-> ##1 instr_queue_ready);
  * assert property (@(posedge clk_i) disable iff (!rst_ni)  is_branch[0] |-> ##1 debug_mode_i);
  * assert property (@(posedge clk_i) disable iff (!rst_ni)  is_branch[0] |-> ##1 fetch_entry_ready_i);
  * assert property (@(posedge clk_i) disable iff (!rst_ni)  is_branch[0] |-> ##1 fetch_entry_valid_o);
  * assert property (@(posedge clk_i) disable iff (!rst_ni)  is_branch[0] |-> ##1 gen_instr_scan[0].i_instr_scan.rvi_branch_o);
  * assert property (@(posedge clk_i) disable iff (!rst_ni)  is_branch[0] |-> ##1 i_bht.debug_mode_i);
  * assert property (@(posedge clk_i) disable iff (!rst_ni)  is_branch[0] |-> ##1 i_btb.debug_mode_i);
  * assert property (@(posedge clk_i) disable iff (!rst_ni)  is_branch[0] |-> ##1 i_instr_queue.branch_empty);
  * assert property (@(posedge clk_i) disable iff (!rst_ni)  is_branch[0] |-> ##1 i_instr_queue.fetch_entry_ready_i);
  * assert property (@(posedge clk_i) disable iff (!rst_ni)  is_branch[0] |-> ##1 i_instr_queue.fetch_entry_valid_o);
  * assert property (@(posedge clk_i) disable iff (!rst_ni)  is_branch[0] |-> ##1 i_instr_queue.gen_instr_fifo[0].i_fifo_instr_data.gate_clock);
  * assert property (@(posedge clk_i) disable iff (!rst_ni)  is_branch[0] |-> ##1 i_instr_queue.gen_instr_fifo[1].i_fifo_instr_data.gate_clock);
  * assert property (@(posedge clk_i) disable iff (!rst_ni)  is_branch[0] |-> ##1 i_instr_queue.gen_instr_fifo[1].i_fifo_instr_data.read_pointer_q[0]);
  * assert property (@(posedge clk_i) disable iff (!rst_ni)  is_branch[0] |-> ##1 i_instr_queue.ready_o);
  * assert property (@(posedge clk_i) disable iff (!rst_ni)  is_branch[0] |-> ##1 icache_dreq_o.req);
  * assert property (@(posedge clk_i) disable iff (!rst_ni)  is_branch[0] |-> ##1 instr_queue_ready);
  * assert property (@(posedge clk_i) disable iff (!rst_ni)  is_branch[0] |-> ##1 rvi_branch[0]);
  * assert property (@(posedge clk_i) disable iff (!rst_ni)  is_branch[1] |-> ##1 fetch_entry_valid_o);
  * assert property (@(posedge clk_i) disable iff (!rst_ni)  is_branch[1] |-> ##1 i_instr_queue.branch_empty);
  * assert property (@(posedge clk_i) disable iff (!rst_ni)  is_branch[1] |-> ##1 i_instr_queue.fetch_entry_valid_o);
  * assert property (@(posedge clk_i) disable iff (!rst_ni)  is_branch[1] |-> ##1 i_instr_queue.gen_instr_fifo[0].i_fifo_instr_data.usage_o[1]);
  * assert property (@(posedge clk_i) disable iff (!rst_ni)  is_branch[1] |-> ##1 i_instr_queue.gen_instr_fifo[0].i_fifo_instr_data.write_pointer_n[0]);
  * assert property (@(posedge clk_i) disable iff (!rst_ni)  is_branch[1] |-> ##1 i_instr_queue.gen_instr_fifo[0].i_fifo_instr_data.write_pointer_n[1]);
  * assert property (@(posedge clk_i) disable iff (!rst_ni)  is_branch[1] |-> ##1 i_instr_queue.gen_instr_fifo[0].i_fifo_instr_data.write_pointer_q[1]);
  * assert property (@(posedge clk_i) disable iff (!rst_ni)  is_branch[1] |-> ##1 i_instr_queue.gen_instr_fifo[1].i_fifo_instr_data.gate_clock);
  * assert property (@(posedge clk_i) disable iff (!rst_ni)  is_branch[1] |-> ##1 i_instr_queue.gen_instr_fifo[1].i_fifo_instr_data.write_pointer_n[1]);
  * assert property (@(posedge clk_i) disable iff (!rst_ni)  is_branch[1] |-> ##1 i_instr_queue.gen_instr_fifo[1].i_fifo_instr_data.write_pointer_q[1]);
  * assert property (@(posedge clk_i) disable iff (!rst_ni)  is_branch[1] |-> ##1 i_instr_queue.idx_ds_q[0]);
  * assert property (@(posedge clk_i) disable iff (!rst_ni)  is_branch[1] |-> ##1 i_instr_queue.idx_is_d[0]);
  * assert property (@(posedge clk_i) disable iff (!rst_ni)  is_branch[1] |-> ##1 i_instr_queue.instr_queue_usage[0][1]);
  * assert property (@(posedge clk_i) disable iff (!rst_ni)  is_branch[1] |-> ##1 i_instr_queue.ready_o);
  * assert property (@(posedge clk_i) disable iff (!rst_ni)  is_branch[1] |-> ##1 i_ras.data_o.valid);
  * assert property (@(posedge clk_i) disable iff (!rst_ni)  is_branch[1] |-> ##1 i_ras.stack_d[0].valid);
  * assert property (@(posedge clk_i) disable iff (!rst_ni)  is_branch[1] |-> ##1 i_ras.stack_d[1].valid);
  * assert property (@(posedge clk_i) disable iff (!rst_ni)  is_branch[1] |-> ##1 i_ras.stack_q[0].valid);
  * assert property (@(posedge clk_i) disable iff (!rst_ni)  is_branch[1] |-> ##1 i_ras.stack_q[1].valid);
  * assert property (@(posedge clk_i) disable iff (!rst_ni)  is_branch[1] |-> ##1 icache_dreq_o.req);
  * assert property (@(posedge clk_i) disable iff (!rst_ni)  is_branch[1] |-> ##1 instr_queue_ready);
  * assert property (@(posedge clk_i) disable iff (!rst_ni)  is_branch[1] |-> ##1 ras_predict.valid);
  * assert property (@(posedge clk_i) disable iff (!rst_ni)  is_call[0] |-> ##1 i_instr_queue.branch_empty);
  * assert property (@(posedge clk_i) disable iff (!rst_ni)  is_call[0] |-> ##1 i_instr_queue.gen_instr_fifo[0].i_fifo_instr_data.gate_clock);
  * assert property (@(posedge clk_i) disable iff (!rst_ni)  is_call[0] |-> ##1 i_instr_queue.gen_instr_fifo[1].i_fifo_instr_data.gate_clock);
  * assert property (@(posedge clk_i) disable iff (!rst_ni)  is_call[0] |-> ##1 i_ras.data_o.valid);
  * assert property (@(posedge clk_i) disable iff (!rst_ni)  is_call[0] |-> ##1 i_ras.stack_d[0].valid);
  * assert property (@(posedge clk_i) disable iff (!rst_ni)  is_call[0] |-> ##1 i_ras.stack_q[0].valid);
  * assert property (@(posedge clk_i) disable iff (!rst_ni)  is_call[0] |-> ##1 ras_predict.valid);
  * assert property (@(posedge clk_i) disable iff (!rst_ni)  is_call[1] |-> ##1 fetch_entry_valid_o);
  * assert property (@(posedge clk_i) disable iff (!rst_ni)  is_call[1] |-> ##1 i_instr_queue.branch_empty);
  * assert property (@(posedge clk_i) disable iff (!rst_ni)  is_call[1] |-> ##1 i_instr_queue.fetch_entry_valid_o);
  * assert property (@(posedge clk_i) disable iff (!rst_ni)  is_call[1] |-> ##1 i_instr_queue.gen_instr_fifo[0].i_fifo_instr_data.usage_o[1]);
  * assert property (@(posedge clk_i) disable iff (!rst_ni)  is_call[1] |-> ##1 i_instr_queue.gen_instr_fifo[1].i_fifo_instr_data.usage_o[1]);
  * assert property (@(posedge clk_i) disable iff (!rst_ni)  is_call[1] |-> ##1 i_instr_queue.instr_queue_usage[0][1]);
  * assert property (@(posedge clk_i) disable iff (!rst_ni)  is_call[1] |-> ##1 i_instr_queue.instr_queue_usage[1][1]);
  * assert property (@(posedge clk_i) disable iff (!rst_ni)  is_call[1] |-> ##1 i_instr_queue.ready_o);
  * assert property (@(posedge clk_i) disable iff (!rst_ni)  is_call[1] |-> ##1 i_ras.data_o.valid);
  * assert property (@(posedge clk_i) disable iff (!rst_ni)  is_call[1] |-> ##1 i_ras.stack_d[0].valid);
  * assert property (@(posedge clk_i) disable iff (!rst_ni)  is_call[1] |-> ##1 i_ras.stack_q[0].valid);
  * assert property (@(posedge clk_i) disable iff (!rst_ni)  is_call[1] |-> ##1 icache_dreq_o.req);
  * assert property (@(posedge clk_i) disable iff (!rst_ni)  is_call[1] |-> ##1 instr_queue_ready);
  * assert property (@(posedge clk_i) disable iff (!rst_ni)  is_call[1] |-> ##1 ras_predict.valid);
  * assert property (@(posedge clk_i) disable iff (!rst_ni)  is_jalr[0] |-> ##1 fetch_entry_ready_i);
  * assert property (@(posedge clk_i) disable iff (!rst_ni)  is_jalr[0] |-> ##1 fetch_entry_valid_o);
  * assert property (@(posedge clk_i) disable iff (!rst_ni)  is_jalr[0] |-> ##1 gen_instr_scan[0].i_instr_scan.is_jal_r);
  * assert property (@(posedge clk_i) disable iff (!rst_ni)  is_jalr[0] |-> ##1 gen_instr_scan[0].i_instr_scan.is_rvc);
  * assert property (@(posedge clk_i) disable iff (!rst_ni)  is_jalr[0] |-> ##1 gen_instr_scan[0].i_instr_scan.rvc_jr_o);
  * assert property (@(posedge clk_i) disable iff (!rst_ni)  is_jalr[0] |-> ##1 i_instr_queue.branch_empty);
  * assert property (@(posedge clk_i) disable iff (!rst_ni)  is_jalr[0] |-> ##1 i_instr_queue.fetch_entry_ready_i);
  * assert property (@(posedge clk_i) disable iff (!rst_ni)  is_jalr[0] |-> ##1 i_instr_queue.fetch_entry_valid_o);
  * assert property (@(posedge clk_i) disable iff (!rst_ni)  is_jalr[0] |-> ##1 i_instr_queue.gen_instr_fifo[0].i_fifo_instr_data.gate_clock);
  * assert property (@(posedge clk_i) disable iff (!rst_ni)  is_jalr[0] |-> ##1 i_instr_queue.gen_instr_fifo[0].i_fifo_instr_data.read_pointer_n[0]);
  * assert property (@(posedge clk_i) disable iff (!rst_ni)  is_jalr[0] |-> ##1 i_instr_queue.gen_instr_fifo[0].i_fifo_instr_data.read_pointer_n[1]);
  * assert property (@(posedge clk_i) disable iff (!rst_ni)  is_jalr[0] |-> ##1 i_instr_queue.gen_instr_fifo[0].i_fifo_instr_data.read_pointer_q[0]);
  * assert property (@(posedge clk_i) disable iff (!rst_ni)  is_jalr[0] |-> ##1 i_instr_queue.gen_instr_fifo[0].i_fifo_instr_data.read_pointer_q[1]);
  * assert property (@(posedge clk_i) disable iff (!rst_ni)  is_jalr[0] |-> ##1 i_instr_queue.gen_instr_fifo[0].i_fifo_instr_data.usage_o[0]);
  * assert property (@(posedge clk_i) disable iff (!rst_ni)  is_jalr[0] |-> ##1 i_instr_queue.gen_instr_fifo[1].i_fifo_instr_data.gate_clock);
  * assert property (@(posedge clk_i) disable iff (!rst_ni)  is_jalr[0] |-> ##1 i_instr_queue.gen_instr_fifo[1].i_fifo_instr_data.pop_i);
  * assert property (@(posedge clk_i) disable iff (!rst_ni)  is_jalr[0] |-> ##1 i_instr_queue.gen_instr_fifo[1].i_fifo_instr_data.read_pointer_n[0]);
  * assert property (@(posedge clk_i) disable iff (!rst_ni)  is_jalr[0] |-> ##1 i_instr_queue.gen_instr_fifo[1].i_fifo_instr_data.read_pointer_n[1]);
  * assert property (@(posedge clk_i) disable iff (!rst_ni)  is_jalr[0] |-> ##1 i_instr_queue.gen_instr_fifo[1].i_fifo_instr_data.read_pointer_q[1]);
  * assert property (@(posedge clk_i) disable iff (!rst_ni)  is_jalr[0] |-> ##1 i_instr_queue.gen_instr_fifo[1].i_fifo_instr_data.usage_o[0]);
  * assert property (@(posedge clk_i) disable iff (!rst_ni)  is_jalr[0] |-> ##1 i_instr_queue.gen_instr_fifo[1].i_fifo_instr_data.write_pointer_n[0]);
  * assert property (@(posedge clk_i) disable iff (!rst_ni)  is_jalr[0] |-> ##1 i_instr_queue.gen_instr_fifo[1].i_fifo_instr_data.write_pointer_n[1]);
  * assert property (@(posedge clk_i) disable iff (!rst_ni)  is_jalr[0] |-> ##1 i_instr_queue.gen_instr_fifo[1].i_fifo_instr_data.write_pointer_q[0]);
  * assert property (@(posedge clk_i) disable iff (!rst_ni)  is_jalr[0] |-> ##1 i_instr_queue.gen_instr_fifo[1].i_fifo_instr_data.write_pointer_q[1]);
  * assert property (@(posedge clk_i) disable iff (!rst_ni)  is_jalr[0] |-> ##1 i_instr_queue.idx_ds_d[0]);
  * assert property (@(posedge clk_i) disable iff (!rst_ni)  is_jalr[0] |-> ##1 i_instr_queue.idx_ds_q[1]);
  * assert property (@(posedge clk_i) disable iff (!rst_ni)  is_jalr[0] |-> ##1 i_instr_queue.idx_is_d[0]);
  * assert property (@(posedge clk_i) disable iff (!rst_ni)  is_jalr[0] |-> ##1 i_instr_queue.idx_is_q[0]);
  * assert property (@(posedge clk_i) disable iff (!rst_ni)  is_jalr[0] |-> ##1 i_instr_queue.instr_queue_usage[0][0]);
  * assert property (@(posedge clk_i) disable iff (!rst_ni)  is_jalr[0] |-> ##1 i_instr_queue.instr_queue_usage[1][0]);
  * assert property (@(posedge clk_i) disable iff (!rst_ni)  is_jalr[0] |-> ##1 i_instr_queue.pop_instr[1]);
  * assert property (@(posedge clk_i) disable iff (!rst_ni)  is_jalr[0] |-> ##1 i_instr_queue.ready_o);
  * assert property (@(posedge clk_i) disable iff (!rst_ni)  is_jalr[0] |-> ##1 icache_dreq_o.req);
  * assert property (@(posedge clk_i) disable iff (!rst_ni)  is_jalr[0] |-> ##1 instr_queue_ready);
  * assert property (@(posedge clk_i) disable iff (!rst_ni)  is_jalr[0] |-> ##1 rvc_jr[0]);
  * assert property (@(posedge clk_i) disable iff (!rst_ni)  is_jump[0] |-> ##1 fetch_entry_ready_i);
  * assert property (@(posedge clk_i) disable iff (!rst_ni)  is_jump[0] |-> ##1 fetch_entry_valid_o);
  * assert property (@(posedge clk_i) disable iff (!rst_ni)  is_jump[0] |-> ##1 i_instr_queue.branch_empty);
  * assert property (@(posedge clk_i) disable iff (!rst_ni)  is_jump[0] |-> ##1 i_instr_queue.fetch_entry_ready_i);
  * assert property (@(posedge clk_i) disable iff (!rst_ni)  is_jump[0] |-> ##1 i_instr_queue.fetch_entry_valid_o);
  * assert property (@(posedge clk_i) disable iff (!rst_ni)  is_jump[0] |-> ##1 i_instr_queue.gen_instr_fifo[0].i_fifo_instr_data.gate_clock);
  * assert property (@(posedge clk_i) disable iff (!rst_ni)  is_jump[0] |-> ##1 i_instr_queue.gen_instr_fifo[1].i_fifo_instr_data.gate_clock);
  * assert property (@(posedge clk_i) disable iff (!rst_ni)  is_jump[0] |-> ##1 i_instr_queue.ready_o);
  * assert property (@(posedge clk_i) disable iff (!rst_ni)  is_jump[0] |-> ##1 icache_dreq_o.req);
  * assert property (@(posedge clk_i) disable iff (!rst_ni)  is_jump[0] |-> ##1 instr_queue_ready);
  * assert property (@(posedge clk_i) disable iff (!rst_ni)  is_jump[1] |-> ##1 fetch_entry_valid_o);
  * assert property (@(posedge clk_i) disable iff (!rst_ni)  is_jump[1] |-> ##1 i_instr_queue.branch_empty);
  * assert property (@(posedge clk_i) disable iff (!rst_ni)  is_jump[1] |-> ##1 i_instr_queue.fetch_entry_valid_o);
  * assert property (@(posedge clk_i) disable iff (!rst_ni)  is_jump[1] |-> ##1 i_instr_queue.gen_instr_fifo[0].i_fifo_instr_data.gate_clock);
  * assert property (@(posedge clk_i) disable iff (!rst_ni)  is_jump[1] |-> ##1 i_instr_queue.gen_instr_fifo[0].i_fifo_instr_data.write_pointer_n[1]);
  * assert property (@(posedge clk_i) disable iff (!rst_ni)  is_jump[1] |-> ##1 i_instr_queue.gen_instr_fifo[0].i_fifo_instr_data.write_pointer_q[1]);
  * assert property (@(posedge clk_i) disable iff (!rst_ni)  is_jump[1] |-> ##1 i_instr_queue.gen_instr_fifo[1].i_fifo_instr_data.gate_clock);
  * assert property (@(posedge clk_i) disable iff (!rst_ni)  is_jump[1] |-> ##1 i_instr_queue.idx_ds_d[0]);
  * assert property (@(posedge clk_i) disable iff (!rst_ni)  is_jump[1] |-> ##1 i_ras.data_o.valid);
  * assert property (@(posedge clk_i) disable iff (!rst_ni)  is_jump[1] |-> ##1 i_ras.stack_d[0].valid);
  * assert property (@(posedge clk_i) disable iff (!rst_ni)  is_jump[1] |-> ##1 i_ras.stack_d[1].valid);
  * assert property (@(posedge clk_i) disable iff (!rst_ni)  is_jump[1] |-> ##1 i_ras.stack_q[0].valid);
  * assert property (@(posedge clk_i) disable iff (!rst_ni)  is_jump[1] |-> ##1 i_ras.stack_q[1].valid);
  * assert property (@(posedge clk_i) disable iff (!rst_ni)  is_jump[1] |-> ##1 ras_predict.valid);
  * assert property (@(posedge clk_i) disable iff (!rst_ni)  is_mispredict |-> ##1 i_instr_queue.branch_empty);
  * assert property (@(posedge clk_i) disable iff (!rst_ni)  is_mispredict |-> ##1 i_instr_queue.gen_instr_fifo[0].i_fifo_instr_data.gate_clock);
  * assert property (@(posedge clk_i) disable iff (!rst_ni)  is_mispredict |-> ##1 i_instr_queue.gen_instr_fifo[1].i_fifo_instr_data.gate_clock);
  * assert property (@(posedge clk_i) disable iff (!rst_ni)  is_return[0] |-> ##1 fetch_entry_valid_o);
  * assert property (@(posedge clk_i) disable iff (!rst_ni)  is_return[0] |-> ##1 gen_instr_scan[0].i_instr_scan.is_jal_r);
  * assert property (@(posedge clk_i) disable iff (!rst_ni)  is_return[0] |-> ##1 gen_instr_scan[0].i_instr_scan.is_rvc);
  * assert property (@(posedge clk_i) disable iff (!rst_ni)  is_return[0] |-> ##1 gen_instr_scan[0].i_instr_scan.rvc_jr_o);
  * assert property (@(posedge clk_i) disable iff (!rst_ni)  is_return[0] |-> ##1 gen_instr_scan[0].i_instr_scan.rvc_return_o);
  * assert property (@(posedge clk_i) disable iff (!rst_ni)  is_return[0] |-> ##1 i_instr_queue.branch_empty);
  * assert property (@(posedge clk_i) disable iff (!rst_ni)  is_return[0] |-> ##1 i_instr_queue.fetch_entry_valid_o);
  * assert property (@(posedge clk_i) disable iff (!rst_ni)  is_return[0] |-> ##1 i_instr_queue.gen_instr_fifo[0].i_fifo_instr_data.gate_clock);
  * assert property (@(posedge clk_i) disable iff (!rst_ni)  is_return[0] |-> ##1 i_instr_queue.gen_instr_fifo[1].i_fifo_instr_data.gate_clock);
  * assert property (@(posedge clk_i) disable iff (!rst_ni)  is_return[0] |-> ##1 rvc_jr[0]);
  * assert property (@(posedge clk_i) disable iff (!rst_ni)  is_return[0] |-> ##1 rvc_return[0]);
  * assert property (@(posedge clk_i) disable iff (!rst_ni)  is_return[1] |-> ##1 fetch_entry_valid_o);
  * assert property (@(posedge clk_i) disable iff (!rst_ni)  is_return[1] |-> ##1 gen_instr_scan[0].i_instr_scan.is_rvc);
  * assert property (@(posedge clk_i) disable iff (!rst_ni)  is_return[1] |-> ##1 gen_instr_scan[1].i_instr_scan.is_jal_r);
  * assert property (@(posedge clk_i) disable iff (!rst_ni)  is_return[1] |-> ##1 gen_instr_scan[1].i_instr_scan.rvc_jr_o);
  * assert property (@(posedge clk_i) disable iff (!rst_ni)  is_return[1] |-> ##1 gen_instr_scan[1].i_instr_scan.rvc_return_o);
  * assert property (@(posedge clk_i) disable iff (!rst_ni)  is_return[1] |-> ##1 i_instr_queue.branch_empty);
  * assert property (@(posedge clk_i) disable iff (!rst_ni)  is_return[1] |-> ##1 i_instr_queue.fetch_entry_valid_o);
  * assert property (@(posedge clk_i) disable iff (!rst_ni)  is_return[1] |-> ##1 i_instr_queue.gen_instr_fifo[0].i_fifo_instr_data.gate_clock);
  * assert property (@(posedge clk_i) disable iff (!rst_ni)  is_return[1] |-> ##1 i_instr_queue.gen_instr_fifo[1].i_fifo_instr_data.gate_clock);
  * assert property (@(posedge clk_i) disable iff (!rst_ni)  is_return[1] |-> ##1 rvc_jr[1]);
  * assert property (@(posedge clk_i) disable iff (!rst_ni)  is_return[1] |-> ##1 rvc_return[1]);
  * assert property (@(posedge clk_i) disable iff (!rst_ni)  npc_rst_load_q |-> ##1 gen_instr_scan[0].i_instr_scan.is_rvc);
  * assert property (@(posedge clk_i) disable iff (!rst_ni)  npc_rst_load_q |-> ##1 i_instr_queue.branch_empty);
  * assert property (@(posedge clk_i) disable iff (!rst_ni)  npc_rst_load_q |-> ##1 i_instr_queue.gen_instr_fifo[0].i_fifo_instr_data.gate_clock);
  * assert property (@(posedge clk_i) disable iff (!rst_ni)  npc_rst_load_q |-> ##1 i_instr_queue.gen_instr_fifo[1].i_fifo_instr_data.gate_clock);
  * assert property (@(posedge clk_i) disable iff (!rst_ni)  ras_pop |-> ##1 fetch_entry_valid_o);
  * assert property (@(posedge clk_i) disable iff (!rst_ni)  ras_pop |-> ##1 gen_instr_scan[0].i_instr_scan.is_rvc);
  * assert property (@(posedge clk_i) disable iff (!rst_ni)  ras_pop |-> ##1 i_instr_queue.branch_empty);
  * assert property (@(posedge clk_i) disable iff (!rst_ni)  ras_pop |-> ##1 i_instr_queue.fetch_entry_valid_o);
  * assert property (@(posedge clk_i) disable iff (!rst_ni)  ras_pop |-> ##1 i_instr_queue.gen_instr_fifo[0].i_fifo_instr_data.gate_clock);
  * assert property (@(posedge clk_i) disable iff (!rst_ni)  ras_pop |-> ##1 i_instr_queue.gen_instr_fifo[1].i_fifo_instr_data.gate_clock);
  * assert property (@(posedge clk_i) disable iff (!rst_ni)  ras_push |-> ##1 i_instr_queue.branch_empty);
  * assert property (@(posedge clk_i) disable iff (!rst_ni)  ras_push |-> ##1 i_ras.stack_d[0].valid);
  * assert property (@(posedge clk_i) disable iff (!rst_ni)  replay |-> ##1 fetch_entry_valid_o);
  * assert property (@(posedge clk_i) disable iff (!rst_ni)  replay |-> ##1 i_instr_queue.branch_empty);
  * assert property (@(posedge clk_i) disable iff (!rst_ni)  replay |-> ##1 i_instr_queue.fetch_entry_valid_o);
  * assert property (@(posedge clk_i) disable iff (!rst_ni)  replay |-> ##1 i_instr_queue.gen_instr_fifo[0].i_fifo_instr_data.gate_clock);
  * assert property (@(posedge clk_i) disable iff (!rst_ni)  replay |-> ##1 i_instr_queue.gen_instr_fifo[1].i_fifo_instr_data.gate_clock);
  * assert property (@(posedge clk_i) disable iff (!rst_ni)  replay |-> ##1 icache_dreq_i.ready);
  * assert property (@(posedge clk_i) disable iff (!rst_ni)  resolved_branch_i.is_mispredict |-> ##1 i_instr_queue.branch_empty);
  * assert property (@(posedge clk_i) disable iff (!rst_ni)  resolved_branch_i.is_mispredict |-> ##1 i_instr_queue.gen_instr_fifo[0].i_fifo_instr_data.gate_clock);
  * assert property (@(posedge clk_i) disable iff (!rst_ni)  resolved_branch_i.is_mispredict |-> ##1 i_instr_queue.gen_instr_fifo[1].i_fifo_instr_data.gate_clock);
  * assert property (@(posedge clk_i) disable iff (!rst_ni)  resolved_branch_i.is_taken |-> ##1 i_instr_queue.branch_empty);
  * assert property (@(posedge clk_i) disable iff (!rst_ni)  resolved_branch_i.is_taken |-> ##1 i_instr_queue.gen_instr_fifo[0].i_fifo_instr_data.empty_o);
  * assert property (@(posedge clk_i) disable iff (!rst_ni)  resolved_branch_i.is_taken |-> ##1 i_instr_queue.gen_instr_fifo[0].i_fifo_instr_data.gate_clock);
  * assert property (@(posedge clk_i) disable iff (!rst_ni)  resolved_branch_i.is_taken |-> ##1 i_instr_queue.gen_instr_fifo[1].i_fifo_instr_data.empty_o);
  * assert property (@(posedge clk_i) disable iff (!rst_ni)  resolved_branch_i.is_taken |-> ##1 i_instr_queue.gen_instr_fifo[1].i_fifo_instr_data.gate_clock);
  * assert property (@(posedge clk_i) disable iff (!rst_ni)  resolved_branch_i.is_taken |-> ##1 i_instr_queue.instr_queue_empty[0]);
  * assert property (@(posedge clk_i) disable iff (!rst_ni)  resolved_branch_i.is_taken |-> ##1 i_instr_queue.instr_queue_empty[1]);
  * assert property (@(posedge clk_i) disable iff (!rst_ni)  resolved_branch_i.is_taken |-> ##1 i_instr_queue.ready_o);
  * assert property (@(posedge clk_i) disable iff (!rst_ni)  resolved_branch_i.is_taken |-> ##1 icache_dreq_o.req);
  * assert property (@(posedge clk_i) disable iff (!rst_ni)  resolved_branch_i.is_taken |-> ##1 instr_queue_ready);
  * assert property (@(posedge clk_i) disable iff (!rst_ni)  resolved_branch_i.valid |-> ##1 i_instr_queue.branch_empty);
  * assert property (@(posedge clk_i) disable iff (!rst_ni)  resolved_branch_i.valid |-> ##1 i_instr_queue.gen_instr_fifo[0].i_fifo_instr_data.empty_o);
  * assert property (@(posedge clk_i) disable iff (!rst_ni)  resolved_branch_i.valid |-> ##1 i_instr_queue.gen_instr_fifo[0].i_fifo_instr_data.gate_clock);
  * assert property (@(posedge clk_i) disable iff (!rst_ni)  resolved_branch_i.valid |-> ##1 i_instr_queue.gen_instr_fifo[1].i_fifo_instr_data.empty_o);
  * assert property (@(posedge clk_i) disable iff (!rst_ni)  resolved_branch_i.valid |-> ##1 i_instr_queue.gen_instr_fifo[1].i_fifo_instr_data.gate_clock);
  * assert property (@(posedge clk_i) disable iff (!rst_ni)  resolved_branch_i.valid |-> ##1 i_instr_queue.instr_queue_empty[0]);
  * assert property (@(posedge clk_i) disable iff (!rst_ni)  resolved_branch_i.valid |-> ##1 i_instr_queue.instr_queue_empty[1]);
  * assert property (@(posedge clk_i) disable iff (!rst_ni)  resolved_branch_i.valid |-> ##1 i_instr_queue.ready_o);
  * assert property (@(posedge clk_i) disable iff (!rst_ni)  resolved_branch_i.valid |-> ##1 icache_dreq_o.req);
  * assert property (@(posedge clk_i) disable iff (!rst_ni)  resolved_branch_i.valid |-> ##1 instr_queue_ready);
  * assert property (@(posedge clk_i) disable iff (!rst_ni)  rvc_branch[0] |-> ##1 i_instr_queue.branch_empty);
  * assert property (@(posedge clk_i) disable iff (!rst_ni)  rvc_branch[0] |-> ##1 i_ras.data_o.valid);
  * assert property (@(posedge clk_i) disable iff (!rst_ni)  rvc_branch[0] |-> ##1 i_ras.stack_d[0].valid);
  * assert property (@(posedge clk_i) disable iff (!rst_ni)  rvc_branch[0] |-> ##1 i_ras.stack_q[0].valid);
  * assert property (@(posedge clk_i) disable iff (!rst_ni)  rvc_branch[0] |-> ##1 ras_predict.valid);
  * assert property (@(posedge clk_i) disable iff (!rst_ni)  rvc_branch[1] |-> ##1 fetch_entry_valid_o);
  * assert property (@(posedge clk_i) disable iff (!rst_ni)  rvc_branch[1] |-> ##1 i_instr_queue.branch_empty);
  * assert property (@(posedge clk_i) disable iff (!rst_ni)  rvc_branch[1] |-> ##1 i_instr_queue.fetch_entry_valid_o);
  * assert property (@(posedge clk_i) disable iff (!rst_ni)  rvc_branch[1] |-> ##1 i_instr_queue.gen_instr_fifo[0].i_fifo_instr_data.write_pointer_n[0]);
  * assert property (@(posedge clk_i) disable iff (!rst_ni)  rvc_branch[1] |-> ##1 i_instr_queue.gen_instr_fifo[0].i_fifo_instr_data.write_pointer_n[1]);
  * assert property (@(posedge clk_i) disable iff (!rst_ni)  rvc_branch[1] |-> ##1 i_instr_queue.gen_instr_fifo[0].i_fifo_instr_data.write_pointer_q[1]);
  * assert property (@(posedge clk_i) disable iff (!rst_ni)  rvc_branch[1] |-> ##1 i_instr_queue.gen_instr_fifo[1].i_fifo_instr_data.write_pointer_n[1]);
  * assert property (@(posedge clk_i) disable iff (!rst_ni)  rvc_branch[1] |-> ##1 i_instr_queue.gen_instr_fifo[1].i_fifo_instr_data.write_pointer_q[1]);
  * assert property (@(posedge clk_i) disable iff (!rst_ni)  rvc_branch[1] |-> ##1 i_instr_queue.ready_o);
  * assert property (@(posedge clk_i) disable iff (!rst_ni)  rvc_branch[1] |-> ##1 i_ras.data_o.valid);
  * assert property (@(posedge clk_i) disable iff (!rst_ni)  rvc_branch[1] |-> ##1 i_ras.stack_d[0].valid);
  * assert property (@(posedge clk_i) disable iff (!rst_ni)  rvc_branch[1] |-> ##1 i_ras.stack_d[1].valid);
  * assert property (@(posedge clk_i) disable iff (!rst_ni)  rvc_branch[1] |-> ##1 i_ras.stack_q[0].valid);
  * assert property (@(posedge clk_i) disable iff (!rst_ni)  rvc_branch[1] |-> ##1 i_ras.stack_q[1].valid);
  * assert property (@(posedge clk_i) disable iff (!rst_ni)  rvc_branch[1] |-> ##1 icache_dreq_o.req);
  * assert property (@(posedge clk_i) disable iff (!rst_ni)  rvc_branch[1] |-> ##1 instr_queue_ready);
  * assert property (@(posedge clk_i) disable iff (!rst_ni)  rvc_branch[1] |-> ##1 ras_predict.valid);
  * assert property (@(posedge clk_i) disable iff (!rst_ni)  rvc_call[0] |-> ##1 gen_instr_scan[0].i_instr_scan.is_rvc);
  * assert property (@(posedge clk_i) disable iff (!rst_ni)  rvc_call[0] |-> ##1 i_instr_queue.gen_instr_fifo[0].i_fifo_instr_data.empty_o);
  * assert property (@(posedge clk_i) disable iff (!rst_ni)  rvc_call[0] |-> ##1 i_instr_queue.gen_instr_fifo[1].i_fifo_instr_data.empty_o);
  * assert property (@(posedge clk_i) disable iff (!rst_ni)  rvc_call[0] |-> ##1 i_instr_queue.gen_instr_fifo[1].i_fifo_instr_data.gate_clock);
  * assert property (@(posedge clk_i) disable iff (!rst_ni)  rvc_call[0] |-> ##1 i_instr_queue.idx_ds_d[0]);
  * assert property (@(posedge clk_i) disable iff (!rst_ni)  rvc_call[0] |-> ##1 i_instr_queue.idx_ds_q[0]);
  * assert property (@(posedge clk_i) disable iff (!rst_ni)  rvc_call[0] |-> ##1 i_instr_queue.instr_queue_empty[0]);
  * assert property (@(posedge clk_i) disable iff (!rst_ni)  rvc_call[0] |-> ##1 i_instr_queue.instr_queue_empty[1]);
  * assert property (@(posedge clk_i) disable iff (!rst_ni)  rvc_call[0] |-> ##1 i_instr_queue.ready_o);
  * assert property (@(posedge clk_i) disable iff (!rst_ni)  rvc_call[0] |-> ##1 i_instr_realign.unaligned_d);
  * assert property (@(posedge clk_i) disable iff (!rst_ni)  rvc_call[0] |-> ##1 i_ras.data_o.valid);
  * assert property (@(posedge clk_i) disable iff (!rst_ni)  rvc_call[0] |-> ##1 i_ras.stack_d[0].valid);
  * assert property (@(posedge clk_i) disable iff (!rst_ni)  rvc_call[0] |-> ##1 i_ras.stack_d[1].valid);
  * assert property (@(posedge clk_i) disable iff (!rst_ni)  rvc_call[0] |-> ##1 i_ras.stack_q[0].valid);
  * assert property (@(posedge clk_i) disable iff (!rst_ni)  rvc_call[0] |-> ##1 i_ras.stack_q[1].valid);
  * assert property (@(posedge clk_i) disable iff (!rst_ni)  rvc_call[0] |-> ##1 icache_dreq_o.req);
  * assert property (@(posedge clk_i) disable iff (!rst_ni)  rvc_call[0] |-> ##1 instr_queue_ready);
  * assert property (@(posedge clk_i) disable iff (!rst_ni)  rvc_call[0] |-> ##1 ras_predict.valid);
  * assert property (@(posedge clk_i) disable iff (!rst_ni)  rvc_call[1] |-> ##1 fetch_entry_valid_o);
  * assert property (@(posedge clk_i) disable iff (!rst_ni)  rvc_call[1] |-> ##1 i_instr_queue.branch_empty);
  * assert property (@(posedge clk_i) disable iff (!rst_ni)  rvc_call[1] |-> ##1 i_instr_queue.fetch_entry_valid_o);
  * assert property (@(posedge clk_i) disable iff (!rst_ni)  rvc_call[1] |-> ##1 i_instr_queue.gen_instr_fifo[0].i_fifo_instr_data.usage_o[1]);
  * assert property (@(posedge clk_i) disable iff (!rst_ni)  rvc_call[1] |-> ##1 i_instr_queue.gen_instr_fifo[1].i_fifo_instr_data.usage_o[1]);
  * assert property (@(posedge clk_i) disable iff (!rst_ni)  rvc_call[1] |-> ##1 i_instr_queue.instr_queue_usage[0][1]);
  * assert property (@(posedge clk_i) disable iff (!rst_ni)  rvc_call[1] |-> ##1 i_instr_queue.instr_queue_usage[1][1]);
  * assert property (@(posedge clk_i) disable iff (!rst_ni)  rvc_call[1] |-> ##1 i_instr_queue.ready_o);
  * assert property (@(posedge clk_i) disable iff (!rst_ni)  rvc_call[1] |-> ##1 i_ras.data_o.valid);
  * assert property (@(posedge clk_i) disable iff (!rst_ni)  rvc_call[1] |-> ##1 i_ras.stack_d[0].valid);
  * assert property (@(posedge clk_i) disable iff (!rst_ni)  rvc_call[1] |-> ##1 i_ras.stack_q[0].valid);
  * assert property (@(posedge clk_i) disable iff (!rst_ni)  rvc_call[1] |-> ##1 icache_dreq_o.req);
  * assert property (@(posedge clk_i) disable iff (!rst_ni)  rvc_call[1] |-> ##1 instr_queue_ready);
  * assert property (@(posedge clk_i) disable iff (!rst_ni)  rvc_call[1] |-> ##1 ras_predict.valid);
  * assert property (@(posedge clk_i) disable iff (!rst_ni)  rvc_jalr[0] |-> ##1 gen_instr_scan[0].i_instr_scan.is_rvc);
  * assert property (@(posedge clk_i) disable iff (!rst_ni)  rvc_jalr[0] |-> ##1 i_instr_queue.gen_instr_fifo[0].i_fifo_instr_data.empty_o);
  * assert property (@(posedge clk_i) disable iff (!rst_ni)  rvc_jalr[0] |-> ##1 i_instr_queue.gen_instr_fifo[1].i_fifo_instr_data.empty_o);
  * assert property (@(posedge clk_i) disable iff (!rst_ni)  rvc_jalr[0] |-> ##1 i_instr_queue.gen_instr_fifo[1].i_fifo_instr_data.gate_clock);
  * assert property (@(posedge clk_i) disable iff (!rst_ni)  rvc_jalr[0] |-> ##1 i_instr_queue.idx_ds_d[0]);
  * assert property (@(posedge clk_i) disable iff (!rst_ni)  rvc_jalr[0] |-> ##1 i_instr_queue.idx_ds_q[0]);
  * assert property (@(posedge clk_i) disable iff (!rst_ni)  rvc_jalr[0] |-> ##1 i_instr_queue.instr_queue_empty[0]);
  * assert property (@(posedge clk_i) disable iff (!rst_ni)  rvc_jalr[0] |-> ##1 i_instr_queue.instr_queue_empty[1]);
  * assert property (@(posedge clk_i) disable iff (!rst_ni)  rvc_jalr[0] |-> ##1 i_instr_queue.ready_o);
  * assert property (@(posedge clk_i) disable iff (!rst_ni)  rvc_jalr[0] |-> ##1 i_instr_realign.unaligned_d);
  * assert property (@(posedge clk_i) disable iff (!rst_ni)  rvc_jalr[0] |-> ##1 i_ras.data_o.valid);
  * assert property (@(posedge clk_i) disable iff (!rst_ni)  rvc_jalr[0] |-> ##1 i_ras.stack_d[0].valid);
  * assert property (@(posedge clk_i) disable iff (!rst_ni)  rvc_jalr[0] |-> ##1 i_ras.stack_d[1].valid);
  * assert property (@(posedge clk_i) disable iff (!rst_ni)  rvc_jalr[0] |-> ##1 i_ras.stack_q[0].valid);
  * assert property (@(posedge clk_i) disable iff (!rst_ni)  rvc_jalr[0] |-> ##1 i_ras.stack_q[1].valid);
  * assert property (@(posedge clk_i) disable iff (!rst_ni)  rvc_jalr[0] |-> ##1 icache_dreq_o.req);
  * assert property (@(posedge clk_i) disable iff (!rst_ni)  rvc_jalr[0] |-> ##1 instr_queue_ready);
  * assert property (@(posedge clk_i) disable iff (!rst_ni)  rvc_jalr[0] |-> ##1 ras_predict.valid);
  * assert property (@(posedge clk_i) disable iff (!rst_ni)  rvc_jalr[1] |-> ##1 fetch_entry_valid_o);
  * assert property (@(posedge clk_i) disable iff (!rst_ni)  rvc_jalr[1] |-> ##1 i_instr_queue.branch_empty);
  * assert property (@(posedge clk_i) disable iff (!rst_ni)  rvc_jalr[1] |-> ##1 i_instr_queue.fetch_entry_valid_o);
  * assert property (@(posedge clk_i) disable iff (!rst_ni)  rvc_jalr[1] |-> ##1 i_instr_queue.gen_instr_fifo[0].i_fifo_instr_data.usage_o[1]);
  * assert property (@(posedge clk_i) disable iff (!rst_ni)  rvc_jalr[1] |-> ##1 i_instr_queue.gen_instr_fifo[1].i_fifo_instr_data.usage_o[1]);
  * assert property (@(posedge clk_i) disable iff (!rst_ni)  rvc_jalr[1] |-> ##1 i_instr_queue.instr_queue_usage[0][1]);
  * assert property (@(posedge clk_i) disable iff (!rst_ni)  rvc_jalr[1] |-> ##1 i_instr_queue.instr_queue_usage[1][1]);
  * assert property (@(posedge clk_i) disable iff (!rst_ni)  rvc_jalr[1] |-> ##1 i_instr_queue.ready_o);
  * assert property (@(posedge clk_i) disable iff (!rst_ni)  rvc_jalr[1] |-> ##1 i_ras.data_o.valid);
  * assert property (@(posedge clk_i) disable iff (!rst_ni)  rvc_jalr[1] |-> ##1 i_ras.stack_d[0].valid);
  * assert property (@(posedge clk_i) disable iff (!rst_ni)  rvc_jalr[1] |-> ##1 i_ras.stack_q[0].valid);
  * assert property (@(posedge clk_i) disable iff (!rst_ni)  rvc_jalr[1] |-> ##1 icache_dreq_o.req);
  * assert property (@(posedge clk_i) disable iff (!rst_ni)  rvc_jalr[1] |-> ##1 instr_queue_ready);
  * assert property (@(posedge clk_i) disable iff (!rst_ni)  rvc_jalr[1] |-> ##1 ras_predict.valid);
  * assert property (@(posedge clk_i) disable iff (!rst_ni)  rvc_jr[0] |-> ##1 gen_instr_scan[0].i_instr_scan.is_rvc);
  * assert property (@(posedge clk_i) disable iff (!rst_ni)  rvc_jr[0] |-> ##1 i_instr_queue.branch_empty);
  * assert property (@(posedge clk_i) disable iff (!rst_ni)  rvc_jr[0] |-> ##1 i_instr_queue.ready_o);
  * assert property (@(posedge clk_i) disable iff (!rst_ni)  rvc_jr[0] |-> ##1 icache_dreq_o.req);
  * assert property (@(posedge clk_i) disable iff (!rst_ni)  rvc_jr[0] |-> ##1 instr_queue_ready);
  * assert property (@(posedge clk_i) disable iff (!rst_ni)  rvc_jr[1] |-> ##1 i_instr_queue.branch_empty);
  * assert property (@(posedge clk_i) disable iff (!rst_ni)  rvc_jump[0] |-> ##1 i_instr_queue.gen_instr_fifo[1].i_fifo_instr_data.empty_o);
  * assert property (@(posedge clk_i) disable iff (!rst_ni)  rvc_jump[0] |-> ##1 i_instr_queue.instr_queue_empty[1]);
  * assert property (@(posedge clk_i) disable iff (!rst_ni)  rvc_jump[0] |-> ##1 i_instr_queue.ready_o);
  * assert property (@(posedge clk_i) disable iff (!rst_ni)  rvc_jump[0] |-> ##1 icache_dreq_o.req);
  * assert property (@(posedge clk_i) disable iff (!rst_ni)  rvc_jump[0] |-> ##1 instr_queue_ready);
  * assert property (@(posedge clk_i) disable iff (!rst_ni)  rvc_jump[1] |-> ##1 i_instr_queue.branch_empty);
  * assert property (@(posedge clk_i) disable iff (!rst_ni)  rvc_jump[1] |-> ##1 i_instr_queue.gen_instr_fifo[0].i_fifo_instr_data.write_pointer_n[1]);
  * assert property (@(posedge clk_i) disable iff (!rst_ni)  rvc_jump[1] |-> ##1 i_instr_queue.gen_instr_fifo[0].i_fifo_instr_data.write_pointer_q[1]);
  * assert property (@(posedge clk_i) disable iff (!rst_ni)  rvc_jump[1] |-> ##1 i_ras.data_o.valid);
  * assert property (@(posedge clk_i) disable iff (!rst_ni)  rvc_jump[1] |-> ##1 i_ras.stack_d[0].valid);
  * assert property (@(posedge clk_i) disable iff (!rst_ni)  rvc_jump[1] |-> ##1 i_ras.stack_d[1].valid);
  * assert property (@(posedge clk_i) disable iff (!rst_ni)  rvc_jump[1] |-> ##1 i_ras.stack_q[0].valid);
  * assert property (@(posedge clk_i) disable iff (!rst_ni)  rvc_jump[1] |-> ##1 i_ras.stack_q[1].valid);
  * assert property (@(posedge clk_i) disable iff (!rst_ni)  rvc_jump[1] |-> ##1 ras_predict.valid);
  * assert property (@(posedge clk_i) disable iff (!rst_ni)  rvc_return[0] |-> ##1 fetch_entry_valid_o);
  * assert property (@(posedge clk_i) disable iff (!rst_ni)  rvc_return[0] |-> ##1 i_instr_queue.branch_empty);
  * assert property (@(posedge clk_i) disable iff (!rst_ni)  rvc_return[0] |-> ##1 i_instr_queue.fetch_entry_valid_o);
  * assert property (@(posedge clk_i) disable iff (!rst_ni)  rvc_return[1] |-> ##1 i_instr_queue.branch_empty);
  * assert property (@(posedge clk_i) disable iff (!rst_ni)  rvi_branch[0] |-> ##1 debug_mode_i);
  * assert property (@(posedge clk_i) disable iff (!rst_ni)  rvi_branch[0] |-> ##1 i_bht.debug_mode_i);
  * assert property (@(posedge clk_i) disable iff (!rst_ni)  rvi_branch[0] |-> ##1 i_btb.debug_mode_i);
  * assert property (@(posedge clk_i) disable iff (!rst_ni)  rvi_branch[0] |-> ##1 i_instr_queue.ready_o);
  * assert property (@(posedge clk_i) disable iff (!rst_ni)  rvi_branch[0] |-> ##1 icache_dreq_o.req);
  * assert property (@(posedge clk_i) disable iff (!rst_ni)  rvi_branch[0] |-> ##1 instr_queue_ready);
  * assert property (@(posedge clk_i) disable iff (!rst_ni)  rvi_jalr[0] |-> ##1 btb_prediction[1].valid);
  * assert property (@(posedge clk_i) disable iff (!rst_ni)  rvi_jalr[0] |-> ##1 btb_prediction_shifted[1].valid);
  * assert property (@(posedge clk_i) disable iff (!rst_ni)  rvi_jalr[0] |-> ##1 i_btb.btb_prediction_o[1].valid);
  * assert property (@(posedge clk_i) disable iff (!rst_ni)  rvi_jalr[0] |-> ##1 i_instr_queue.branch_empty);
  * assert property (@(posedge clk_i) disable iff (!rst_ni)  rvi_jalr[0] |-> ##1 i_instr_queue.gen_instr_fifo[0].i_fifo_instr_data.empty_o);
  * assert property (@(posedge clk_i) disable iff (!rst_ni)  rvi_jalr[0] |-> ##1 i_instr_queue.gen_instr_fifo[0].i_fifo_instr_data.gate_clock);
  * assert property (@(posedge clk_i) disable iff (!rst_ni)  rvi_jalr[0] |-> ##1 i_instr_queue.gen_instr_fifo[1].i_fifo_instr_data.empty_o);
  * assert property (@(posedge clk_i) disable iff (!rst_ni)  rvi_jalr[0] |-> ##1 i_instr_queue.gen_instr_fifo[1].i_fifo_instr_data.gate_clock);
  * assert property (@(posedge clk_i) disable iff (!rst_ni)  rvi_jalr[0] |-> ##1 i_instr_queue.idx_ds_d[0]);
  * assert property (@(posedge clk_i) disable iff (!rst_ni)  rvi_jalr[0] |-> ##1 i_instr_queue.idx_ds_q[0]);
  * assert property (@(posedge clk_i) disable iff (!rst_ni)  rvi_jalr[0] |-> ##1 i_instr_queue.instr_queue_empty[0]);
  * assert property (@(posedge clk_i) disable iff (!rst_ni)  rvi_jalr[0] |-> ##1 i_instr_queue.instr_queue_empty[1]);
  * assert property (@(posedge clk_i) disable iff (!rst_ni)  rvi_jalr[0] |-> ##1 i_instr_queue.ready_o);
  * assert property (@(posedge clk_i) disable iff (!rst_ni)  rvi_jalr[0] |-> ##1 i_instr_realign.unaligned_d);
  * assert property (@(posedge clk_i) disable iff (!rst_ni)  rvi_jalr[0] |-> ##1 i_instr_realign.valid_i);
  * assert property (@(posedge clk_i) disable iff (!rst_ni)  rvi_jalr[0] |-> ##1 icache_dreq_i.ready);
  * assert property (@(posedge clk_i) disable iff (!rst_ni)  rvi_jalr[0] |-> ##1 icache_dreq_i.valid);
  * assert property (@(posedge clk_i) disable iff (!rst_ni)  rvi_jalr[0] |-> ##1 icache_dreq_o.req);
  * assert property (@(posedge clk_i) disable iff (!rst_ni)  rvi_jalr[0] |-> ##1 icache_valid_q);
  * assert property (@(posedge clk_i) disable iff (!rst_ni)  rvi_jalr[0] |-> ##1 if_ready);
  * assert property (@(posedge clk_i) disable iff (!rst_ni)  rvi_jalr[0] |-> ##1 instr_queue_ready);
  * assert property (@(posedge clk_i) disable iff (!rst_ni)  rvi_jump[0] |-> ##1 debug_mode_i);
  * assert property (@(posedge clk_i) disable iff (!rst_ni)  rvi_jump[0] |-> ##1 i_bht.debug_mode_i);
  * assert property (@(posedge clk_i) disable iff (!rst_ni)  rvi_jump[0] |-> ##1 i_btb.debug_mode_i);
  * assert property (@(posedge clk_i) disable iff (!rst_ni)  rvi_jump[0] |-> ##1 i_instr_queue.ready_o);
  * assert property (@(posedge clk_i) disable iff (!rst_ni)  rvi_jump[0] |-> ##1 icache_dreq_o.req);
  * assert property (@(posedge clk_i) disable iff (!rst_ni)  rvi_jump[0] |-> ##1 instr_queue_ready);
  * assert property (@(posedge clk_i) disable iff (!rst_ni)  taken_rvc_cf[0] |-> ##1 fetch_entry_ready_i);
  * assert property (@(posedge clk_i) disable iff (!rst_ni)  taken_rvc_cf[0] |-> ##1 fetch_entry_valid_o);
  * assert property (@(posedge clk_i) disable iff (!rst_ni)  taken_rvc_cf[0] |-> ##1 gen_instr_scan[0].i_instr_scan.is_rvc);
  * assert property (@(posedge clk_i) disable iff (!rst_ni)  taken_rvc_cf[0] |-> ##1 gen_instr_scan[0].i_instr_scan.rvc_jump_o);
  * assert property (@(posedge clk_i) disable iff (!rst_ni)  taken_rvc_cf[0] |-> ##1 i_instr_queue.branch_empty);
  * assert property (@(posedge clk_i) disable iff (!rst_ni)  taken_rvc_cf[0] |-> ##1 i_instr_queue.fetch_entry_ready_i);
  * assert property (@(posedge clk_i) disable iff (!rst_ni)  taken_rvc_cf[0] |-> ##1 i_instr_queue.fetch_entry_valid_o);
  * assert property (@(posedge clk_i) disable iff (!rst_ni)  taken_rvc_cf[0] |-> ##1 i_instr_queue.gen_instr_fifo[0].i_fifo_instr_data.gate_clock);
  * assert property (@(posedge clk_i) disable iff (!rst_ni)  taken_rvc_cf[0] |-> ##1 i_instr_queue.gen_instr_fifo[0].i_fifo_instr_data.pop_i);
  * assert property (@(posedge clk_i) disable iff (!rst_ni)  taken_rvc_cf[0] |-> ##1 i_instr_queue.gen_instr_fifo[0].i_fifo_instr_data.usage_o[0]);
  * assert property (@(posedge clk_i) disable iff (!rst_ni)  taken_rvc_cf[0] |-> ##1 i_instr_queue.gen_instr_fifo[1].i_fifo_instr_data.empty_o);
  * assert property (@(posedge clk_i) disable iff (!rst_ni)  taken_rvc_cf[0] |-> ##1 i_instr_queue.gen_instr_fifo[1].i_fifo_instr_data.gate_clock);
  * assert property (@(posedge clk_i) disable iff (!rst_ni)  taken_rvc_cf[0] |-> ##1 i_instr_queue.idx_ds_d[1]);
  * assert property (@(posedge clk_i) disable iff (!rst_ni)  taken_rvc_cf[0] |-> ##1 i_instr_queue.idx_ds_q[0]);
  * assert property (@(posedge clk_i) disable iff (!rst_ni)  taken_rvc_cf[0] |-> ##1 i_instr_queue.idx_is_d[0]);
  * assert property (@(posedge clk_i) disable iff (!rst_ni)  taken_rvc_cf[0] |-> ##1 i_instr_queue.idx_is_q[0]);
  * assert property (@(posedge clk_i) disable iff (!rst_ni)  taken_rvc_cf[0] |-> ##1 i_instr_queue.instr_queue_empty[1]);
  * assert property (@(posedge clk_i) disable iff (!rst_ni)  taken_rvc_cf[0] |-> ##1 i_instr_queue.instr_queue_usage[0][0]);
  * assert property (@(posedge clk_i) disable iff (!rst_ni)  taken_rvc_cf[0] |-> ##1 i_instr_queue.pop_instr[0]);
  * assert property (@(posedge clk_i) disable iff (!rst_ni)  taken_rvc_cf[0] |-> ##1 i_instr_queue.ready_o);
  * assert property (@(posedge clk_i) disable iff (!rst_ni)  taken_rvc_cf[0] |-> ##1 icache_dreq_o.req);
  * assert property (@(posedge clk_i) disable iff (!rst_ni)  taken_rvc_cf[0] |-> ##1 instr_queue_ready);
  * assert property (@(posedge clk_i) disable iff (!rst_ni)  taken_rvc_cf[0] |-> ##1 rvc_jump[0]);
  * assert property (@(posedge clk_i) disable iff (!rst_ni)  taken_rvc_cf[1] |-> ##1 fetch_entry_valid_o);
  * assert property (@(posedge clk_i) disable iff (!rst_ni)  taken_rvc_cf[1] |-> ##1 i_instr_queue.branch_empty);
  * assert property (@(posedge clk_i) disable iff (!rst_ni)  taken_rvc_cf[1] |-> ##1 i_instr_queue.fetch_entry_valid_o);
  * assert property (@(posedge clk_i) disable iff (!rst_ni)  taken_rvc_cf[1] |-> ##1 i_instr_queue.gen_instr_fifo[0].i_fifo_instr_data.gate_clock);
  * assert property (@(posedge clk_i) disable iff (!rst_ni)  taken_rvc_cf[1] |-> ##1 i_instr_queue.gen_instr_fifo[0].i_fifo_instr_data.write_pointer_n[1]);
  * assert property (@(posedge clk_i) disable iff (!rst_ni)  taken_rvc_cf[1] |-> ##1 i_instr_queue.gen_instr_fifo[0].i_fifo_instr_data.write_pointer_q[1]);
  * assert property (@(posedge clk_i) disable iff (!rst_ni)  taken_rvc_cf[1] |-> ##1 i_instr_queue.gen_instr_fifo[1].i_fifo_instr_data.gate_clock);
  * assert property (@(posedge clk_i) disable iff (!rst_ni)  taken_rvc_cf[1] |-> ##1 i_instr_queue.idx_ds_d[0]);
  * assert property (@(posedge clk_i) disable iff (!rst_ni)  taken_rvc_cf[1] |-> ##1 i_ras.data_o.valid);
  * assert property (@(posedge clk_i) disable iff (!rst_ni)  taken_rvc_cf[1] |-> ##1 i_ras.stack_d[0].valid);
  * assert property (@(posedge clk_i) disable iff (!rst_ni)  taken_rvc_cf[1] |-> ##1 i_ras.stack_d[1].valid);
  * assert property (@(posedge clk_i) disable iff (!rst_ni)  taken_rvc_cf[1] |-> ##1 i_ras.stack_q[0].valid);
  * assert property (@(posedge clk_i) disable iff (!rst_ni)  taken_rvc_cf[1] |-> ##1 i_ras.stack_q[1].valid);
  * assert property (@(posedge clk_i) disable iff (!rst_ni)  taken_rvc_cf[1] |-> ##1 ras_predict.valid);
  * assert property (@(posedge clk_i) disable iff (!rst_ni)  taken_rvi_cf[0] |-> ##1 debug_mode_i);
  * assert property (@(posedge clk_i) disable iff (!rst_ni)  taken_rvi_cf[0] |-> ##1 fetch_entry_ready_i);
  * assert property (@(posedge clk_i) disable iff (!rst_ni)  taken_rvi_cf[0] |-> ##1 fetch_entry_valid_o);
  * assert property (@(posedge clk_i) disable iff (!rst_ni)  taken_rvi_cf[0] |-> ##1 i_bht.debug_mode_i);
  * assert property (@(posedge clk_i) disable iff (!rst_ni)  taken_rvi_cf[0] |-> ##1 i_btb.debug_mode_i);
  * assert property (@(posedge clk_i) disable iff (!rst_ni)  taken_rvi_cf[0] |-> ##1 i_instr_queue.branch_empty);
  * assert property (@(posedge clk_i) disable iff (!rst_ni)  taken_rvi_cf[0] |-> ##1 i_instr_queue.fetch_entry_ready_i);
  * assert property (@(posedge clk_i) disable iff (!rst_ni)  taken_rvi_cf[0] |-> ##1 i_instr_queue.fetch_entry_valid_o);
  * assert property (@(posedge clk_i) disable iff (!rst_ni)  taken_rvi_cf[0] |-> ##1 i_instr_queue.gen_instr_fifo[0].i_fifo_instr_data.gate_clock);
  * assert property (@(posedge clk_i) disable iff (!rst_ni)  taken_rvi_cf[0] |-> ##1 i_instr_queue.gen_instr_fifo[1].i_fifo_instr_data.gate_clock);
  * assert property (@(posedge clk_i) disable iff (!rst_ni)  taken_rvi_cf[0] |-> ##1 i_instr_queue.ready_o);
  * assert property (@(posedge clk_i) disable iff (!rst_ni)  taken_rvi_cf[0] |-> ##1 icache_dreq_o.req);
  * assert property (@(posedge clk_i) disable iff (!rst_ni)  taken_rvi_cf[0] |-> ##1 instr_queue_ready);

undetermined:

  * (none)

