"cex","issue_stage_i.alu_valid_o","issue_stage_i.i_issue_read_operands.flu_ready_i"
"cex","issue_stage_i.branch_valid_o","issue_stage_i.commit_instr_o[0].use_imm"
"cex","issue_stage_i.branch_valid_o","issue_stage_i.flu_ready_i"
"cex","issue_stage_i.branch_valid_o","issue_stage_i.i_issue_read_operands.flu_ready_i"
"cex","issue_stage_i.branch_valid_o","issue_stage_i.i_scoreboard.commit_instr_o[0].use_imm"
"cex","issue_stage_i.commit_instr_o[0].ex.valid","issue_stage_i.flu_ready_i"
"cex","issue_stage_i.commit_instr_o[0].ex.valid","issue_stage_i.i_issue_read_operands.flu_ready_i"
"cex","issue_stage_i.commit_instr_o[0].ex.valid","issue_stage_i.i_issue_read_operands.lsu_ready_i"
"cex","issue_stage_i.commit_instr_o[0].ex.valid","issue_stage_i.lsu_ready_i"
"cex","issue_stage_i.commit_instr_o[0].use_pc","issue_stage_i.i_issue_read_operands.lsu_ready_i"
"cex","issue_stage_i.commit_instr_o[0].use_pc","issue_stage_i.lsu_ready_i"
"cex","issue_stage_i.commit_instr_o[1].ex.valid","issue_stage_i.commit_instr_o[1].use_imm"
"cex","issue_stage_i.commit_instr_o[1].ex.valid","issue_stage_i.i_issue_read_operands.lsu_ready_i"
"cex","issue_stage_i.commit_instr_o[1].ex.valid","issue_stage_i.i_scoreboard.commit_instr_o[1].use_imm"
"cex","issue_stage_i.commit_instr_o[1].ex.valid","issue_stage_i.lsu_ready_i"
"cex","issue_stage_i.commit_instr_o[1].use_pc","issue_stage_i.i_issue_read_operands.lsu_ready_i"
"cex","issue_stage_i.commit_instr_o[1].use_pc","issue_stage_i.lsu_ready_i"
"cex","issue_stage_i.csr_valid_o","issue_stage_i.commit_instr_o[0].valid"
"cex","issue_stage_i.csr_valid_o","issue_stage_i.i_issue_read_operands.we_gpr_i[0]"
"cex","issue_stage_i.csr_valid_o","issue_stage_i.i_issue_read_operands.we_pack[0]"
"cex","issue_stage_i.csr_valid_o","issue_stage_i.i_scoreboard.commit_instr_o[0].valid"
"cex","issue_stage_i.csr_valid_o","issue_stage_i.we_gpr_i[0]"
"proven","issue_stage_i.decoded_instr_i.is_compressed","issue_stage_i.i_issue_read_operands.is_compressed_instr_o"
"proven","issue_stage_i.decoded_instr_i.is_compressed","issue_stage_i.is_compressed_instr_o"
"cex","issue_stage_i.decoded_instr_i.use_pc","issue_stage_i.decoded_instr_i.use_imm"
"cex","issue_stage_i.decoded_instr_i.use_pc","issue_stage_i.flu_ready_i"
"cex","issue_stage_i.decoded_instr_i.use_pc","issue_stage_i.i_issue_read_operands.flu_ready_i"
"cex","issue_stage_i.decoded_instr_i.use_pc","issue_stage_i.i_issue_read_operands.issue_instr_i.use_imm"
"cex","issue_stage_i.decoded_instr_i.use_pc","issue_stage_i.i_re_name.issue_instr_i.use_imm"
"cex","issue_stage_i.decoded_instr_i.use_pc","issue_stage_i.i_re_name.issue_instr_o.use_imm"
"cex","issue_stage_i.decoded_instr_i.use_pc","issue_stage_i.i_scoreboard.decoded_instr_i.use_imm"
"cex","issue_stage_i.decoded_instr_i.use_pc","issue_stage_i.i_scoreboard.issue_instr_o.use_imm"
"cex","issue_stage_i.decoded_instr_i.use_pc","issue_stage_i.issue_instr_rename_sb.use_imm"
"cex","issue_stage_i.decoded_instr_i.use_pc","issue_stage_i.issue_instr_sb_iro.use_imm"
"proven","issue_stage_i.flush_i","issue_stage_i.flu_ready_i"
"proven","issue_stage_i.flush_i","issue_stage_i.i_issue_read_operands.flu_ready_i"
"proven","issue_stage_i.flush_i","issue_stage_i.i_issue_read_operands.lsu_ready_i"
"proven","issue_stage_i.flush_i","issue_stage_i.lsu_ready_i"
"cex","issue_stage_i.flush_unissued_instr_i","issue_stage_i.flu_ready_i"
"cex","issue_stage_i.flush_unissued_instr_i","issue_stage_i.i_issue_read_operands.flu_ready_i"
"cex","issue_stage_i.fpu_valid_o","issue_stage_i.flu_ready_i"
"cex","issue_stage_i.fpu_valid_o","issue_stage_i.i_issue_read_operands.flu_ready_i"
"cex","issue_stage_i.fpu_valid_o","issue_stage_i.i_issue_read_operands.lsu_ready_i"
"cex","issue_stage_i.fpu_valid_o","issue_stage_i.lsu_ready_i"
"cex","issue_stage_i.i_issue_read_operands.alu_valid_o","issue_stage_i.flu_ready_i"
"cex","issue_stage_i.i_issue_read_operands.alu_valid_o","issue_stage_i.i_issue_read_operands.flu_ready_i"
"cex","issue_stage_i.i_issue_read_operands.alu_valid_q","issue_stage_i.flu_ready_i"
"cex","issue_stage_i.i_issue_read_operands.alu_valid_q","issue_stage_i.i_issue_read_operands.flu_ready_i"
"cex","issue_stage_i.i_issue_read_operands.branch_valid_o","issue_stage_i.commit_instr_o[0].use_imm"
"cex","issue_stage_i.i_issue_read_operands.branch_valid_o","issue_stage_i.flu_ready_i"
"cex","issue_stage_i.i_issue_read_operands.branch_valid_o","issue_stage_i.i_issue_read_operands.flu_ready_i"
"cex","issue_stage_i.i_issue_read_operands.branch_valid_o","issue_stage_i.i_scoreboard.commit_instr_o[0].use_imm"
"cex","issue_stage_i.i_issue_read_operands.branch_valid_q","issue_stage_i.commit_instr_o[0].use_imm"
"cex","issue_stage_i.i_issue_read_operands.branch_valid_q","issue_stage_i.flu_ready_i"
"cex","issue_stage_i.i_issue_read_operands.branch_valid_q","issue_stage_i.i_issue_read_operands.flu_ready_i"
"cex","issue_stage_i.i_issue_read_operands.branch_valid_q","issue_stage_i.i_scoreboard.commit_instr_o[0].use_imm"
"cex","issue_stage_i.i_issue_read_operands.csr_valid_o","issue_stage_i.commit_instr_o[0].valid"
"cex","issue_stage_i.i_issue_read_operands.csr_valid_o","issue_stage_i.i_issue_read_operands.we_gpr_i[0]"
"cex","issue_stage_i.i_issue_read_operands.csr_valid_o","issue_stage_i.i_issue_read_operands.we_pack[0]"
"cex","issue_stage_i.i_issue_read_operands.csr_valid_o","issue_stage_i.i_scoreboard.commit_instr_o[0].valid"
"cex","issue_stage_i.i_issue_read_operands.csr_valid_o","issue_stage_i.we_gpr_i[0]"
"cex","issue_stage_i.i_issue_read_operands.csr_valid_q","issue_stage_i.commit_instr_o[0].valid"
"cex","issue_stage_i.i_issue_read_operands.csr_valid_q","issue_stage_i.i_issue_read_operands.we_gpr_i[0]"
"cex","issue_stage_i.i_issue_read_operands.csr_valid_q","issue_stage_i.i_issue_read_operands.we_pack[0]"
"cex","issue_stage_i.i_issue_read_operands.csr_valid_q","issue_stage_i.i_scoreboard.commit_instr_o[0].valid"
"cex","issue_stage_i.i_issue_read_operands.csr_valid_q","issue_stage_i.we_gpr_i[0]"
"cex","issue_stage_i.i_issue_read_operands.flush_i","issue_stage_i.flu_ready_i"
"cex","issue_stage_i.i_issue_read_operands.flush_i","issue_stage_i.i_issue_read_operands.flu_ready_i"
"cex","issue_stage_i.i_issue_read_operands.fpu_valid_o","issue_stage_i.flu_ready_i"
"cex","issue_stage_i.i_issue_read_operands.fpu_valid_o","issue_stage_i.i_issue_read_operands.flu_ready_i"
"cex","issue_stage_i.i_issue_read_operands.fpu_valid_o","issue_stage_i.i_issue_read_operands.lsu_ready_i"
"cex","issue_stage_i.i_issue_read_operands.fpu_valid_o","issue_stage_i.lsu_ready_i"
"cex","issue_stage_i.i_issue_read_operands.fpu_valid_q","issue_stage_i.flu_ready_i"
"cex","issue_stage_i.i_issue_read_operands.fpu_valid_q","issue_stage_i.i_issue_read_operands.flu_ready_i"
"cex","issue_stage_i.i_issue_read_operands.fpu_valid_q","issue_stage_i.i_issue_read_operands.lsu_ready_i"
"cex","issue_stage_i.i_issue_read_operands.fpu_valid_q","issue_stage_i.lsu_ready_i"
"proven","issue_stage_i.i_issue_read_operands.issue_instr_i.is_compressed","issue_stage_i.i_issue_read_operands.is_compressed_instr_o"
"proven","issue_stage_i.i_issue_read_operands.issue_instr_i.is_compressed","issue_stage_i.is_compressed_instr_o"
"cex","issue_stage_i.i_issue_read_operands.issue_instr_i.use_pc","issue_stage_i.decoded_instr_i.use_imm"
"cex","issue_stage_i.i_issue_read_operands.issue_instr_i.use_pc","issue_stage_i.flu_ready_i"
"cex","issue_stage_i.i_issue_read_operands.issue_instr_i.use_pc","issue_stage_i.i_issue_read_operands.flu_ready_i"
"cex","issue_stage_i.i_issue_read_operands.issue_instr_i.use_pc","issue_stage_i.i_issue_read_operands.issue_instr_i.use_imm"
"cex","issue_stage_i.i_issue_read_operands.issue_instr_i.use_pc","issue_stage_i.i_re_name.issue_instr_i.use_imm"
"cex","issue_stage_i.i_issue_read_operands.issue_instr_i.use_pc","issue_stage_i.i_re_name.issue_instr_o.use_imm"
"cex","issue_stage_i.i_issue_read_operands.issue_instr_i.use_pc","issue_stage_i.i_scoreboard.decoded_instr_i.use_imm"
"cex","issue_stage_i.i_issue_read_operands.issue_instr_i.use_pc","issue_stage_i.i_scoreboard.issue_instr_o.use_imm"
"cex","issue_stage_i.i_issue_read_operands.issue_instr_i.use_pc","issue_stage_i.issue_instr_rename_sb.use_imm"
"cex","issue_stage_i.i_issue_read_operands.issue_instr_i.use_pc","issue_stage_i.issue_instr_sb_iro.use_imm"
"cex","issue_stage_i.i_issue_read_operands.mult_valid_o","issue_stage_i.decoded_instr_i.use_imm"
"cex","issue_stage_i.i_issue_read_operands.mult_valid_o","issue_stage_i.decoded_instr_valid_i"
"cex","issue_stage_i.i_issue_read_operands.mult_valid_o","issue_stage_i.i_issue_read_operands.issue_instr_i.use_imm"
"cex","issue_stage_i.i_issue_read_operands.mult_valid_o","issue_stage_i.i_issue_read_operands.issue_instr_valid_i"
"cex","issue_stage_i.i_issue_read_operands.mult_valid_o","issue_stage_i.i_issue_read_operands.lsu_ready_i"
"cex","issue_stage_i.i_issue_read_operands.mult_valid_o","issue_stage_i.i_re_name.issue_instr_i.use_imm"
"cex","issue_stage_i.i_issue_read_operands.mult_valid_o","issue_stage_i.i_re_name.issue_instr_o.use_imm"
"cex","issue_stage_i.i_issue_read_operands.mult_valid_o","issue_stage_i.i_re_name.issue_instr_valid_i"
"cex","issue_stage_i.i_issue_read_operands.mult_valid_o","issue_stage_i.i_re_name.issue_instr_valid_o"
"cex","issue_stage_i.i_issue_read_operands.mult_valid_o","issue_stage_i.i_scoreboard.decoded_instr_i.use_imm"
"cex","issue_stage_i.i_issue_read_operands.mult_valid_o","issue_stage_i.i_scoreboard.decoded_instr_valid_i"
"cex","issue_stage_i.i_issue_read_operands.mult_valid_o","issue_stage_i.i_scoreboard.issue_instr_o.use_imm"
"cex","issue_stage_i.i_issue_read_operands.mult_valid_o","issue_stage_i.i_scoreboard.issue_instr_valid_o"
"cex","issue_stage_i.i_issue_read_operands.mult_valid_o","issue_stage_i.i_scoreboard.mem_n[0].sbe.use_imm"
"cex","issue_stage_i.i_issue_read_operands.mult_valid_o","issue_stage_i.i_scoreboard.mem_q[0].sbe.use_imm"
"cex","issue_stage_i.i_issue_read_operands.mult_valid_o","issue_stage_i.i_scoreboard.wt_valid_i[3]"
"cex","issue_stage_i.i_issue_read_operands.mult_valid_o","issue_stage_i.issue_instr_rename_sb.use_imm"
"cex","issue_stage_i.i_issue_read_operands.mult_valid_o","issue_stage_i.issue_instr_sb_iro.use_imm"
"cex","issue_stage_i.i_issue_read_operands.mult_valid_o","issue_stage_i.issue_instr_valid_rename_sb"
"cex","issue_stage_i.i_issue_read_operands.mult_valid_o","issue_stage_i.issue_instr_valid_sb_iro"
"cex","issue_stage_i.i_issue_read_operands.mult_valid_o","issue_stage_i.lsu_ready_i"
"cex","issue_stage_i.i_issue_read_operands.mult_valid_o","issue_stage_i.wt_valid_i[3]"
"cex","issue_stage_i.i_issue_read_operands.mult_valid_q","issue_stage_i.decoded_instr_i.use_imm"
"cex","issue_stage_i.i_issue_read_operands.mult_valid_q","issue_stage_i.decoded_instr_valid_i"
"cex","issue_stage_i.i_issue_read_operands.mult_valid_q","issue_stage_i.i_issue_read_operands.issue_instr_i.use_imm"
"cex","issue_stage_i.i_issue_read_operands.mult_valid_q","issue_stage_i.i_issue_read_operands.issue_instr_valid_i"
"cex","issue_stage_i.i_issue_read_operands.mult_valid_q","issue_stage_i.i_issue_read_operands.lsu_ready_i"
"cex","issue_stage_i.i_issue_read_operands.mult_valid_q","issue_stage_i.i_re_name.issue_instr_i.use_imm"
"cex","issue_stage_i.i_issue_read_operands.mult_valid_q","issue_stage_i.i_re_name.issue_instr_o.use_imm"
"cex","issue_stage_i.i_issue_read_operands.mult_valid_q","issue_stage_i.i_re_name.issue_instr_valid_i"
"cex","issue_stage_i.i_issue_read_operands.mult_valid_q","issue_stage_i.i_re_name.issue_instr_valid_o"
"cex","issue_stage_i.i_issue_read_operands.mult_valid_q","issue_stage_i.i_scoreboard.decoded_instr_i.use_imm"
"cex","issue_stage_i.i_issue_read_operands.mult_valid_q","issue_stage_i.i_scoreboard.decoded_instr_valid_i"
"cex","issue_stage_i.i_issue_read_operands.mult_valid_q","issue_stage_i.i_scoreboard.issue_instr_o.use_imm"
"cex","issue_stage_i.i_issue_read_operands.mult_valid_q","issue_stage_i.i_scoreboard.issue_instr_valid_o"
"cex","issue_stage_i.i_issue_read_operands.mult_valid_q","issue_stage_i.i_scoreboard.mem_n[0].sbe.use_imm"
"cex","issue_stage_i.i_issue_read_operands.mult_valid_q","issue_stage_i.i_scoreboard.mem_q[0].sbe.use_imm"
"cex","issue_stage_i.i_issue_read_operands.mult_valid_q","issue_stage_i.i_scoreboard.wt_valid_i[3]"
"cex","issue_stage_i.i_issue_read_operands.mult_valid_q","issue_stage_i.issue_instr_rename_sb.use_imm"
"cex","issue_stage_i.i_issue_read_operands.mult_valid_q","issue_stage_i.issue_instr_sb_iro.use_imm"
"cex","issue_stage_i.i_issue_read_operands.mult_valid_q","issue_stage_i.issue_instr_valid_rename_sb"
"cex","issue_stage_i.i_issue_read_operands.mult_valid_q","issue_stage_i.issue_instr_valid_sb_iro"
"cex","issue_stage_i.i_issue_read_operands.mult_valid_q","issue_stage_i.lsu_ready_i"
"cex","issue_stage_i.i_issue_read_operands.mult_valid_q","issue_stage_i.wt_valid_i[3]"
"cex","issue_stage_i.i_issue_read_operands.we_fpr_i[0]","issue_stage_i.flu_ready_i"
"cex","issue_stage_i.i_issue_read_operands.we_fpr_i[0]","issue_stage_i.i_issue_read_operands.flu_ready_i"
"cex","issue_stage_i.i_issue_read_operands.we_fpr_i[0]","issue_stage_i.i_issue_read_operands.lsu_ready_i"
"cex","issue_stage_i.i_issue_read_operands.we_fpr_i[0]","issue_stage_i.lsu_ready_i"
"proven","issue_stage_i.i_re_name.flush_i","issue_stage_i.flu_ready_i"
"proven","issue_stage_i.i_re_name.flush_i","issue_stage_i.i_issue_read_operands.flu_ready_i"
"proven","issue_stage_i.i_re_name.flush_i","issue_stage_i.i_issue_read_operands.lsu_ready_i"
"proven","issue_stage_i.i_re_name.flush_i","issue_stage_i.lsu_ready_i"
"cex","issue_stage_i.i_re_name.flush_unissied_instr_i","issue_stage_i.flu_ready_i"
"cex","issue_stage_i.i_re_name.flush_unissied_instr_i","issue_stage_i.i_issue_read_operands.flu_ready_i"
"proven","issue_stage_i.i_re_name.issue_instr_i.is_compressed","issue_stage_i.i_issue_read_operands.is_compressed_instr_o"
"proven","issue_stage_i.i_re_name.issue_instr_i.is_compressed","issue_stage_i.is_compressed_instr_o"
"cex","issue_stage_i.i_re_name.issue_instr_i.use_pc","issue_stage_i.decoded_instr_i.use_imm"
"cex","issue_stage_i.i_re_name.issue_instr_i.use_pc","issue_stage_i.flu_ready_i"
"cex","issue_stage_i.i_re_name.issue_instr_i.use_pc","issue_stage_i.i_issue_read_operands.flu_ready_i"
"cex","issue_stage_i.i_re_name.issue_instr_i.use_pc","issue_stage_i.i_issue_read_operands.issue_instr_i.use_imm"
"cex","issue_stage_i.i_re_name.issue_instr_i.use_pc","issue_stage_i.i_re_name.issue_instr_i.use_imm"
"cex","issue_stage_i.i_re_name.issue_instr_i.use_pc","issue_stage_i.i_re_name.issue_instr_o.use_imm"
"cex","issue_stage_i.i_re_name.issue_instr_i.use_pc","issue_stage_i.i_scoreboard.decoded_instr_i.use_imm"
"cex","issue_stage_i.i_re_name.issue_instr_i.use_pc","issue_stage_i.i_scoreboard.issue_instr_o.use_imm"
"cex","issue_stage_i.i_re_name.issue_instr_i.use_pc","issue_stage_i.issue_instr_rename_sb.use_imm"
"cex","issue_stage_i.i_re_name.issue_instr_i.use_pc","issue_stage_i.issue_instr_sb_iro.use_imm"
"proven","issue_stage_i.i_re_name.issue_instr_o.is_compressed","issue_stage_i.i_issue_read_operands.is_compressed_instr_o"
"proven","issue_stage_i.i_re_name.issue_instr_o.is_compressed","issue_stage_i.is_compressed_instr_o"
"cex","issue_stage_i.i_re_name.issue_instr_o.use_pc","issue_stage_i.decoded_instr_i.use_imm"
"cex","issue_stage_i.i_re_name.issue_instr_o.use_pc","issue_stage_i.flu_ready_i"
"cex","issue_stage_i.i_re_name.issue_instr_o.use_pc","issue_stage_i.i_issue_read_operands.flu_ready_i"
"cex","issue_stage_i.i_re_name.issue_instr_o.use_pc","issue_stage_i.i_issue_read_operands.issue_instr_i.use_imm"
"cex","issue_stage_i.i_re_name.issue_instr_o.use_pc","issue_stage_i.i_re_name.issue_instr_i.use_imm"
"cex","issue_stage_i.i_re_name.issue_instr_o.use_pc","issue_stage_i.i_re_name.issue_instr_o.use_imm"
"cex","issue_stage_i.i_re_name.issue_instr_o.use_pc","issue_stage_i.i_scoreboard.decoded_instr_i.use_imm"
"cex","issue_stage_i.i_re_name.issue_instr_o.use_pc","issue_stage_i.i_scoreboard.issue_instr_o.use_imm"
"cex","issue_stage_i.i_re_name.issue_instr_o.use_pc","issue_stage_i.issue_instr_rename_sb.use_imm"
"cex","issue_stage_i.i_re_name.issue_instr_o.use_pc","issue_stage_i.issue_instr_sb_iro.use_imm"
"cex","issue_stage_i.i_scoreboard.commit_instr_o[0].ex.valid","issue_stage_i.flu_ready_i"
"cex","issue_stage_i.i_scoreboard.commit_instr_o[0].ex.valid","issue_stage_i.i_issue_read_operands.flu_ready_i"
"cex","issue_stage_i.i_scoreboard.commit_instr_o[0].ex.valid","issue_stage_i.i_issue_read_operands.lsu_ready_i"
"cex","issue_stage_i.i_scoreboard.commit_instr_o[0].ex.valid","issue_stage_i.lsu_ready_i"
"cex","issue_stage_i.i_scoreboard.commit_instr_o[0].use_pc","issue_stage_i.i_issue_read_operands.lsu_ready_i"
"cex","issue_stage_i.i_scoreboard.commit_instr_o[0].use_pc","issue_stage_i.lsu_ready_i"
"cex","issue_stage_i.i_scoreboard.commit_instr_o[1].ex.valid","issue_stage_i.commit_instr_o[1].use_imm"
"cex","issue_stage_i.i_scoreboard.commit_instr_o[1].ex.valid","issue_stage_i.i_issue_read_operands.lsu_ready_i"
"cex","issue_stage_i.i_scoreboard.commit_instr_o[1].ex.valid","issue_stage_i.i_scoreboard.commit_instr_o[1].use_imm"
"cex","issue_stage_i.i_scoreboard.commit_instr_o[1].ex.valid","issue_stage_i.lsu_ready_i"
"cex","issue_stage_i.i_scoreboard.commit_instr_o[1].use_pc","issue_stage_i.i_issue_read_operands.lsu_ready_i"
"cex","issue_stage_i.i_scoreboard.commit_instr_o[1].use_pc","issue_stage_i.lsu_ready_i"
"proven","issue_stage_i.i_scoreboard.decoded_instr_i.is_compressed","issue_stage_i.i_issue_read_operands.is_compressed_instr_o"
"proven","issue_stage_i.i_scoreboard.decoded_instr_i.is_compressed","issue_stage_i.is_compressed_instr_o"
"cex","issue_stage_i.i_scoreboard.decoded_instr_i.use_pc","issue_stage_i.decoded_instr_i.use_imm"
"cex","issue_stage_i.i_scoreboard.decoded_instr_i.use_pc","issue_stage_i.flu_ready_i"
"cex","issue_stage_i.i_scoreboard.decoded_instr_i.use_pc","issue_stage_i.i_issue_read_operands.flu_ready_i"
"cex","issue_stage_i.i_scoreboard.decoded_instr_i.use_pc","issue_stage_i.i_issue_read_operands.issue_instr_i.use_imm"
"cex","issue_stage_i.i_scoreboard.decoded_instr_i.use_pc","issue_stage_i.i_re_name.issue_instr_i.use_imm"
"cex","issue_stage_i.i_scoreboard.decoded_instr_i.use_pc","issue_stage_i.i_re_name.issue_instr_o.use_imm"
"cex","issue_stage_i.i_scoreboard.decoded_instr_i.use_pc","issue_stage_i.i_scoreboard.decoded_instr_i.use_imm"
"cex","issue_stage_i.i_scoreboard.decoded_instr_i.use_pc","issue_stage_i.i_scoreboard.issue_instr_o.use_imm"
"cex","issue_stage_i.i_scoreboard.decoded_instr_i.use_pc","issue_stage_i.issue_instr_rename_sb.use_imm"
"cex","issue_stage_i.i_scoreboard.decoded_instr_i.use_pc","issue_stage_i.issue_instr_sb_iro.use_imm"
"proven","issue_stage_i.i_scoreboard.flush_i","issue_stage_i.flu_ready_i"
"proven","issue_stage_i.i_scoreboard.flush_i","issue_stage_i.i_issue_read_operands.flu_ready_i"
"proven","issue_stage_i.i_scoreboard.flush_i","issue_stage_i.i_issue_read_operands.lsu_ready_i"
"proven","issue_stage_i.i_scoreboard.flush_i","issue_stage_i.lsu_ready_i"
"cex","issue_stage_i.i_scoreboard.flush_unissued_instr_i","issue_stage_i.flu_ready_i"
"cex","issue_stage_i.i_scoreboard.flush_unissued_instr_i","issue_stage_i.i_issue_read_operands.flu_ready_i"
"cex","issue_stage_i.i_scoreboard.issue_full","issue_stage_i.commit_ack_i[0]"
"cex","issue_stage_i.i_scoreboard.issue_full","issue_stage_i.commit_ack_i[1]"
"cex","issue_stage_i.i_scoreboard.issue_full","issue_stage_i.commit_instr_o[0].is_compressed"
"cex","issue_stage_i.i_scoreboard.issue_full","issue_stage_i.commit_instr_o[0].valid"
"cex","issue_stage_i.i_scoreboard.issue_full","issue_stage_i.commit_instr_o[1].use_imm"
"cex","issue_stage_i.i_scoreboard.issue_full","issue_stage_i.commit_instr_o[1].valid"
"cex","issue_stage_i.i_scoreboard.issue_full","issue_stage_i.decoded_instr_ack_o"
"cex","issue_stage_i.i_scoreboard.issue_full","issue_stage_i.decoded_instr_i.use_imm"
"cex","issue_stage_i.i_scoreboard.issue_full","issue_stage_i.decoded_instr_valid_i"
"cex","issue_stage_i.i_scoreboard.issue_full","issue_stage_i.flu_ready_i"
"cex","issue_stage_i.i_scoreboard.issue_full","issue_stage_i.i_issue_read_operands.flu_ready_i"
"cex","issue_stage_i.i_scoreboard.issue_full","issue_stage_i.i_issue_read_operands.issue_ack_o"
"cex","issue_stage_i.i_scoreboard.issue_full","issue_stage_i.i_issue_read_operands.issue_instr_i.use_imm"
"cex","issue_stage_i.i_scoreboard.issue_full","issue_stage_i.i_issue_read_operands.issue_instr_valid_i"
"cex","issue_stage_i.i_scoreboard.issue_full","issue_stage_i.i_issue_read_operands.lsu_ready_i"
"cex","issue_stage_i.i_scoreboard.issue_full","issue_stage_i.i_issue_read_operands.we_gpr_i[0]"
"cex","issue_stage_i.i_scoreboard.issue_full","issue_stage_i.i_issue_read_operands.we_gpr_i[1]"
"cex","issue_stage_i.i_scoreboard.issue_full","issue_stage_i.i_issue_read_operands.we_pack[0]"
"cex","issue_stage_i.i_scoreboard.issue_full","issue_stage_i.i_issue_read_operands.we_pack[1]"
"cex","issue_stage_i.i_scoreboard.issue_full","issue_stage_i.i_re_name.issue_ack_i"
"cex","issue_stage_i.i_scoreboard.issue_full","issue_stage_i.i_re_name.issue_ack_o"
"cex","issue_stage_i.i_scoreboard.issue_full","issue_stage_i.i_re_name.issue_instr_i.use_imm"
"cex","issue_stage_i.i_scoreboard.issue_full","issue_stage_i.i_re_name.issue_instr_o.use_imm"
"cex","issue_stage_i.i_scoreboard.issue_full","issue_stage_i.i_re_name.issue_instr_valid_i"
"cex","issue_stage_i.i_scoreboard.issue_full","issue_stage_i.i_re_name.issue_instr_valid_o"
"cex","issue_stage_i.i_scoreboard.issue_full","issue_stage_i.i_scoreboard.commit_ack_i[0]"
"cex","issue_stage_i.i_scoreboard.issue_full","issue_stage_i.i_scoreboard.commit_ack_i[1]"
"cex","issue_stage_i.i_scoreboard.issue_full","issue_stage_i.i_scoreboard.commit_instr_o[0].is_compressed"
"cex","issue_stage_i.i_scoreboard.issue_full","issue_stage_i.i_scoreboard.commit_instr_o[0].valid"
"cex","issue_stage_i.i_scoreboard.issue_full","issue_stage_i.i_scoreboard.commit_instr_o[1].use_imm"
"cex","issue_stage_i.i_scoreboard.issue_full","issue_stage_i.i_scoreboard.commit_instr_o[1].valid"
"cex","issue_stage_i.i_scoreboard.issue_full","issue_stage_i.i_scoreboard.decoded_instr_ack_o"
"cex","issue_stage_i.i_scoreboard.issue_full","issue_stage_i.i_scoreboard.decoded_instr_i.use_imm"
"cex","issue_stage_i.i_scoreboard.issue_full","issue_stage_i.i_scoreboard.decoded_instr_valid_i"
"cex","issue_stage_i.i_scoreboard.issue_full","issue_stage_i.i_scoreboard.i_popcount.data_i[0]"
"cex","issue_stage_i.i_scoreboard.issue_full","issue_stage_i.i_scoreboard.i_popcount.data_i[1]"
"cex","issue_stage_i.i_scoreboard.issue_full","issue_stage_i.i_scoreboard.i_popcount.left_child_result"
"cex","issue_stage_i.i_scoreboard.issue_full","issue_stage_i.i_scoreboard.i_popcount.padded_input[0]"
"cex","issue_stage_i.i_scoreboard.issue_full","issue_stage_i.i_scoreboard.i_popcount.padded_input[1]"
"cex","issue_stage_i.i_scoreboard.issue_full","issue_stage_i.i_scoreboard.i_popcount.popcount_o[1]"
"cex","issue_stage_i.i_scoreboard.issue_full","issue_stage_i.i_scoreboard.i_popcount.right_child_result"
"cex","issue_stage_i.i_scoreboard.issue_full","issue_stage_i.i_scoreboard.issue_ack_i"
"cex","issue_stage_i.i_scoreboard.issue_full","issue_stage_i.i_scoreboard.issue_en"
"cex","issue_stage_i.i_scoreboard.issue_full","issue_stage_i.i_scoreboard.issue_instr_o.use_imm"
"cex","issue_stage_i.i_scoreboard.issue_full","issue_stage_i.i_scoreboard.issue_instr_valid_o"
"cex","issue_stage_i.i_scoreboard.issue_full","issue_stage_i.i_scoreboard.mem_n[0].issued"
"cex","issue_stage_i.i_scoreboard.issue_full","issue_stage_i.i_scoreboard.mem_n[0].sbe.is_compressed"
"cex","issue_stage_i.i_scoreboard.issue_full","issue_stage_i.i_scoreboard.mem_n[0].sbe.use_imm"
"cex","issue_stage_i.i_scoreboard.issue_full","issue_stage_i.i_scoreboard.mem_n[0].sbe.valid"
"cex","issue_stage_i.i_scoreboard.issue_full","issue_stage_i.i_scoreboard.mem_q[0].issued"
"cex","issue_stage_i.i_scoreboard.issue_full","issue_stage_i.i_scoreboard.mem_q[0].sbe.is_compressed"
"cex","issue_stage_i.i_scoreboard.issue_full","issue_stage_i.i_scoreboard.mem_q[0].sbe.use_imm"
"cex","issue_stage_i.i_scoreboard.issue_full","issue_stage_i.i_scoreboard.mem_q[0].sbe.valid"
"cex","issue_stage_i.i_scoreboard.issue_full","issue_stage_i.i_scoreboard.num_commit[1]"
"cex","issue_stage_i.i_scoreboard.issue_full","issue_stage_i.issue_ack_iro_sb"
"cex","issue_stage_i.i_scoreboard.issue_full","issue_stage_i.issue_ack_sb_rename"
"cex","issue_stage_i.i_scoreboard.issue_full","issue_stage_i.issue_instr_rename_sb.use_imm"
"cex","issue_stage_i.i_scoreboard.issue_full","issue_stage_i.issue_instr_sb_iro.use_imm"
"cex","issue_stage_i.i_scoreboard.issue_full","issue_stage_i.issue_instr_valid_rename_sb"
"cex","issue_stage_i.i_scoreboard.issue_full","issue_stage_i.issue_instr_valid_sb_iro"
"cex","issue_stage_i.i_scoreboard.issue_full","issue_stage_i.lsu_ready_i"
"cex","issue_stage_i.i_scoreboard.issue_full","issue_stage_i.we_gpr_i[0]"
"cex","issue_stage_i.i_scoreboard.issue_full","issue_stage_i.we_gpr_i[1]"
"proven","issue_stage_i.i_scoreboard.issue_instr_o.is_compressed","issue_stage_i.i_issue_read_operands.is_compressed_instr_o"
"proven","issue_stage_i.i_scoreboard.issue_instr_o.is_compressed","issue_stage_i.is_compressed_instr_o"
"cex","issue_stage_i.i_scoreboard.issue_instr_o.use_pc","issue_stage_i.decoded_instr_i.use_imm"
"cex","issue_stage_i.i_scoreboard.issue_instr_o.use_pc","issue_stage_i.flu_ready_i"
"cex","issue_stage_i.i_scoreboard.issue_instr_o.use_pc","issue_stage_i.i_issue_read_operands.flu_ready_i"
"cex","issue_stage_i.i_scoreboard.issue_instr_o.use_pc","issue_stage_i.i_issue_read_operands.issue_instr_i.use_imm"
"cex","issue_stage_i.i_scoreboard.issue_instr_o.use_pc","issue_stage_i.i_re_name.issue_instr_i.use_imm"
"cex","issue_stage_i.i_scoreboard.issue_instr_o.use_pc","issue_stage_i.i_re_name.issue_instr_o.use_imm"
"cex","issue_stage_i.i_scoreboard.issue_instr_o.use_pc","issue_stage_i.i_scoreboard.decoded_instr_i.use_imm"
"cex","issue_stage_i.i_scoreboard.issue_instr_o.use_pc","issue_stage_i.i_scoreboard.issue_instr_o.use_imm"
"cex","issue_stage_i.i_scoreboard.issue_instr_o.use_pc","issue_stage_i.issue_instr_rename_sb.use_imm"
"cex","issue_stage_i.i_scoreboard.issue_instr_o.use_pc","issue_stage_i.issue_instr_sb_iro.use_imm"
"cex","issue_stage_i.i_scoreboard.mem_n[0].is_rd_fpr_flag","issue_stage_i.flu_ready_i"
"cex","issue_stage_i.i_scoreboard.mem_n[0].is_rd_fpr_flag","issue_stage_i.i_issue_read_operands.flu_ready_i"
"cex","issue_stage_i.i_scoreboard.mem_n[0].is_rd_fpr_flag","issue_stage_i.i_issue_read_operands.lsu_ready_i"
"proven","issue_stage_i.i_scoreboard.mem_n[0].is_rd_fpr_flag","issue_stage_i.i_scoreboard.mem_q[0].is_rd_fpr_flag"
"cex","issue_stage_i.i_scoreboard.mem_n[0].is_rd_fpr_flag","issue_stage_i.lsu_ready_i"
"proven","issue_stage_i.i_scoreboard.mem_n[0].issued","issue_stage_i.i_scoreboard.mem_q[0].issued"
"cex","issue_stage_i.i_scoreboard.mem_n[0].sbe.ex.valid","issue_stage_i.commit_instr_o[1].use_imm"
"cex","issue_stage_i.i_scoreboard.mem_n[0].sbe.ex.valid","issue_stage_i.decoded_instr_i.ex.valid"
"cex","issue_stage_i.i_scoreboard.mem_n[0].sbe.ex.valid","issue_stage_i.decoded_instr_i.valid"
"cex","issue_stage_i.i_scoreboard.mem_n[0].sbe.ex.valid","issue_stage_i.i_issue_read_operands.issue_instr_i.ex.valid"
"cex","issue_stage_i.i_scoreboard.mem_n[0].sbe.ex.valid","issue_stage_i.i_issue_read_operands.issue_instr_i.valid"
"cex","issue_stage_i.i_scoreboard.mem_n[0].sbe.ex.valid","issue_stage_i.i_issue_read_operands.lsu_ready_i"
"cex","issue_stage_i.i_scoreboard.mem_n[0].sbe.ex.valid","issue_stage_i.i_re_name.issue_instr_i.ex.valid"
"cex","issue_stage_i.i_scoreboard.mem_n[0].sbe.ex.valid","issue_stage_i.i_re_name.issue_instr_i.valid"
"cex","issue_stage_i.i_scoreboard.mem_n[0].sbe.ex.valid","issue_stage_i.i_re_name.issue_instr_o.ex.valid"
"cex","issue_stage_i.i_scoreboard.mem_n[0].sbe.ex.valid","issue_stage_i.i_re_name.issue_instr_o.valid"
"cex","issue_stage_i.i_scoreboard.mem_n[0].sbe.ex.valid","issue_stage_i.i_scoreboard.commit_instr_o[1].use_imm"
"cex","issue_stage_i.i_scoreboard.mem_n[0].sbe.ex.valid","issue_stage_i.i_scoreboard.decoded_instr_i.ex.valid"
"cex","issue_stage_i.i_scoreboard.mem_n[0].sbe.ex.valid","issue_stage_i.i_scoreboard.decoded_instr_i.valid"
"cex","issue_stage_i.i_scoreboard.mem_n[0].sbe.ex.valid","issue_stage_i.i_scoreboard.issue_instr_o.ex.valid"
"cex","issue_stage_i.i_scoreboard.mem_n[0].sbe.ex.valid","issue_stage_i.i_scoreboard.issue_instr_o.valid"
"cex","issue_stage_i.i_scoreboard.mem_n[0].sbe.ex.valid","issue_stage_i.i_scoreboard.mem_q[0].issued"
"proven","issue_stage_i.i_scoreboard.mem_n[0].sbe.ex.valid","issue_stage_i.i_scoreboard.mem_q[0].sbe.ex.valid"
"cex","issue_stage_i.i_scoreboard.mem_n[0].sbe.ex.valid","issue_stage_i.i_scoreboard.mem_q[0].sbe.valid"
"cex","issue_stage_i.i_scoreboard.mem_n[0].sbe.ex.valid","issue_stage_i.issue_instr_rename_sb.ex.valid"
"cex","issue_stage_i.i_scoreboard.mem_n[0].sbe.ex.valid","issue_stage_i.issue_instr_rename_sb.valid"
"cex","issue_stage_i.i_scoreboard.mem_n[0].sbe.ex.valid","issue_stage_i.issue_instr_sb_iro.ex.valid"
"cex","issue_stage_i.i_scoreboard.mem_n[0].sbe.ex.valid","issue_stage_i.issue_instr_sb_iro.valid"
"cex","issue_stage_i.i_scoreboard.mem_n[0].sbe.ex.valid","issue_stage_i.lsu_ready_i"
"proven","issue_stage_i.i_scoreboard.mem_n[0].sbe.is_compressed","issue_stage_i.i_scoreboard.mem_q[0].sbe.is_compressed"
"proven","issue_stage_i.i_scoreboard.mem_n[0].sbe.use_imm","issue_stage_i.i_scoreboard.mem_q[0].sbe.use_imm"
"cex","issue_stage_i.i_scoreboard.mem_n[0].sbe.use_pc","issue_stage_i.i_scoreboard.mem_n[0].sbe.use_imm"
"proven","issue_stage_i.i_scoreboard.mem_n[0].sbe.use_pc","issue_stage_i.i_scoreboard.mem_q[0].sbe.use_imm"
"proven","issue_stage_i.i_scoreboard.mem_n[0].sbe.use_pc","issue_stage_i.i_scoreboard.mem_q[0].sbe.use_pc"
"proven","issue_stage_i.i_scoreboard.mem_n[0].sbe.valid","issue_stage_i.i_scoreboard.mem_q[0].issued"
"proven","issue_stage_i.i_scoreboard.mem_n[0].sbe.valid","issue_stage_i.i_scoreboard.mem_q[0].sbe.valid"
"cex","issue_stage_i.i_scoreboard.mem_q[0].is_rd_fpr_flag","issue_stage_i.flu_ready_i"
"cex","issue_stage_i.i_scoreboard.mem_q[0].is_rd_fpr_flag","issue_stage_i.i_issue_read_operands.flu_ready_i"
"cex","issue_stage_i.i_scoreboard.mem_q[0].is_rd_fpr_flag","issue_stage_i.i_issue_read_operands.lsu_ready_i"
"cex","issue_stage_i.i_scoreboard.mem_q[0].is_rd_fpr_flag","issue_stage_i.lsu_ready_i"
"cex","issue_stage_i.i_scoreboard.mem_q[0].sbe.ex.valid","issue_stage_i.decoded_instr_i.ex.valid"
"cex","issue_stage_i.i_scoreboard.mem_q[0].sbe.ex.valid","issue_stage_i.decoded_instr_i.valid"
"cex","issue_stage_i.i_scoreboard.mem_q[0].sbe.ex.valid","issue_stage_i.i_issue_read_operands.issue_instr_i.ex.valid"
"cex","issue_stage_i.i_scoreboard.mem_q[0].sbe.ex.valid","issue_stage_i.i_issue_read_operands.issue_instr_i.valid"
"cex","issue_stage_i.i_scoreboard.mem_q[0].sbe.ex.valid","issue_stage_i.i_issue_read_operands.lsu_ready_i"
"cex","issue_stage_i.i_scoreboard.mem_q[0].sbe.ex.valid","issue_stage_i.i_re_name.issue_instr_i.ex.valid"
"cex","issue_stage_i.i_scoreboard.mem_q[0].sbe.ex.valid","issue_stage_i.i_re_name.issue_instr_i.valid"
"cex","issue_stage_i.i_scoreboard.mem_q[0].sbe.ex.valid","issue_stage_i.i_re_name.issue_instr_o.ex.valid"
"cex","issue_stage_i.i_scoreboard.mem_q[0].sbe.ex.valid","issue_stage_i.i_re_name.issue_instr_o.valid"
"cex","issue_stage_i.i_scoreboard.mem_q[0].sbe.ex.valid","issue_stage_i.i_scoreboard.decoded_instr_i.ex.valid"
"cex","issue_stage_i.i_scoreboard.mem_q[0].sbe.ex.valid","issue_stage_i.i_scoreboard.decoded_instr_i.valid"
"cex","issue_stage_i.i_scoreboard.mem_q[0].sbe.ex.valid","issue_stage_i.i_scoreboard.issue_instr_o.ex.valid"
"cex","issue_stage_i.i_scoreboard.mem_q[0].sbe.ex.valid","issue_stage_i.i_scoreboard.issue_instr_o.valid"
"cex","issue_stage_i.i_scoreboard.mem_q[0].sbe.ex.valid","issue_stage_i.issue_instr_rename_sb.ex.valid"
"cex","issue_stage_i.i_scoreboard.mem_q[0].sbe.ex.valid","issue_stage_i.issue_instr_rename_sb.valid"
"cex","issue_stage_i.i_scoreboard.mem_q[0].sbe.ex.valid","issue_stage_i.issue_instr_sb_iro.ex.valid"
"cex","issue_stage_i.i_scoreboard.mem_q[0].sbe.ex.valid","issue_stage_i.issue_instr_sb_iro.valid"
"cex","issue_stage_i.i_scoreboard.mem_q[0].sbe.ex.valid","issue_stage_i.lsu_ready_i"
"cex","issue_stage_i.i_scoreboard.mem_q[0].sbe.use_pc","issue_stage_i.i_scoreboard.mem_n[0].sbe.use_imm"
"cex","issue_stage_i.i_scoreboard.mem_q[0].sbe.use_pc","issue_stage_i.i_scoreboard.mem_q[0].sbe.use_imm"
"cex","issue_stage_i.i_scoreboard.resolved_branch_i.is_mispredict","issue_stage_i.commit_instr_o[0].use_imm"
"cex","issue_stage_i.i_scoreboard.resolved_branch_i.is_mispredict","issue_stage_i.flu_ready_i"
"cex","issue_stage_i.i_scoreboard.resolved_branch_i.is_mispredict","issue_stage_i.i_issue_read_operands.flu_ready_i"
"cex","issue_stage_i.i_scoreboard.resolved_branch_i.is_mispredict","issue_stage_i.i_scoreboard.commit_instr_o[0].use_imm"
"cex","issue_stage_i.i_scoreboard.resolved_branch_i.is_taken","issue_stage_i.commit_instr_o[0].use_imm"
"cex","issue_stage_i.i_scoreboard.resolved_branch_i.is_taken","issue_stage_i.flu_ready_i"
"cex","issue_stage_i.i_scoreboard.resolved_branch_i.is_taken","issue_stage_i.i_issue_read_operands.flu_ready_i"
"cex","issue_stage_i.i_scoreboard.resolved_branch_i.is_taken","issue_stage_i.i_scoreboard.commit_instr_o[0].use_imm"
"cex","issue_stage_i.i_scoreboard.resolved_branch_i.valid","issue_stage_i.commit_instr_o[0].use_imm"
"cex","issue_stage_i.i_scoreboard.resolved_branch_i.valid","issue_stage_i.flu_ready_i"
"cex","issue_stage_i.i_scoreboard.resolved_branch_i.valid","issue_stage_i.i_issue_read_operands.flu_ready_i"
"cex","issue_stage_i.i_scoreboard.resolved_branch_i.valid","issue_stage_i.i_scoreboard.commit_instr_o[0].use_imm"
"cex","issue_stage_i.i_scoreboard.sb_full_o","issue_stage_i.commit_ack_i[0]"
"cex","issue_stage_i.i_scoreboard.sb_full_o","issue_stage_i.commit_ack_i[1]"
"cex","issue_stage_i.i_scoreboard.sb_full_o","issue_stage_i.commit_instr_o[0].is_compressed"
"cex","issue_stage_i.i_scoreboard.sb_full_o","issue_stage_i.commit_instr_o[0].valid"
"cex","issue_stage_i.i_scoreboard.sb_full_o","issue_stage_i.commit_instr_o[1].use_imm"
"cex","issue_stage_i.i_scoreboard.sb_full_o","issue_stage_i.commit_instr_o[1].valid"
"cex","issue_stage_i.i_scoreboard.sb_full_o","issue_stage_i.decoded_instr_ack_o"
"cex","issue_stage_i.i_scoreboard.sb_full_o","issue_stage_i.decoded_instr_i.use_imm"
"cex","issue_stage_i.i_scoreboard.sb_full_o","issue_stage_i.decoded_instr_valid_i"
"cex","issue_stage_i.i_scoreboard.sb_full_o","issue_stage_i.flu_ready_i"
"cex","issue_stage_i.i_scoreboard.sb_full_o","issue_stage_i.i_issue_read_operands.flu_ready_i"
"cex","issue_stage_i.i_scoreboard.sb_full_o","issue_stage_i.i_issue_read_operands.issue_ack_o"
"cex","issue_stage_i.i_scoreboard.sb_full_o","issue_stage_i.i_issue_read_operands.issue_instr_i.use_imm"
"cex","issue_stage_i.i_scoreboard.sb_full_o","issue_stage_i.i_issue_read_operands.issue_instr_valid_i"
"cex","issue_stage_i.i_scoreboard.sb_full_o","issue_stage_i.i_issue_read_operands.lsu_ready_i"
"cex","issue_stage_i.i_scoreboard.sb_full_o","issue_stage_i.i_issue_read_operands.we_gpr_i[0]"
"cex","issue_stage_i.i_scoreboard.sb_full_o","issue_stage_i.i_issue_read_operands.we_gpr_i[1]"
"cex","issue_stage_i.i_scoreboard.sb_full_o","issue_stage_i.i_issue_read_operands.we_pack[0]"
"cex","issue_stage_i.i_scoreboard.sb_full_o","issue_stage_i.i_issue_read_operands.we_pack[1]"
"cex","issue_stage_i.i_scoreboard.sb_full_o","issue_stage_i.i_re_name.issue_ack_i"
"cex","issue_stage_i.i_scoreboard.sb_full_o","issue_stage_i.i_re_name.issue_ack_o"
"cex","issue_stage_i.i_scoreboard.sb_full_o","issue_stage_i.i_re_name.issue_instr_i.use_imm"
"cex","issue_stage_i.i_scoreboard.sb_full_o","issue_stage_i.i_re_name.issue_instr_o.use_imm"
"cex","issue_stage_i.i_scoreboard.sb_full_o","issue_stage_i.i_re_name.issue_instr_valid_i"
"cex","issue_stage_i.i_scoreboard.sb_full_o","issue_stage_i.i_re_name.issue_instr_valid_o"
"cex","issue_stage_i.i_scoreboard.sb_full_o","issue_stage_i.i_scoreboard.commit_ack_i[0]"
"cex","issue_stage_i.i_scoreboard.sb_full_o","issue_stage_i.i_scoreboard.commit_ack_i[1]"
"cex","issue_stage_i.i_scoreboard.sb_full_o","issue_stage_i.i_scoreboard.commit_instr_o[0].is_compressed"
"cex","issue_stage_i.i_scoreboard.sb_full_o","issue_stage_i.i_scoreboard.commit_instr_o[0].valid"
"cex","issue_stage_i.i_scoreboard.sb_full_o","issue_stage_i.i_scoreboard.commit_instr_o[1].use_imm"
"cex","issue_stage_i.i_scoreboard.sb_full_o","issue_stage_i.i_scoreboard.commit_instr_o[1].valid"
"cex","issue_stage_i.i_scoreboard.sb_full_o","issue_stage_i.i_scoreboard.decoded_instr_ack_o"
"cex","issue_stage_i.i_scoreboard.sb_full_o","issue_stage_i.i_scoreboard.decoded_instr_i.use_imm"
"cex","issue_stage_i.i_scoreboard.sb_full_o","issue_stage_i.i_scoreboard.decoded_instr_valid_i"
"cex","issue_stage_i.i_scoreboard.sb_full_o","issue_stage_i.i_scoreboard.i_popcount.data_i[0]"
"cex","issue_stage_i.i_scoreboard.sb_full_o","issue_stage_i.i_scoreboard.i_popcount.data_i[1]"
"cex","issue_stage_i.i_scoreboard.sb_full_o","issue_stage_i.i_scoreboard.i_popcount.left_child_result"
"cex","issue_stage_i.i_scoreboard.sb_full_o","issue_stage_i.i_scoreboard.i_popcount.padded_input[0]"
"cex","issue_stage_i.i_scoreboard.sb_full_o","issue_stage_i.i_scoreboard.i_popcount.padded_input[1]"
"cex","issue_stage_i.i_scoreboard.sb_full_o","issue_stage_i.i_scoreboard.i_popcount.popcount_o[1]"
"cex","issue_stage_i.i_scoreboard.sb_full_o","issue_stage_i.i_scoreboard.i_popcount.right_child_result"
"cex","issue_stage_i.i_scoreboard.sb_full_o","issue_stage_i.i_scoreboard.issue_ack_i"
"cex","issue_stage_i.i_scoreboard.sb_full_o","issue_stage_i.i_scoreboard.issue_en"
"cex","issue_stage_i.i_scoreboard.sb_full_o","issue_stage_i.i_scoreboard.issue_instr_o.use_imm"
"cex","issue_stage_i.i_scoreboard.sb_full_o","issue_stage_i.i_scoreboard.issue_instr_valid_o"
"cex","issue_stage_i.i_scoreboard.sb_full_o","issue_stage_i.i_scoreboard.mem_n[0].issued"
"cex","issue_stage_i.i_scoreboard.sb_full_o","issue_stage_i.i_scoreboard.mem_n[0].sbe.is_compressed"
"cex","issue_stage_i.i_scoreboard.sb_full_o","issue_stage_i.i_scoreboard.mem_n[0].sbe.use_imm"
"cex","issue_stage_i.i_scoreboard.sb_full_o","issue_stage_i.i_scoreboard.mem_n[0].sbe.valid"
"cex","issue_stage_i.i_scoreboard.sb_full_o","issue_stage_i.i_scoreboard.mem_q[0].issued"
"cex","issue_stage_i.i_scoreboard.sb_full_o","issue_stage_i.i_scoreboard.mem_q[0].sbe.is_compressed"
"cex","issue_stage_i.i_scoreboard.sb_full_o","issue_stage_i.i_scoreboard.mem_q[0].sbe.use_imm"
"cex","issue_stage_i.i_scoreboard.sb_full_o","issue_stage_i.i_scoreboard.mem_q[0].sbe.valid"
"cex","issue_stage_i.i_scoreboard.sb_full_o","issue_stage_i.i_scoreboard.num_commit[1]"
"cex","issue_stage_i.i_scoreboard.sb_full_o","issue_stage_i.issue_ack_iro_sb"
"cex","issue_stage_i.i_scoreboard.sb_full_o","issue_stage_i.issue_ack_sb_rename"
"cex","issue_stage_i.i_scoreboard.sb_full_o","issue_stage_i.issue_instr_rename_sb.use_imm"
"cex","issue_stage_i.i_scoreboard.sb_full_o","issue_stage_i.issue_instr_sb_iro.use_imm"
"cex","issue_stage_i.i_scoreboard.sb_full_o","issue_stage_i.issue_instr_valid_rename_sb"
"cex","issue_stage_i.i_scoreboard.sb_full_o","issue_stage_i.issue_instr_valid_sb_iro"
"cex","issue_stage_i.i_scoreboard.sb_full_o","issue_stage_i.lsu_ready_i"
"cex","issue_stage_i.i_scoreboard.sb_full_o","issue_stage_i.we_gpr_i[0]"
"cex","issue_stage_i.i_scoreboard.sb_full_o","issue_stage_i.we_gpr_i[1]"
"cex","issue_stage_i.i_scoreboard.wt_valid_i[0]","issue_stage_i.commit_ack_i[0]"
"cex","issue_stage_i.i_scoreboard.wt_valid_i[0]","issue_stage_i.commit_instr_o[0].valid"
"cex","issue_stage_i.i_scoreboard.wt_valid_i[0]","issue_stage_i.flu_ready_i"
"cex","issue_stage_i.i_scoreboard.wt_valid_i[0]","issue_stage_i.i_issue_read_operands.flu_ready_i"
"cex","issue_stage_i.i_scoreboard.wt_valid_i[0]","issue_stage_i.i_issue_read_operands.lsu_ready_i"
"cex","issue_stage_i.i_scoreboard.wt_valid_i[0]","issue_stage_i.i_issue_read_operands.we_fpr_i[0]"
"cex","issue_stage_i.i_scoreboard.wt_valid_i[0]","issue_stage_i.i_scoreboard.commit_ack_i[0]"
"cex","issue_stage_i.i_scoreboard.wt_valid_i[0]","issue_stage_i.i_scoreboard.commit_instr_o[0].valid"
"cex","issue_stage_i.i_scoreboard.wt_valid_i[0]","issue_stage_i.i_scoreboard.i_popcount.data_i[0]"
"cex","issue_stage_i.i_scoreboard.wt_valid_i[0]","issue_stage_i.i_scoreboard.i_popcount.padded_input[0]"
"cex","issue_stage_i.i_scoreboard.wt_valid_i[0]","issue_stage_i.i_scoreboard.i_popcount.right_child_result"
"cex","issue_stage_i.i_scoreboard.wt_valid_i[0]","issue_stage_i.lsu_ready_i"
"cex","issue_stage_i.i_scoreboard.wt_valid_i[0]","issue_stage_i.we_fpr_i[0]"
"cex","issue_stage_i.i_scoreboard.wt_valid_i[1]","issue_stage_i.commit_instr_o[0].valid"
"cex","issue_stage_i.i_scoreboard.wt_valid_i[1]","issue_stage_i.i_issue_read_operands.we_gpr_i[0]"
"cex","issue_stage_i.i_scoreboard.wt_valid_i[1]","issue_stage_i.i_issue_read_operands.we_pack[0]"
"cex","issue_stage_i.i_scoreboard.wt_valid_i[1]","issue_stage_i.i_scoreboard.commit_instr_o[0].valid"
"cex","issue_stage_i.i_scoreboard.wt_valid_i[1]","issue_stage_i.we_gpr_i[0]"
"cex","issue_stage_i.i_scoreboard.wt_valid_i[2]","issue_stage_i.commit_ack_i[0]"
"cex","issue_stage_i.i_scoreboard.wt_valid_i[2]","issue_stage_i.commit_instr_o[0].use_imm"
"cex","issue_stage_i.i_scoreboard.wt_valid_i[2]","issue_stage_i.commit_instr_o[0].valid"
"cex","issue_stage_i.i_scoreboard.wt_valid_i[2]","issue_stage_i.i_issue_read_operands.we_gpr_i[0]"
"cex","issue_stage_i.i_scoreboard.wt_valid_i[2]","issue_stage_i.i_issue_read_operands.we_pack[0]"
"cex","issue_stage_i.i_scoreboard.wt_valid_i[2]","issue_stage_i.i_scoreboard.commit_ack_i[0]"
"cex","issue_stage_i.i_scoreboard.wt_valid_i[2]","issue_stage_i.i_scoreboard.commit_instr_o[0].use_imm"
"cex","issue_stage_i.i_scoreboard.wt_valid_i[2]","issue_stage_i.i_scoreboard.commit_instr_o[0].valid"
"cex","issue_stage_i.i_scoreboard.wt_valid_i[2]","issue_stage_i.i_scoreboard.i_popcount.data_i[0]"
"cex","issue_stage_i.i_scoreboard.wt_valid_i[2]","issue_stage_i.i_scoreboard.i_popcount.padded_input[0]"
"cex","issue_stage_i.i_scoreboard.wt_valid_i[2]","issue_stage_i.i_scoreboard.i_popcount.right_child_result"
"cex","issue_stage_i.i_scoreboard.wt_valid_i[2]","issue_stage_i.we_gpr_i[0]"
"proven","issue_stage_i.issue_instr_rename_sb.is_compressed","issue_stage_i.i_issue_read_operands.is_compressed_instr_o"
"proven","issue_stage_i.issue_instr_rename_sb.is_compressed","issue_stage_i.is_compressed_instr_o"
"cex","issue_stage_i.issue_instr_rename_sb.use_pc","issue_stage_i.decoded_instr_i.use_imm"
"cex","issue_stage_i.issue_instr_rename_sb.use_pc","issue_stage_i.flu_ready_i"
"cex","issue_stage_i.issue_instr_rename_sb.use_pc","issue_stage_i.i_issue_read_operands.flu_ready_i"
"cex","issue_stage_i.issue_instr_rename_sb.use_pc","issue_stage_i.i_issue_read_operands.issue_instr_i.use_imm"
"cex","issue_stage_i.issue_instr_rename_sb.use_pc","issue_stage_i.i_re_name.issue_instr_i.use_imm"
"cex","issue_stage_i.issue_instr_rename_sb.use_pc","issue_stage_i.i_re_name.issue_instr_o.use_imm"
"cex","issue_stage_i.issue_instr_rename_sb.use_pc","issue_stage_i.i_scoreboard.decoded_instr_i.use_imm"
"cex","issue_stage_i.issue_instr_rename_sb.use_pc","issue_stage_i.i_scoreboard.issue_instr_o.use_imm"
"cex","issue_stage_i.issue_instr_rename_sb.use_pc","issue_stage_i.issue_instr_rename_sb.use_imm"
"cex","issue_stage_i.issue_instr_rename_sb.use_pc","issue_stage_i.issue_instr_sb_iro.use_imm"
"proven","issue_stage_i.issue_instr_sb_iro.is_compressed","issue_stage_i.i_issue_read_operands.is_compressed_instr_o"
"proven","issue_stage_i.issue_instr_sb_iro.is_compressed","issue_stage_i.is_compressed_instr_o"
"cex","issue_stage_i.issue_instr_sb_iro.use_pc","issue_stage_i.decoded_instr_i.use_imm"
"cex","issue_stage_i.issue_instr_sb_iro.use_pc","issue_stage_i.flu_ready_i"
"cex","issue_stage_i.issue_instr_sb_iro.use_pc","issue_stage_i.i_issue_read_operands.flu_ready_i"
"cex","issue_stage_i.issue_instr_sb_iro.use_pc","issue_stage_i.i_issue_read_operands.issue_instr_i.use_imm"
"cex","issue_stage_i.issue_instr_sb_iro.use_pc","issue_stage_i.i_re_name.issue_instr_i.use_imm"
"cex","issue_stage_i.issue_instr_sb_iro.use_pc","issue_stage_i.i_re_name.issue_instr_o.use_imm"
"cex","issue_stage_i.issue_instr_sb_iro.use_pc","issue_stage_i.i_scoreboard.decoded_instr_i.use_imm"
"cex","issue_stage_i.issue_instr_sb_iro.use_pc","issue_stage_i.i_scoreboard.issue_instr_o.use_imm"
"cex","issue_stage_i.issue_instr_sb_iro.use_pc","issue_stage_i.issue_instr_rename_sb.use_imm"
"cex","issue_stage_i.issue_instr_sb_iro.use_pc","issue_stage_i.issue_instr_sb_iro.use_imm"
"cex","issue_stage_i.mult_valid_o","issue_stage_i.decoded_instr_i.use_imm"
"cex","issue_stage_i.mult_valid_o","issue_stage_i.decoded_instr_valid_i"
"cex","issue_stage_i.mult_valid_o","issue_stage_i.i_issue_read_operands.issue_instr_i.use_imm"
"cex","issue_stage_i.mult_valid_o","issue_stage_i.i_issue_read_operands.issue_instr_valid_i"
"cex","issue_stage_i.mult_valid_o","issue_stage_i.i_issue_read_operands.lsu_ready_i"
"cex","issue_stage_i.mult_valid_o","issue_stage_i.i_re_name.issue_instr_i.use_imm"
"cex","issue_stage_i.mult_valid_o","issue_stage_i.i_re_name.issue_instr_o.use_imm"
"cex","issue_stage_i.mult_valid_o","issue_stage_i.i_re_name.issue_instr_valid_i"
"cex","issue_stage_i.mult_valid_o","issue_stage_i.i_re_name.issue_instr_valid_o"
"cex","issue_stage_i.mult_valid_o","issue_stage_i.i_scoreboard.decoded_instr_i.use_imm"
"cex","issue_stage_i.mult_valid_o","issue_stage_i.i_scoreboard.decoded_instr_valid_i"
"cex","issue_stage_i.mult_valid_o","issue_stage_i.i_scoreboard.issue_instr_o.use_imm"
"cex","issue_stage_i.mult_valid_o","issue_stage_i.i_scoreboard.issue_instr_valid_o"
"cex","issue_stage_i.mult_valid_o","issue_stage_i.i_scoreboard.mem_n[0].sbe.use_imm"
"cex","issue_stage_i.mult_valid_o","issue_stage_i.i_scoreboard.mem_q[0].sbe.use_imm"
"cex","issue_stage_i.mult_valid_o","issue_stage_i.i_scoreboard.wt_valid_i[3]"
"cex","issue_stage_i.mult_valid_o","issue_stage_i.issue_instr_rename_sb.use_imm"
"cex","issue_stage_i.mult_valid_o","issue_stage_i.issue_instr_sb_iro.use_imm"
"cex","issue_stage_i.mult_valid_o","issue_stage_i.issue_instr_valid_rename_sb"
"cex","issue_stage_i.mult_valid_o","issue_stage_i.issue_instr_valid_sb_iro"
"cex","issue_stage_i.mult_valid_o","issue_stage_i.lsu_ready_i"
"cex","issue_stage_i.mult_valid_o","issue_stage_i.wt_valid_i[3]"
"cex","issue_stage_i.resolve_branch_i","issue_stage_i.commit_instr_o[0].use_imm"
"cex","issue_stage_i.resolve_branch_i","issue_stage_i.flu_ready_i"
"cex","issue_stage_i.resolve_branch_i","issue_stage_i.i_issue_read_operands.flu_ready_i"
"cex","issue_stage_i.resolve_branch_i","issue_stage_i.i_scoreboard.commit_instr_o[0].use_imm"
"cex","issue_stage_i.resolved_branch_i.is_mispredict","issue_stage_i.commit_instr_o[0].use_imm"
"cex","issue_stage_i.resolved_branch_i.is_mispredict","issue_stage_i.flu_ready_i"
"cex","issue_stage_i.resolved_branch_i.is_mispredict","issue_stage_i.i_issue_read_operands.flu_ready_i"
"cex","issue_stage_i.resolved_branch_i.is_mispredict","issue_stage_i.i_scoreboard.commit_instr_o[0].use_imm"
"cex","issue_stage_i.resolved_branch_i.is_taken","issue_stage_i.commit_instr_o[0].use_imm"
"cex","issue_stage_i.resolved_branch_i.is_taken","issue_stage_i.flu_ready_i"
"cex","issue_stage_i.resolved_branch_i.is_taken","issue_stage_i.i_issue_read_operands.flu_ready_i"
"cex","issue_stage_i.resolved_branch_i.is_taken","issue_stage_i.i_scoreboard.commit_instr_o[0].use_imm"
"cex","issue_stage_i.resolved_branch_i.valid","issue_stage_i.commit_instr_o[0].use_imm"
"cex","issue_stage_i.resolved_branch_i.valid","issue_stage_i.flu_ready_i"
"cex","issue_stage_i.resolved_branch_i.valid","issue_stage_i.i_issue_read_operands.flu_ready_i"
"cex","issue_stage_i.resolved_branch_i.valid","issue_stage_i.i_scoreboard.commit_instr_o[0].use_imm"
"cex","issue_stage_i.sb_full_o","issue_stage_i.commit_ack_i[0]"
"cex","issue_stage_i.sb_full_o","issue_stage_i.commit_ack_i[1]"
"cex","issue_stage_i.sb_full_o","issue_stage_i.commit_instr_o[0].is_compressed"
"cex","issue_stage_i.sb_full_o","issue_stage_i.commit_instr_o[0].valid"
"cex","issue_stage_i.sb_full_o","issue_stage_i.commit_instr_o[1].use_imm"
"cex","issue_stage_i.sb_full_o","issue_stage_i.commit_instr_o[1].valid"
"cex","issue_stage_i.sb_full_o","issue_stage_i.decoded_instr_ack_o"
"cex","issue_stage_i.sb_full_o","issue_stage_i.decoded_instr_i.use_imm"
"cex","issue_stage_i.sb_full_o","issue_stage_i.decoded_instr_valid_i"
"cex","issue_stage_i.sb_full_o","issue_stage_i.flu_ready_i"
"cex","issue_stage_i.sb_full_o","issue_stage_i.i_issue_read_operands.flu_ready_i"
"cex","issue_stage_i.sb_full_o","issue_stage_i.i_issue_read_operands.issue_ack_o"
"cex","issue_stage_i.sb_full_o","issue_stage_i.i_issue_read_operands.issue_instr_i.use_imm"
"cex","issue_stage_i.sb_full_o","issue_stage_i.i_issue_read_operands.issue_instr_valid_i"
"cex","issue_stage_i.sb_full_o","issue_stage_i.i_issue_read_operands.lsu_ready_i"
"cex","issue_stage_i.sb_full_o","issue_stage_i.i_issue_read_operands.we_gpr_i[0]"
"cex","issue_stage_i.sb_full_o","issue_stage_i.i_issue_read_operands.we_gpr_i[1]"
"cex","issue_stage_i.sb_full_o","issue_stage_i.i_issue_read_operands.we_pack[0]"
"cex","issue_stage_i.sb_full_o","issue_stage_i.i_issue_read_operands.we_pack[1]"
"cex","issue_stage_i.sb_full_o","issue_stage_i.i_re_name.issue_ack_i"
"cex","issue_stage_i.sb_full_o","issue_stage_i.i_re_name.issue_ack_o"
"cex","issue_stage_i.sb_full_o","issue_stage_i.i_re_name.issue_instr_i.use_imm"
"cex","issue_stage_i.sb_full_o","issue_stage_i.i_re_name.issue_instr_o.use_imm"
"cex","issue_stage_i.sb_full_o","issue_stage_i.i_re_name.issue_instr_valid_i"
"cex","issue_stage_i.sb_full_o","issue_stage_i.i_re_name.issue_instr_valid_o"
"cex","issue_stage_i.sb_full_o","issue_stage_i.i_scoreboard.commit_ack_i[0]"
"cex","issue_stage_i.sb_full_o","issue_stage_i.i_scoreboard.commit_ack_i[1]"
"cex","issue_stage_i.sb_full_o","issue_stage_i.i_scoreboard.commit_instr_o[0].is_compressed"
"cex","issue_stage_i.sb_full_o","issue_stage_i.i_scoreboard.commit_instr_o[0].valid"
"cex","issue_stage_i.sb_full_o","issue_stage_i.i_scoreboard.commit_instr_o[1].use_imm"
"cex","issue_stage_i.sb_full_o","issue_stage_i.i_scoreboard.commit_instr_o[1].valid"
"cex","issue_stage_i.sb_full_o","issue_stage_i.i_scoreboard.decoded_instr_ack_o"
"cex","issue_stage_i.sb_full_o","issue_stage_i.i_scoreboard.decoded_instr_i.use_imm"
"cex","issue_stage_i.sb_full_o","issue_stage_i.i_scoreboard.decoded_instr_valid_i"
"cex","issue_stage_i.sb_full_o","issue_stage_i.i_scoreboard.i_popcount.data_i[0]"
"cex","issue_stage_i.sb_full_o","issue_stage_i.i_scoreboard.i_popcount.data_i[1]"
"cex","issue_stage_i.sb_full_o","issue_stage_i.i_scoreboard.i_popcount.left_child_result"
"cex","issue_stage_i.sb_full_o","issue_stage_i.i_scoreboard.i_popcount.padded_input[0]"
"cex","issue_stage_i.sb_full_o","issue_stage_i.i_scoreboard.i_popcount.padded_input[1]"
"cex","issue_stage_i.sb_full_o","issue_stage_i.i_scoreboard.i_popcount.popcount_o[1]"
"cex","issue_stage_i.sb_full_o","issue_stage_i.i_scoreboard.i_popcount.right_child_result"
"cex","issue_stage_i.sb_full_o","issue_stage_i.i_scoreboard.issue_ack_i"
"cex","issue_stage_i.sb_full_o","issue_stage_i.i_scoreboard.issue_en"
"cex","issue_stage_i.sb_full_o","issue_stage_i.i_scoreboard.issue_instr_o.use_imm"
"cex","issue_stage_i.sb_full_o","issue_stage_i.i_scoreboard.issue_instr_valid_o"
"cex","issue_stage_i.sb_full_o","issue_stage_i.i_scoreboard.mem_n[0].issued"
"cex","issue_stage_i.sb_full_o","issue_stage_i.i_scoreboard.mem_n[0].sbe.is_compressed"
"cex","issue_stage_i.sb_full_o","issue_stage_i.i_scoreboard.mem_n[0].sbe.use_imm"
"cex","issue_stage_i.sb_full_o","issue_stage_i.i_scoreboard.mem_n[0].sbe.valid"
"cex","issue_stage_i.sb_full_o","issue_stage_i.i_scoreboard.mem_q[0].issued"
"cex","issue_stage_i.sb_full_o","issue_stage_i.i_scoreboard.mem_q[0].sbe.is_compressed"
"cex","issue_stage_i.sb_full_o","issue_stage_i.i_scoreboard.mem_q[0].sbe.use_imm"
"cex","issue_stage_i.sb_full_o","issue_stage_i.i_scoreboard.mem_q[0].sbe.valid"
"cex","issue_stage_i.sb_full_o","issue_stage_i.i_scoreboard.num_commit[1]"
"cex","issue_stage_i.sb_full_o","issue_stage_i.issue_ack_iro_sb"
"cex","issue_stage_i.sb_full_o","issue_stage_i.issue_ack_sb_rename"
"cex","issue_stage_i.sb_full_o","issue_stage_i.issue_instr_rename_sb.use_imm"
"cex","issue_stage_i.sb_full_o","issue_stage_i.issue_instr_sb_iro.use_imm"
"cex","issue_stage_i.sb_full_o","issue_stage_i.issue_instr_valid_rename_sb"
"cex","issue_stage_i.sb_full_o","issue_stage_i.issue_instr_valid_sb_iro"
"cex","issue_stage_i.sb_full_o","issue_stage_i.lsu_ready_i"
"cex","issue_stage_i.sb_full_o","issue_stage_i.we_gpr_i[0]"
"cex","issue_stage_i.sb_full_o","issue_stage_i.we_gpr_i[1]"
"cex","issue_stage_i.we_fpr_i[0]","issue_stage_i.flu_ready_i"
"cex","issue_stage_i.we_fpr_i[0]","issue_stage_i.i_issue_read_operands.flu_ready_i"
"cex","issue_stage_i.we_fpr_i[0]","issue_stage_i.i_issue_read_operands.lsu_ready_i"
"cex","issue_stage_i.we_fpr_i[0]","issue_stage_i.lsu_ready_i"
"cex","issue_stage_i.wt_valid_i[0]","issue_stage_i.commit_ack_i[0]"
"cex","issue_stage_i.wt_valid_i[0]","issue_stage_i.commit_instr_o[0].valid"
"cex","issue_stage_i.wt_valid_i[0]","issue_stage_i.flu_ready_i"
"cex","issue_stage_i.wt_valid_i[0]","issue_stage_i.i_issue_read_operands.flu_ready_i"
"cex","issue_stage_i.wt_valid_i[0]","issue_stage_i.i_issue_read_operands.lsu_ready_i"
"cex","issue_stage_i.wt_valid_i[0]","issue_stage_i.i_issue_read_operands.we_fpr_i[0]"
"cex","issue_stage_i.wt_valid_i[0]","issue_stage_i.i_scoreboard.commit_ack_i[0]"
"cex","issue_stage_i.wt_valid_i[0]","issue_stage_i.i_scoreboard.commit_instr_o[0].valid"
"cex","issue_stage_i.wt_valid_i[0]","issue_stage_i.i_scoreboard.i_popcount.data_i[0]"
"cex","issue_stage_i.wt_valid_i[0]","issue_stage_i.i_scoreboard.i_popcount.padded_input[0]"
"cex","issue_stage_i.wt_valid_i[0]","issue_stage_i.i_scoreboard.i_popcount.right_child_result"
"cex","issue_stage_i.wt_valid_i[0]","issue_stage_i.lsu_ready_i"
"cex","issue_stage_i.wt_valid_i[0]","issue_stage_i.we_fpr_i[0]"
"cex","issue_stage_i.wt_valid_i[1]","issue_stage_i.commit_instr_o[0].valid"
"cex","issue_stage_i.wt_valid_i[1]","issue_stage_i.i_issue_read_operands.we_gpr_i[0]"
"cex","issue_stage_i.wt_valid_i[1]","issue_stage_i.i_issue_read_operands.we_pack[0]"
"cex","issue_stage_i.wt_valid_i[1]","issue_stage_i.i_scoreboard.commit_instr_o[0].valid"
"cex","issue_stage_i.wt_valid_i[1]","issue_stage_i.we_gpr_i[0]"
"cex","issue_stage_i.wt_valid_i[2]","issue_stage_i.commit_ack_i[0]"
"cex","issue_stage_i.wt_valid_i[2]","issue_stage_i.commit_instr_o[0].use_imm"
"cex","issue_stage_i.wt_valid_i[2]","issue_stage_i.commit_instr_o[0].valid"
"cex","issue_stage_i.wt_valid_i[2]","issue_stage_i.i_issue_read_operands.we_gpr_i[0]"
"cex","issue_stage_i.wt_valid_i[2]","issue_stage_i.i_issue_read_operands.we_pack[0]"
"cex","issue_stage_i.wt_valid_i[2]","issue_stage_i.i_scoreboard.commit_ack_i[0]"
"cex","issue_stage_i.wt_valid_i[2]","issue_stage_i.i_scoreboard.commit_instr_o[0].use_imm"
"cex","issue_stage_i.wt_valid_i[2]","issue_stage_i.i_scoreboard.commit_instr_o[0].valid"
"cex","issue_stage_i.wt_valid_i[2]","issue_stage_i.i_scoreboard.i_popcount.data_i[0]"
"cex","issue_stage_i.wt_valid_i[2]","issue_stage_i.i_scoreboard.i_popcount.padded_input[0]"
"cex","issue_stage_i.wt_valid_i[2]","issue_stage_i.i_scoreboard.i_popcount.right_child_result"
"cex","issue_stage_i.wt_valid_i[2]","issue_stage_i.we_gpr_i[0]"
"cex","issue_stage_i.alu_valid_o","issue_stage_i.i_scoreboard.mem_n[0].sbe.use_imm"
"cex","issue_stage_i.alu_valid_o","issue_stage_i.i_scoreboard.mem_q[0].sbe.use_imm"
"cex","issue_stage_i.branch_valid_o","issue_stage_i.commit_ack_i[0]"
"cex","issue_stage_i.branch_valid_o","issue_stage_i.commit_instr_o[0].valid"
"cex","issue_stage_i.branch_valid_o","issue_stage_i.i_issue_read_operands.we_gpr_i[0]"
"cex","issue_stage_i.branch_valid_o","issue_stage_i.i_issue_read_operands.we_pack[0]"
"cex","issue_stage_i.branch_valid_o","issue_stage_i.i_scoreboard.commit_ack_i[0]"
"cex","issue_stage_i.branch_valid_o","issue_stage_i.i_scoreboard.commit_instr_o[0].valid"
"cex","issue_stage_i.branch_valid_o","issue_stage_i.i_scoreboard.i_popcount.data_i[0]"
"cex","issue_stage_i.branch_valid_o","issue_stage_i.i_scoreboard.i_popcount.padded_input[0]"
"cex","issue_stage_i.branch_valid_o","issue_stage_i.i_scoreboard.i_popcount.popcount_o[0]"
"cex","issue_stage_i.branch_valid_o","issue_stage_i.i_scoreboard.i_popcount.right_child_result"
"cex","issue_stage_i.branch_valid_o","issue_stage_i.i_scoreboard.mem_n[0].sbe.use_imm"
"cex","issue_stage_i.branch_valid_o","issue_stage_i.i_scoreboard.mem_q[0].sbe.use_imm"
"cex","issue_stage_i.branch_valid_o","issue_stage_i.i_scoreboard.num_commit[0]"
"cex","issue_stage_i.branch_valid_o","issue_stage_i.we_gpr_i[0]"
"cex","issue_stage_i.commit_ack_i[1]","issue_stage_i.commit_instr_o[1].use_imm"
"cex","issue_stage_i.commit_ack_i[1]","issue_stage_i.i_scoreboard.commit_instr_o[1].use_imm"
"cex","issue_stage_i.commit_instr_o[0].ex.valid","issue_stage_i.decoded_instr_i.ex.valid"
"cex","issue_stage_i.commit_instr_o[0].ex.valid","issue_stage_i.decoded_instr_i.valid"
"cex","issue_stage_i.commit_instr_o[0].ex.valid","issue_stage_i.i_issue_read_operands.issue_instr_i.ex.valid"
"cex","issue_stage_i.commit_instr_o[0].ex.valid","issue_stage_i.i_issue_read_operands.issue_instr_i.valid"
"cex","issue_stage_i.commit_instr_o[0].ex.valid","issue_stage_i.i_re_name.issue_instr_i.ex.valid"
"cex","issue_stage_i.commit_instr_o[0].ex.valid","issue_stage_i.i_re_name.issue_instr_i.valid"
"cex","issue_stage_i.commit_instr_o[0].ex.valid","issue_stage_i.i_re_name.issue_instr_o.ex.valid"
"cex","issue_stage_i.commit_instr_o[0].ex.valid","issue_stage_i.i_re_name.issue_instr_o.valid"
"cex","issue_stage_i.commit_instr_o[0].ex.valid","issue_stage_i.i_scoreboard.decoded_instr_i.ex.valid"
"cex","issue_stage_i.commit_instr_o[0].ex.valid","issue_stage_i.i_scoreboard.decoded_instr_i.valid"
"cex","issue_stage_i.commit_instr_o[0].ex.valid","issue_stage_i.i_scoreboard.issue_instr_o.ex.valid"
"cex","issue_stage_i.commit_instr_o[0].ex.valid","issue_stage_i.i_scoreboard.issue_instr_o.valid"
"cex","issue_stage_i.commit_instr_o[0].ex.valid","issue_stage_i.issue_instr_rename_sb.ex.valid"
"cex","issue_stage_i.commit_instr_o[0].ex.valid","issue_stage_i.issue_instr_rename_sb.valid"
"cex","issue_stage_i.commit_instr_o[0].ex.valid","issue_stage_i.issue_instr_sb_iro.ex.valid"
"cex","issue_stage_i.commit_instr_o[0].ex.valid","issue_stage_i.issue_instr_sb_iro.valid"
"cex","issue_stage_i.commit_instr_o[0].is_compressed","issue_stage_i.i_scoreboard.mem_n[0].sbe.use_imm"
"cex","issue_stage_i.commit_instr_o[0].is_compressed","issue_stage_i.i_scoreboard.mem_q[0].sbe.use_imm"
"cex","issue_stage_i.commit_instr_o[0].use_pc","issue_stage_i.i_scoreboard.mem_n[0].sbe.use_imm"
"cex","issue_stage_i.commit_instr_o[0].use_pc","issue_stage_i.i_scoreboard.mem_q[0].sbe.use_imm"
"cex","issue_stage_i.commit_instr_o[1].is_compressed","issue_stage_i.i_scoreboard.mem_n[0].sbe.use_imm"
"cex","issue_stage_i.commit_instr_o[1].is_compressed","issue_stage_i.i_scoreboard.mem_q[0].sbe.use_imm"
"cex","issue_stage_i.commit_instr_o[1].use_pc","issue_stage_i.commit_instr_o[0].use_imm"
"cex","issue_stage_i.commit_instr_o[1].use_pc","issue_stage_i.commit_instr_o[1].use_imm"
"cex","issue_stage_i.commit_instr_o[1].use_pc","issue_stage_i.i_scoreboard.commit_instr_o[0].use_imm"
"cex","issue_stage_i.commit_instr_o[1].use_pc","issue_stage_i.i_scoreboard.commit_instr_o[1].use_imm"
"cex","issue_stage_i.commit_instr_o[1].use_pc","issue_stage_i.i_scoreboard.mem_n[0].sbe.use_imm"
"cex","issue_stage_i.commit_instr_o[1].use_pc","issue_stage_i.i_scoreboard.mem_q[0].sbe.use_imm"
"cex","issue_stage_i.commit_instr_o[1].valid","issue_stage_i.commit_instr_o[1].use_imm"
"cex","issue_stage_i.commit_instr_o[1].valid","issue_stage_i.i_scoreboard.commit_instr_o[1].use_imm"
"cex","issue_stage_i.csr_valid_o","issue_stage_i.commit_ack_i[0]"
"cex","issue_stage_i.csr_valid_o","issue_stage_i.i_scoreboard.commit_ack_i[0]"
"cex","issue_stage_i.csr_valid_o","issue_stage_i.i_scoreboard.i_popcount.data_i[0]"
"cex","issue_stage_i.csr_valid_o","issue_stage_i.i_scoreboard.i_popcount.padded_input[0]"
"cex","issue_stage_i.csr_valid_o","issue_stage_i.i_scoreboard.i_popcount.popcount_o[0]"
"cex","issue_stage_i.csr_valid_o","issue_stage_i.i_scoreboard.i_popcount.right_child_result"
"cex","issue_stage_i.csr_valid_o","issue_stage_i.i_scoreboard.mem_n[0].sbe.use_imm"
"cex","issue_stage_i.csr_valid_o","issue_stage_i.i_scoreboard.mem_q[0].sbe.use_imm"
"cex","issue_stage_i.csr_valid_o","issue_stage_i.i_scoreboard.num_commit[0]"
"cex","issue_stage_i.decoded_instr_i.is_compressed","issue_stage_i.i_scoreboard.mem_n[0].sbe.use_imm"
"cex","issue_stage_i.decoded_instr_i.is_compressed","issue_stage_i.i_scoreboard.mem_q[0].sbe.use_imm"
"cex","issue_stage_i.decoded_instr_i.use_imm","issue_stage_i.i_scoreboard.mem_q[0].sbe.use_imm"
"cex","issue_stage_i.decoded_instr_i.use_pc","issue_stage_i.i_scoreboard.mem_n[0].sbe.use_imm"
"cex","issue_stage_i.decoded_instr_i.use_pc","issue_stage_i.i_scoreboard.mem_q[0].sbe.use_imm"
"cex","issue_stage_i.i_issue_read_operands.alu_valid_o","issue_stage_i.i_scoreboard.mem_n[0].sbe.use_imm"
"cex","issue_stage_i.i_issue_read_operands.alu_valid_o","issue_stage_i.i_scoreboard.mem_q[0].sbe.use_imm"
"cex","issue_stage_i.i_issue_read_operands.alu_valid_q","issue_stage_i.i_scoreboard.mem_n[0].sbe.use_imm"
"cex","issue_stage_i.i_issue_read_operands.alu_valid_q","issue_stage_i.i_scoreboard.mem_q[0].sbe.use_imm"
"cex","issue_stage_i.i_issue_read_operands.branch_valid_o","issue_stage_i.commit_ack_i[0]"
"cex","issue_stage_i.i_issue_read_operands.branch_valid_o","issue_stage_i.commit_instr_o[0].valid"
"cex","issue_stage_i.i_issue_read_operands.branch_valid_o","issue_stage_i.i_issue_read_operands.we_gpr_i[0]"
"cex","issue_stage_i.i_issue_read_operands.branch_valid_o","issue_stage_i.i_issue_read_operands.we_pack[0]"
"cex","issue_stage_i.i_issue_read_operands.branch_valid_o","issue_stage_i.i_scoreboard.commit_ack_i[0]"
"cex","issue_stage_i.i_issue_read_operands.branch_valid_o","issue_stage_i.i_scoreboard.commit_instr_o[0].valid"
"cex","issue_stage_i.i_issue_read_operands.branch_valid_o","issue_stage_i.i_scoreboard.i_popcount.data_i[0]"
"cex","issue_stage_i.i_issue_read_operands.branch_valid_o","issue_stage_i.i_scoreboard.i_popcount.padded_input[0]"
"cex","issue_stage_i.i_issue_read_operands.branch_valid_o","issue_stage_i.i_scoreboard.i_popcount.popcount_o[0]"
"cex","issue_stage_i.i_issue_read_operands.branch_valid_o","issue_stage_i.i_scoreboard.i_popcount.right_child_result"
"cex","issue_stage_i.i_issue_read_operands.branch_valid_o","issue_stage_i.i_scoreboard.mem_n[0].sbe.use_imm"
"cex","issue_stage_i.i_issue_read_operands.branch_valid_o","issue_stage_i.i_scoreboard.mem_q[0].sbe.use_imm"
"cex","issue_stage_i.i_issue_read_operands.branch_valid_o","issue_stage_i.i_scoreboard.num_commit[0]"
"cex","issue_stage_i.i_issue_read_operands.branch_valid_o","issue_stage_i.we_gpr_i[0]"
"cex","issue_stage_i.i_issue_read_operands.branch_valid_q","issue_stage_i.commit_ack_i[0]"
"cex","issue_stage_i.i_issue_read_operands.branch_valid_q","issue_stage_i.commit_instr_o[0].valid"
"cex","issue_stage_i.i_issue_read_operands.branch_valid_q","issue_stage_i.i_issue_read_operands.we_gpr_i[0]"
"cex","issue_stage_i.i_issue_read_operands.branch_valid_q","issue_stage_i.i_issue_read_operands.we_pack[0]"
"cex","issue_stage_i.i_issue_read_operands.branch_valid_q","issue_stage_i.i_scoreboard.commit_ack_i[0]"
"cex","issue_stage_i.i_issue_read_operands.branch_valid_q","issue_stage_i.i_scoreboard.commit_instr_o[0].valid"
"cex","issue_stage_i.i_issue_read_operands.branch_valid_q","issue_stage_i.i_scoreboard.i_popcount.data_i[0]"
"cex","issue_stage_i.i_issue_read_operands.branch_valid_q","issue_stage_i.i_scoreboard.i_popcount.padded_input[0]"
"cex","issue_stage_i.i_issue_read_operands.branch_valid_q","issue_stage_i.i_scoreboard.i_popcount.popcount_o[0]"
"cex","issue_stage_i.i_issue_read_operands.branch_valid_q","issue_stage_i.i_scoreboard.i_popcount.right_child_result"
"cex","issue_stage_i.i_issue_read_operands.branch_valid_q","issue_stage_i.i_scoreboard.mem_n[0].sbe.use_imm"
"cex","issue_stage_i.i_issue_read_operands.branch_valid_q","issue_stage_i.i_scoreboard.mem_q[0].sbe.use_imm"
"cex","issue_stage_i.i_issue_read_operands.branch_valid_q","issue_stage_i.i_scoreboard.num_commit[0]"
"cex","issue_stage_i.i_issue_read_operands.branch_valid_q","issue_stage_i.we_gpr_i[0]"
"cex","issue_stage_i.i_issue_read_operands.csr_valid_o","issue_stage_i.commit_ack_i[0]"
"cex","issue_stage_i.i_issue_read_operands.csr_valid_o","issue_stage_i.i_scoreboard.commit_ack_i[0]"
"cex","issue_stage_i.i_issue_read_operands.csr_valid_o","issue_stage_i.i_scoreboard.i_popcount.data_i[0]"
"cex","issue_stage_i.i_issue_read_operands.csr_valid_o","issue_stage_i.i_scoreboard.i_popcount.padded_input[0]"
"cex","issue_stage_i.i_issue_read_operands.csr_valid_o","issue_stage_i.i_scoreboard.i_popcount.popcount_o[0]"
"cex","issue_stage_i.i_issue_read_operands.csr_valid_o","issue_stage_i.i_scoreboard.i_popcount.right_child_result"
"cex","issue_stage_i.i_issue_read_operands.csr_valid_o","issue_stage_i.i_scoreboard.mem_n[0].sbe.use_imm"
"cex","issue_stage_i.i_issue_read_operands.csr_valid_o","issue_stage_i.i_scoreboard.mem_q[0].sbe.use_imm"
"cex","issue_stage_i.i_issue_read_operands.csr_valid_o","issue_stage_i.i_scoreboard.num_commit[0]"
"cex","issue_stage_i.i_issue_read_operands.csr_valid_q","issue_stage_i.commit_ack_i[0]"
"cex","issue_stage_i.i_issue_read_operands.csr_valid_q","issue_stage_i.i_scoreboard.commit_ack_i[0]"
"cex","issue_stage_i.i_issue_read_operands.csr_valid_q","issue_stage_i.i_scoreboard.i_popcount.data_i[0]"
"cex","issue_stage_i.i_issue_read_operands.csr_valid_q","issue_stage_i.i_scoreboard.i_popcount.padded_input[0]"
"cex","issue_stage_i.i_issue_read_operands.csr_valid_q","issue_stage_i.i_scoreboard.i_popcount.popcount_o[0]"
"cex","issue_stage_i.i_issue_read_operands.csr_valid_q","issue_stage_i.i_scoreboard.i_popcount.right_child_result"
"cex","issue_stage_i.i_issue_read_operands.csr_valid_q","issue_stage_i.i_scoreboard.mem_n[0].sbe.use_imm"
"cex","issue_stage_i.i_issue_read_operands.csr_valid_q","issue_stage_i.i_scoreboard.mem_q[0].sbe.use_imm"
"cex","issue_stage_i.i_issue_read_operands.csr_valid_q","issue_stage_i.i_scoreboard.num_commit[0]"
"cex","issue_stage_i.i_issue_read_operands.is_compressed_instr_o","issue_stage_i.i_scoreboard.mem_n[0].sbe.use_imm"
"cex","issue_stage_i.i_issue_read_operands.is_compressed_instr_o","issue_stage_i.i_scoreboard.mem_q[0].sbe.use_imm"
"cex","issue_stage_i.i_issue_read_operands.issue_instr_i.is_compressed","issue_stage_i.i_scoreboard.mem_n[0].sbe.use_imm"
"cex","issue_stage_i.i_issue_read_operands.issue_instr_i.is_compressed","issue_stage_i.i_scoreboard.mem_q[0].sbe.use_imm"
"cex","issue_stage_i.i_issue_read_operands.issue_instr_i.use_imm","issue_stage_i.i_scoreboard.mem_q[0].sbe.use_imm"
"cex","issue_stage_i.i_issue_read_operands.issue_instr_i.use_pc","issue_stage_i.i_scoreboard.mem_n[0].sbe.use_imm"
"cex","issue_stage_i.i_issue_read_operands.issue_instr_i.use_pc","issue_stage_i.i_scoreboard.mem_q[0].sbe.use_imm"
"cex","issue_stage_i.i_issue_read_operands.lsu_valid_o","issue_stage_i.commit_instr_o[0].use_imm"
"cex","issue_stage_i.i_issue_read_operands.lsu_valid_o","issue_stage_i.decoded_instr_i.use_imm"
"cex","issue_stage_i.i_issue_read_operands.lsu_valid_o","issue_stage_i.flu_ready_i"
"cex","issue_stage_i.i_issue_read_operands.lsu_valid_o","issue_stage_i.i_issue_read_operands.flu_ready_i"
"cex","issue_stage_i.i_issue_read_operands.lsu_valid_o","issue_stage_i.i_issue_read_operands.issue_instr_i.use_imm"
"cex","issue_stage_i.i_issue_read_operands.lsu_valid_o","issue_stage_i.i_re_name.issue_instr_i.use_imm"
"cex","issue_stage_i.i_issue_read_operands.lsu_valid_o","issue_stage_i.i_re_name.issue_instr_o.use_imm"
"cex","issue_stage_i.i_issue_read_operands.lsu_valid_o","issue_stage_i.i_scoreboard.commit_instr_o[0].use_imm"
"cex","issue_stage_i.i_issue_read_operands.lsu_valid_o","issue_stage_i.i_scoreboard.decoded_instr_i.use_imm"
"cex","issue_stage_i.i_issue_read_operands.lsu_valid_o","issue_stage_i.i_scoreboard.issue_instr_o.use_imm"
"cex","issue_stage_i.i_issue_read_operands.lsu_valid_o","issue_stage_i.i_scoreboard.mem_n[0].sbe.use_imm"
"cex","issue_stage_i.i_issue_read_operands.lsu_valid_o","issue_stage_i.i_scoreboard.mem_q[0].sbe.use_imm"
"cex","issue_stage_i.i_issue_read_operands.lsu_valid_o","issue_stage_i.issue_instr_rename_sb.use_imm"
"cex","issue_stage_i.i_issue_read_operands.lsu_valid_o","issue_stage_i.issue_instr_sb_iro.use_imm"
"cex","issue_stage_i.i_issue_read_operands.lsu_valid_q","issue_stage_i.commit_instr_o[0].use_imm"
"cex","issue_stage_i.i_issue_read_operands.lsu_valid_q","issue_stage_i.decoded_instr_i.use_imm"
"cex","issue_stage_i.i_issue_read_operands.lsu_valid_q","issue_stage_i.flu_ready_i"
"cex","issue_stage_i.i_issue_read_operands.lsu_valid_q","issue_stage_i.i_issue_read_operands.flu_ready_i"
"cex","issue_stage_i.i_issue_read_operands.lsu_valid_q","issue_stage_i.i_issue_read_operands.issue_instr_i.use_imm"
"cex","issue_stage_i.i_issue_read_operands.lsu_valid_q","issue_stage_i.i_re_name.issue_instr_i.use_imm"
"cex","issue_stage_i.i_issue_read_operands.lsu_valid_q","issue_stage_i.i_re_name.issue_instr_o.use_imm"
"cex","issue_stage_i.i_issue_read_operands.lsu_valid_q","issue_stage_i.i_scoreboard.commit_instr_o[0].use_imm"
"cex","issue_stage_i.i_issue_read_operands.lsu_valid_q","issue_stage_i.i_scoreboard.decoded_instr_i.use_imm"
"cex","issue_stage_i.i_issue_read_operands.lsu_valid_q","issue_stage_i.i_scoreboard.issue_instr_o.use_imm"
"cex","issue_stage_i.i_issue_read_operands.lsu_valid_q","issue_stage_i.i_scoreboard.mem_n[0].sbe.use_imm"
"cex","issue_stage_i.i_issue_read_operands.lsu_valid_q","issue_stage_i.i_scoreboard.mem_q[0].sbe.use_imm"
"cex","issue_stage_i.i_issue_read_operands.lsu_valid_q","issue_stage_i.issue_instr_rename_sb.use_imm"
"cex","issue_stage_i.i_issue_read_operands.lsu_valid_q","issue_stage_i.issue_instr_sb_iro.use_imm"
"cex","issue_stage_i.i_issue_read_operands.stall","issue_stage_i.commit_instr_o[0].use_imm"
"cex","issue_stage_i.i_issue_read_operands.stall","issue_stage_i.commit_instr_o[1].use_imm"
"cex","issue_stage_i.i_issue_read_operands.stall","issue_stage_i.decoded_instr_i.use_imm"
"cex","issue_stage_i.i_issue_read_operands.stall","issue_stage_i.flu_ready_i"
"cex","issue_stage_i.i_issue_read_operands.stall","issue_stage_i.i_issue_read_operands.flu_ready_i"
"cex","issue_stage_i.i_issue_read_operands.stall","issue_stage_i.i_issue_read_operands.issue_instr_i.use_imm"
"cex","issue_stage_i.i_issue_read_operands.stall","issue_stage_i.i_re_name.issue_instr_i.use_imm"
"cex","issue_stage_i.i_issue_read_operands.stall","issue_stage_i.i_re_name.issue_instr_o.use_imm"
"cex","issue_stage_i.i_issue_read_operands.stall","issue_stage_i.i_scoreboard.commit_instr_o[0].use_imm"
"cex","issue_stage_i.i_issue_read_operands.stall","issue_stage_i.i_scoreboard.commit_instr_o[1].use_imm"
"cex","issue_stage_i.i_issue_read_operands.stall","issue_stage_i.i_scoreboard.decoded_instr_i.use_imm"
"cex","issue_stage_i.i_issue_read_operands.stall","issue_stage_i.i_scoreboard.issue_instr_o.use_imm"
"cex","issue_stage_i.i_issue_read_operands.stall","issue_stage_i.i_scoreboard.mem_n[0].sbe.use_imm"
"cex","issue_stage_i.i_issue_read_operands.stall","issue_stage_i.i_scoreboard.mem_q[0].sbe.use_imm"
"cex","issue_stage_i.i_issue_read_operands.stall","issue_stage_i.issue_instr_rename_sb.use_imm"
"cex","issue_stage_i.i_issue_read_operands.stall","issue_stage_i.issue_instr_sb_iro.use_imm"
"cex","issue_stage_i.i_issue_read_operands.we_gpr_i[1]","issue_stage_i.commit_instr_o[1].use_imm"
"cex","issue_stage_i.i_issue_read_operands.we_gpr_i[1]","issue_stage_i.i_scoreboard.commit_instr_o[1].use_imm"
"cex","issue_stage_i.i_issue_read_operands.we_pack[1]","issue_stage_i.commit_instr_o[1].use_imm"
"cex","issue_stage_i.i_issue_read_operands.we_pack[1]","issue_stage_i.i_scoreboard.commit_instr_o[1].use_imm"
"cex","issue_stage_i.i_re_name.issue_instr_i.is_compressed","issue_stage_i.i_scoreboard.mem_n[0].sbe.use_imm"
"cex","issue_stage_i.i_re_name.issue_instr_i.is_compressed","issue_stage_i.i_scoreboard.mem_q[0].sbe.use_imm"
"cex","issue_stage_i.i_re_name.issue_instr_i.use_imm","issue_stage_i.i_scoreboard.mem_q[0].sbe.use_imm"
"cex","issue_stage_i.i_re_name.issue_instr_i.use_pc","issue_stage_i.i_scoreboard.mem_n[0].sbe.use_imm"
"cex","issue_stage_i.i_re_name.issue_instr_i.use_pc","issue_stage_i.i_scoreboard.mem_q[0].sbe.use_imm"
"cex","issue_stage_i.i_re_name.issue_instr_o.is_compressed","issue_stage_i.i_scoreboard.mem_n[0].sbe.use_imm"
"cex","issue_stage_i.i_re_name.issue_instr_o.is_compressed","issue_stage_i.i_scoreboard.mem_q[0].sbe.use_imm"
"cex","issue_stage_i.i_re_name.issue_instr_o.use_imm","issue_stage_i.i_scoreboard.mem_q[0].sbe.use_imm"
"cex","issue_stage_i.i_re_name.issue_instr_o.use_pc","issue_stage_i.i_scoreboard.mem_n[0].sbe.use_imm"
"cex","issue_stage_i.i_re_name.issue_instr_o.use_pc","issue_stage_i.i_scoreboard.mem_q[0].sbe.use_imm"
"cex","issue_stage_i.i_scoreboard.commit_ack_i[1]","issue_stage_i.commit_instr_o[1].use_imm"
"cex","issue_stage_i.i_scoreboard.commit_ack_i[1]","issue_stage_i.i_scoreboard.commit_instr_o[1].use_imm"
"cex","issue_stage_i.i_scoreboard.commit_instr_o[0].ex.valid","issue_stage_i.decoded_instr_i.ex.valid"
"cex","issue_stage_i.i_scoreboard.commit_instr_o[0].ex.valid","issue_stage_i.decoded_instr_i.valid"
"cex","issue_stage_i.i_scoreboard.commit_instr_o[0].ex.valid","issue_stage_i.i_issue_read_operands.issue_instr_i.ex.valid"
"cex","issue_stage_i.i_scoreboard.commit_instr_o[0].ex.valid","issue_stage_i.i_issue_read_operands.issue_instr_i.valid"
"cex","issue_stage_i.i_scoreboard.commit_instr_o[0].ex.valid","issue_stage_i.i_re_name.issue_instr_i.ex.valid"
"cex","issue_stage_i.i_scoreboard.commit_instr_o[0].ex.valid","issue_stage_i.i_re_name.issue_instr_i.valid"
"cex","issue_stage_i.i_scoreboard.commit_instr_o[0].ex.valid","issue_stage_i.i_re_name.issue_instr_o.ex.valid"
"cex","issue_stage_i.i_scoreboard.commit_instr_o[0].ex.valid","issue_stage_i.i_re_name.issue_instr_o.valid"
"cex","issue_stage_i.i_scoreboard.commit_instr_o[0].ex.valid","issue_stage_i.i_scoreboard.decoded_instr_i.ex.valid"
"cex","issue_stage_i.i_scoreboard.commit_instr_o[0].ex.valid","issue_stage_i.i_scoreboard.decoded_instr_i.valid"
"cex","issue_stage_i.i_scoreboard.commit_instr_o[0].ex.valid","issue_stage_i.i_scoreboard.issue_instr_o.ex.valid"
"cex","issue_stage_i.i_scoreboard.commit_instr_o[0].ex.valid","issue_stage_i.i_scoreboard.issue_instr_o.valid"
"cex","issue_stage_i.i_scoreboard.commit_instr_o[0].ex.valid","issue_stage_i.issue_instr_rename_sb.ex.valid"
"cex","issue_stage_i.i_scoreboard.commit_instr_o[0].ex.valid","issue_stage_i.issue_instr_rename_sb.valid"
"cex","issue_stage_i.i_scoreboard.commit_instr_o[0].ex.valid","issue_stage_i.issue_instr_sb_iro.ex.valid"
"cex","issue_stage_i.i_scoreboard.commit_instr_o[0].ex.valid","issue_stage_i.issue_instr_sb_iro.valid"
"cex","issue_stage_i.i_scoreboard.commit_instr_o[0].is_compressed","issue_stage_i.i_scoreboard.mem_n[0].sbe.use_imm"
"cex","issue_stage_i.i_scoreboard.commit_instr_o[0].is_compressed","issue_stage_i.i_scoreboard.mem_q[0].sbe.use_imm"
"cex","issue_stage_i.i_scoreboard.commit_instr_o[0].use_pc","issue_stage_i.i_scoreboard.mem_n[0].sbe.use_imm"
"cex","issue_stage_i.i_scoreboard.commit_instr_o[0].use_pc","issue_stage_i.i_scoreboard.mem_q[0].sbe.use_imm"
"cex","issue_stage_i.i_scoreboard.commit_instr_o[1].is_compressed","issue_stage_i.i_scoreboard.mem_n[0].sbe.use_imm"
"cex","issue_stage_i.i_scoreboard.commit_instr_o[1].is_compressed","issue_stage_i.i_scoreboard.mem_q[0].sbe.use_imm"
"cex","issue_stage_i.i_scoreboard.commit_instr_o[1].use_pc","issue_stage_i.commit_instr_o[0].use_imm"
"cex","issue_stage_i.i_scoreboard.commit_instr_o[1].use_pc","issue_stage_i.commit_instr_o[1].use_imm"
"cex","issue_stage_i.i_scoreboard.commit_instr_o[1].use_pc","issue_stage_i.i_scoreboard.commit_instr_o[0].use_imm"
"cex","issue_stage_i.i_scoreboard.commit_instr_o[1].use_pc","issue_stage_i.i_scoreboard.commit_instr_o[1].use_imm"
"cex","issue_stage_i.i_scoreboard.commit_instr_o[1].use_pc","issue_stage_i.i_scoreboard.mem_n[0].sbe.use_imm"
"cex","issue_stage_i.i_scoreboard.commit_instr_o[1].use_pc","issue_stage_i.i_scoreboard.mem_q[0].sbe.use_imm"
"cex","issue_stage_i.i_scoreboard.commit_instr_o[1].valid","issue_stage_i.commit_instr_o[1].use_imm"
"cex","issue_stage_i.i_scoreboard.commit_instr_o[1].valid","issue_stage_i.i_scoreboard.commit_instr_o[1].use_imm"
"cex","issue_stage_i.i_scoreboard.decoded_instr_i.is_compressed","issue_stage_i.i_scoreboard.mem_n[0].sbe.use_imm"
"cex","issue_stage_i.i_scoreboard.decoded_instr_i.is_compressed","issue_stage_i.i_scoreboard.mem_q[0].sbe.use_imm"
"cex","issue_stage_i.i_scoreboard.decoded_instr_i.use_imm","issue_stage_i.i_scoreboard.mem_q[0].sbe.use_imm"
"cex","issue_stage_i.i_scoreboard.decoded_instr_i.use_pc","issue_stage_i.i_scoreboard.mem_n[0].sbe.use_imm"
"cex","issue_stage_i.i_scoreboard.decoded_instr_i.use_pc","issue_stage_i.i_scoreboard.mem_q[0].sbe.use_imm"
"cex","issue_stage_i.i_scoreboard.i_popcount.data_i[1]","issue_stage_i.commit_instr_o[1].use_imm"
"cex","issue_stage_i.i_scoreboard.i_popcount.data_i[1]","issue_stage_i.i_scoreboard.commit_instr_o[1].use_imm"
"cex","issue_stage_i.i_scoreboard.i_popcount.left_child_result","issue_stage_i.commit_instr_o[1].use_imm"
"cex","issue_stage_i.i_scoreboard.i_popcount.left_child_result","issue_stage_i.i_scoreboard.commit_instr_o[1].use_imm"
"cex","issue_stage_i.i_scoreboard.i_popcount.padded_input[1]","issue_stage_i.commit_instr_o[1].use_imm"
"cex","issue_stage_i.i_scoreboard.i_popcount.padded_input[1]","issue_stage_i.i_scoreboard.commit_instr_o[1].use_imm"
"cex","issue_stage_i.i_scoreboard.i_popcount.popcount_o[0]","issue_stage_i.flu_ready_i"
"cex","issue_stage_i.i_scoreboard.i_popcount.popcount_o[0]","issue_stage_i.i_issue_read_operands.flu_ready_i"
"cex","issue_stage_i.i_scoreboard.i_popcount.popcount_o[0]","issue_stage_i.i_scoreboard.mem_n[0].sbe.use_imm"
"cex","issue_stage_i.i_scoreboard.i_popcount.popcount_o[0]","issue_stage_i.i_scoreboard.mem_q[0].sbe.use_imm"
"cex","issue_stage_i.i_scoreboard.i_popcount.popcount_o[1]","issue_stage_i.commit_instr_o[1].use_imm"
"cex","issue_stage_i.i_scoreboard.i_popcount.popcount_o[1]","issue_stage_i.i_scoreboard.commit_instr_o[1].use_imm"
"cex","issue_stage_i.i_scoreboard.issue_instr_o.is_compressed","issue_stage_i.i_scoreboard.mem_n[0].sbe.use_imm"
"cex","issue_stage_i.i_scoreboard.issue_instr_o.is_compressed","issue_stage_i.i_scoreboard.mem_q[0].sbe.use_imm"
"cex","issue_stage_i.i_scoreboard.issue_instr_o.use_imm","issue_stage_i.i_scoreboard.mem_q[0].sbe.use_imm"
"cex","issue_stage_i.i_scoreboard.issue_instr_o.use_pc","issue_stage_i.i_scoreboard.mem_n[0].sbe.use_imm"
"cex","issue_stage_i.i_scoreboard.issue_instr_o.use_pc","issue_stage_i.i_scoreboard.mem_q[0].sbe.use_imm"
"cex","issue_stage_i.i_scoreboard.mem_n[0].sbe.ex.valid","issue_stage_i.commit_instr_o[0].ex.valid"
"cex","issue_stage_i.i_scoreboard.mem_n[0].sbe.ex.valid","issue_stage_i.commit_instr_o[0].valid"
"cex","issue_stage_i.i_scoreboard.mem_n[0].sbe.ex.valid","issue_stage_i.flush_i"
"cex","issue_stage_i.i_scoreboard.mem_n[0].sbe.ex.valid","issue_stage_i.flush_unissued_instr_i"
"cex","issue_stage_i.i_scoreboard.mem_n[0].sbe.ex.valid","issue_stage_i.i_issue_read_operands.flush_i"
"cex","issue_stage_i.i_scoreboard.mem_n[0].sbe.ex.valid","issue_stage_i.i_re_name.flush_i"
"cex","issue_stage_i.i_scoreboard.mem_n[0].sbe.ex.valid","issue_stage_i.i_re_name.flush_unissied_instr_i"
"cex","issue_stage_i.i_scoreboard.mem_n[0].sbe.ex.valid","issue_stage_i.i_scoreboard.commit_instr_o[0].ex.valid"
"cex","issue_stage_i.i_scoreboard.mem_n[0].sbe.ex.valid","issue_stage_i.i_scoreboard.commit_instr_o[0].valid"
"cex","issue_stage_i.i_scoreboard.mem_n[0].sbe.ex.valid","issue_stage_i.i_scoreboard.flush_i"
"cex","issue_stage_i.i_scoreboard.mem_n[0].sbe.ex.valid","issue_stage_i.i_scoreboard.flush_unissued_instr_i"
"cex","issue_stage_i.i_scoreboard.mem_n[0].sbe.is_compressed","issue_stage_i.i_scoreboard.mem_n[0].sbe.use_imm"
"cex","issue_stage_i.i_scoreboard.mem_n[0].sbe.is_compressed","issue_stage_i.i_scoreboard.mem_q[0].sbe.use_imm"
"cex","issue_stage_i.i_scoreboard.mem_n[0].sbe.valid","issue_stage_i.commit_instr_o[0].valid"
"cex","issue_stage_i.i_scoreboard.mem_n[0].sbe.valid","issue_stage_i.i_scoreboard.commit_instr_o[0].valid"
"cex","issue_stage_i.i_scoreboard.mem_q[0].issued","issue_stage_i.flu_ready_i"
"cex","issue_stage_i.i_scoreboard.mem_q[0].issued","issue_stage_i.i_issue_read_operands.flu_ready_i"
"cex","issue_stage_i.i_scoreboard.mem_q[0].sbe.ex.valid","issue_stage_i.flu_ready_i"
"cex","issue_stage_i.i_scoreboard.mem_q[0].sbe.ex.valid","issue_stage_i.i_issue_read_operands.flu_ready_i"
"cex","issue_stage_i.i_scoreboard.mem_q[0].sbe.is_compressed","issue_stage_i.i_scoreboard.mem_n[0].sbe.use_imm"
"cex","issue_stage_i.i_scoreboard.mem_q[0].sbe.is_compressed","issue_stage_i.i_scoreboard.mem_q[0].sbe.use_imm"
"cex","issue_stage_i.i_scoreboard.mem_q[0].sbe.valid","issue_stage_i.flu_ready_i"
"cex","issue_stage_i.i_scoreboard.mem_q[0].sbe.valid","issue_stage_i.i_issue_read_operands.flu_ready_i"
"cex","issue_stage_i.i_scoreboard.num_commit[0]","issue_stage_i.flu_ready_i"
"cex","issue_stage_i.i_scoreboard.num_commit[0]","issue_stage_i.i_issue_read_operands.flu_ready_i"
"cex","issue_stage_i.i_scoreboard.num_commit[0]","issue_stage_i.i_scoreboard.mem_n[0].sbe.use_imm"
"cex","issue_stage_i.i_scoreboard.num_commit[0]","issue_stage_i.i_scoreboard.mem_q[0].sbe.use_imm"
"cex","issue_stage_i.i_scoreboard.num_commit[1]","issue_stage_i.commit_instr_o[1].use_imm"
"cex","issue_stage_i.i_scoreboard.num_commit[1]","issue_stage_i.i_scoreboard.commit_instr_o[1].use_imm"
"cex","issue_stage_i.i_scoreboard.resolved_branch_i.is_mispredict","issue_stage_i.commit_ack_i[0]"
"cex","issue_stage_i.i_scoreboard.resolved_branch_i.is_mispredict","issue_stage_i.commit_instr_o[0].valid"
"cex","issue_stage_i.i_scoreboard.resolved_branch_i.is_mispredict","issue_stage_i.i_issue_read_operands.we_gpr_i[0]"
"cex","issue_stage_i.i_scoreboard.resolved_branch_i.is_mispredict","issue_stage_i.i_issue_read_operands.we_pack[0]"
"cex","issue_stage_i.i_scoreboard.resolved_branch_i.is_mispredict","issue_stage_i.i_scoreboard.commit_ack_i[0]"
"cex","issue_stage_i.i_scoreboard.resolved_branch_i.is_mispredict","issue_stage_i.i_scoreboard.commit_instr_o[0].valid"
"cex","issue_stage_i.i_scoreboard.resolved_branch_i.is_mispredict","issue_stage_i.i_scoreboard.i_popcount.data_i[0]"
"cex","issue_stage_i.i_scoreboard.resolved_branch_i.is_mispredict","issue_stage_i.i_scoreboard.i_popcount.padded_input[0]"
"cex","issue_stage_i.i_scoreboard.resolved_branch_i.is_mispredict","issue_stage_i.i_scoreboard.i_popcount.popcount_o[0]"
"cex","issue_stage_i.i_scoreboard.resolved_branch_i.is_mispredict","issue_stage_i.i_scoreboard.i_popcount.right_child_result"
"cex","issue_stage_i.i_scoreboard.resolved_branch_i.is_mispredict","issue_stage_i.i_scoreboard.mem_n[0].sbe.use_imm"
"cex","issue_stage_i.i_scoreboard.resolved_branch_i.is_mispredict","issue_stage_i.i_scoreboard.mem_q[0].sbe.use_imm"
"cex","issue_stage_i.i_scoreboard.resolved_branch_i.is_mispredict","issue_stage_i.i_scoreboard.num_commit[0]"
"cex","issue_stage_i.i_scoreboard.resolved_branch_i.is_mispredict","issue_stage_i.we_gpr_i[0]"
"cex","issue_stage_i.i_scoreboard.resolved_branch_i.is_taken","issue_stage_i.commit_ack_i[0]"
"cex","issue_stage_i.i_scoreboard.resolved_branch_i.is_taken","issue_stage_i.commit_instr_o[0].valid"
"cex","issue_stage_i.i_scoreboard.resolved_branch_i.is_taken","issue_stage_i.i_issue_read_operands.we_gpr_i[0]"
"cex","issue_stage_i.i_scoreboard.resolved_branch_i.is_taken","issue_stage_i.i_issue_read_operands.we_pack[0]"
"cex","issue_stage_i.i_scoreboard.resolved_branch_i.is_taken","issue_stage_i.i_scoreboard.commit_ack_i[0]"
"cex","issue_stage_i.i_scoreboard.resolved_branch_i.is_taken","issue_stage_i.i_scoreboard.commit_instr_o[0].valid"
"cex","issue_stage_i.i_scoreboard.resolved_branch_i.is_taken","issue_stage_i.i_scoreboard.i_popcount.data_i[0]"
"cex","issue_stage_i.i_scoreboard.resolved_branch_i.is_taken","issue_stage_i.i_scoreboard.i_popcount.padded_input[0]"
"cex","issue_stage_i.i_scoreboard.resolved_branch_i.is_taken","issue_stage_i.i_scoreboard.i_popcount.popcount_o[0]"
"cex","issue_stage_i.i_scoreboard.resolved_branch_i.is_taken","issue_stage_i.i_scoreboard.i_popcount.right_child_result"
"cex","issue_stage_i.i_scoreboard.resolved_branch_i.is_taken","issue_stage_i.i_scoreboard.mem_n[0].sbe.use_imm"
"cex","issue_stage_i.i_scoreboard.resolved_branch_i.is_taken","issue_stage_i.i_scoreboard.mem_q[0].sbe.use_imm"
"cex","issue_stage_i.i_scoreboard.resolved_branch_i.is_taken","issue_stage_i.i_scoreboard.num_commit[0]"
"cex","issue_stage_i.i_scoreboard.resolved_branch_i.is_taken","issue_stage_i.we_gpr_i[0]"
"cex","issue_stage_i.i_scoreboard.resolved_branch_i.valid","issue_stage_i.commit_ack_i[0]"
"cex","issue_stage_i.i_scoreboard.resolved_branch_i.valid","issue_stage_i.commit_instr_o[0].valid"
"cex","issue_stage_i.i_scoreboard.resolved_branch_i.valid","issue_stage_i.i_issue_read_operands.we_gpr_i[0]"
"cex","issue_stage_i.i_scoreboard.resolved_branch_i.valid","issue_stage_i.i_issue_read_operands.we_pack[0]"
"cex","issue_stage_i.i_scoreboard.resolved_branch_i.valid","issue_stage_i.i_scoreboard.commit_ack_i[0]"
"cex","issue_stage_i.i_scoreboard.resolved_branch_i.valid","issue_stage_i.i_scoreboard.commit_instr_o[0].valid"
"cex","issue_stage_i.i_scoreboard.resolved_branch_i.valid","issue_stage_i.i_scoreboard.i_popcount.data_i[0]"
"cex","issue_stage_i.i_scoreboard.resolved_branch_i.valid","issue_stage_i.i_scoreboard.i_popcount.padded_input[0]"
"cex","issue_stage_i.i_scoreboard.resolved_branch_i.valid","issue_stage_i.i_scoreboard.i_popcount.popcount_o[0]"
"cex","issue_stage_i.i_scoreboard.resolved_branch_i.valid","issue_stage_i.i_scoreboard.i_popcount.right_child_result"
"cex","issue_stage_i.i_scoreboard.resolved_branch_i.valid","issue_stage_i.i_scoreboard.mem_n[0].sbe.use_imm"
"cex","issue_stage_i.i_scoreboard.resolved_branch_i.valid","issue_stage_i.i_scoreboard.mem_q[0].sbe.use_imm"
"cex","issue_stage_i.i_scoreboard.resolved_branch_i.valid","issue_stage_i.i_scoreboard.num_commit[0]"
"cex","issue_stage_i.i_scoreboard.resolved_branch_i.valid","issue_stage_i.we_gpr_i[0]"
"cex","issue_stage_i.i_scoreboard.wt_valid_i[1]","issue_stage_i.commit_ack_i[0]"
"cex","issue_stage_i.i_scoreboard.wt_valid_i[1]","issue_stage_i.commit_instr_o[0].use_imm"
"cex","issue_stage_i.i_scoreboard.wt_valid_i[1]","issue_stage_i.decoded_instr_i.use_imm"
"cex","issue_stage_i.i_scoreboard.wt_valid_i[1]","issue_stage_i.flu_ready_i"
"cex","issue_stage_i.i_scoreboard.wt_valid_i[1]","issue_stage_i.i_issue_read_operands.flu_ready_i"
"cex","issue_stage_i.i_scoreboard.wt_valid_i[1]","issue_stage_i.i_issue_read_operands.issue_instr_i.use_imm"
"cex","issue_stage_i.i_scoreboard.wt_valid_i[1]","issue_stage_i.i_re_name.issue_instr_i.use_imm"
"cex","issue_stage_i.i_scoreboard.wt_valid_i[1]","issue_stage_i.i_re_name.issue_instr_o.use_imm"
"cex","issue_stage_i.i_scoreboard.wt_valid_i[1]","issue_stage_i.i_scoreboard.commit_ack_i[0]"
"cex","issue_stage_i.i_scoreboard.wt_valid_i[1]","issue_stage_i.i_scoreboard.commit_instr_o[0].use_imm"
"cex","issue_stage_i.i_scoreboard.wt_valid_i[1]","issue_stage_i.i_scoreboard.decoded_instr_i.use_imm"
"cex","issue_stage_i.i_scoreboard.wt_valid_i[1]","issue_stage_i.i_scoreboard.i_popcount.data_i[0]"
"cex","issue_stage_i.i_scoreboard.wt_valid_i[1]","issue_stage_i.i_scoreboard.i_popcount.padded_input[0]"
"cex","issue_stage_i.i_scoreboard.wt_valid_i[1]","issue_stage_i.i_scoreboard.i_popcount.popcount_o[0]"
"cex","issue_stage_i.i_scoreboard.wt_valid_i[1]","issue_stage_i.i_scoreboard.i_popcount.right_child_result"
"cex","issue_stage_i.i_scoreboard.wt_valid_i[1]","issue_stage_i.i_scoreboard.issue_instr_o.use_imm"
"cex","issue_stage_i.i_scoreboard.wt_valid_i[1]","issue_stage_i.i_scoreboard.mem_n[0].sbe.use_imm"
"cex","issue_stage_i.i_scoreboard.wt_valid_i[1]","issue_stage_i.i_scoreboard.mem_q[0].sbe.use_imm"
"cex","issue_stage_i.i_scoreboard.wt_valid_i[1]","issue_stage_i.i_scoreboard.num_commit[0]"
"cex","issue_stage_i.i_scoreboard.wt_valid_i[1]","issue_stage_i.issue_instr_rename_sb.use_imm"
"cex","issue_stage_i.i_scoreboard.wt_valid_i[1]","issue_stage_i.issue_instr_sb_iro.use_imm"
"cex","issue_stage_i.i_scoreboard.wt_valid_i[2]","issue_stage_i.commit_instr_o[1].use_imm"
"cex","issue_stage_i.i_scoreboard.wt_valid_i[2]","issue_stage_i.flu_ready_i"
"cex","issue_stage_i.i_scoreboard.wt_valid_i[2]","issue_stage_i.i_issue_read_operands.flu_ready_i"
"cex","issue_stage_i.i_scoreboard.wt_valid_i[2]","issue_stage_i.i_scoreboard.commit_instr_o[1].use_imm"
"cex","issue_stage_i.i_scoreboard.wt_valid_i[2]","issue_stage_i.i_scoreboard.mem_q[0].sbe.use_imm"
"cex","issue_stage_i.i_scoreboard.wt_valid_i[3]","issue_stage_i.i_scoreboard.mem_n[0].sbe.use_imm"
"cex","issue_stage_i.i_scoreboard.wt_valid_i[3]","issue_stage_i.i_scoreboard.mem_q[0].sbe.use_imm"
"cex","issue_stage_i.is_compressed_instr_o","issue_stage_i.i_scoreboard.mem_n[0].sbe.use_imm"
"cex","issue_stage_i.is_compressed_instr_o","issue_stage_i.i_scoreboard.mem_q[0].sbe.use_imm"
"cex","issue_stage_i.is_ctrl_flow_i","issue_stage_i.i_scoreboard.mem_n[0].sbe.use_imm"
"cex","issue_stage_i.is_ctrl_flow_i","issue_stage_i.i_scoreboard.mem_q[0].sbe.use_imm"
"cex","issue_stage_i.issue_instr_rename_sb.is_compressed","issue_stage_i.i_scoreboard.mem_n[0].sbe.use_imm"
"cex","issue_stage_i.issue_instr_rename_sb.is_compressed","issue_stage_i.i_scoreboard.mem_q[0].sbe.use_imm"
"cex","issue_stage_i.issue_instr_rename_sb.use_imm","issue_stage_i.i_scoreboard.mem_q[0].sbe.use_imm"
"cex","issue_stage_i.issue_instr_rename_sb.use_pc","issue_stage_i.i_scoreboard.mem_n[0].sbe.use_imm"
"cex","issue_stage_i.issue_instr_rename_sb.use_pc","issue_stage_i.i_scoreboard.mem_q[0].sbe.use_imm"
"cex","issue_stage_i.issue_instr_sb_iro.is_compressed","issue_stage_i.i_scoreboard.mem_n[0].sbe.use_imm"
"cex","issue_stage_i.issue_instr_sb_iro.is_compressed","issue_stage_i.i_scoreboard.mem_q[0].sbe.use_imm"
"cex","issue_stage_i.issue_instr_sb_iro.use_imm","issue_stage_i.i_scoreboard.mem_q[0].sbe.use_imm"
"cex","issue_stage_i.issue_instr_sb_iro.use_pc","issue_stage_i.i_scoreboard.mem_n[0].sbe.use_imm"
"cex","issue_stage_i.issue_instr_sb_iro.use_pc","issue_stage_i.i_scoreboard.mem_q[0].sbe.use_imm"
"cex","issue_stage_i.lsu_valid_o","issue_stage_i.commit_instr_o[0].use_imm"
"cex","issue_stage_i.lsu_valid_o","issue_stage_i.decoded_instr_i.use_imm"
"cex","issue_stage_i.lsu_valid_o","issue_stage_i.flu_ready_i"
"cex","issue_stage_i.lsu_valid_o","issue_stage_i.i_issue_read_operands.flu_ready_i"
"cex","issue_stage_i.lsu_valid_o","issue_stage_i.i_issue_read_operands.issue_instr_i.use_imm"
"cex","issue_stage_i.lsu_valid_o","issue_stage_i.i_re_name.issue_instr_i.use_imm"
"cex","issue_stage_i.lsu_valid_o","issue_stage_i.i_re_name.issue_instr_o.use_imm"
"cex","issue_stage_i.lsu_valid_o","issue_stage_i.i_scoreboard.commit_instr_o[0].use_imm"
"cex","issue_stage_i.lsu_valid_o","issue_stage_i.i_scoreboard.decoded_instr_i.use_imm"
"cex","issue_stage_i.lsu_valid_o","issue_stage_i.i_scoreboard.issue_instr_o.use_imm"
"cex","issue_stage_i.lsu_valid_o","issue_stage_i.i_scoreboard.mem_n[0].sbe.use_imm"
"cex","issue_stage_i.lsu_valid_o","issue_stage_i.i_scoreboard.mem_q[0].sbe.use_imm"
"cex","issue_stage_i.lsu_valid_o","issue_stage_i.issue_instr_rename_sb.use_imm"
"cex","issue_stage_i.lsu_valid_o","issue_stage_i.issue_instr_sb_iro.use_imm"
"cex","issue_stage_i.resolve_branch_i","issue_stage_i.commit_ack_i[0]"
"cex","issue_stage_i.resolve_branch_i","issue_stage_i.commit_instr_o[0].valid"
"cex","issue_stage_i.resolve_branch_i","issue_stage_i.i_issue_read_operands.we_gpr_i[0]"
"cex","issue_stage_i.resolve_branch_i","issue_stage_i.i_issue_read_operands.we_pack[0]"
"cex","issue_stage_i.resolve_branch_i","issue_stage_i.i_scoreboard.commit_ack_i[0]"
"cex","issue_stage_i.resolve_branch_i","issue_stage_i.i_scoreboard.commit_instr_o[0].valid"
"cex","issue_stage_i.resolve_branch_i","issue_stage_i.i_scoreboard.i_popcount.data_i[0]"
"cex","issue_stage_i.resolve_branch_i","issue_stage_i.i_scoreboard.i_popcount.padded_input[0]"
"cex","issue_stage_i.resolve_branch_i","issue_stage_i.i_scoreboard.i_popcount.popcount_o[0]"
"cex","issue_stage_i.resolve_branch_i","issue_stage_i.i_scoreboard.i_popcount.right_child_result"
"cex","issue_stage_i.resolve_branch_i","issue_stage_i.i_scoreboard.mem_n[0].sbe.use_imm"
"cex","issue_stage_i.resolve_branch_i","issue_stage_i.i_scoreboard.mem_q[0].sbe.use_imm"
"cex","issue_stage_i.resolve_branch_i","issue_stage_i.i_scoreboard.num_commit[0]"
"cex","issue_stage_i.resolve_branch_i","issue_stage_i.we_gpr_i[0]"
"cex","issue_stage_i.resolved_branch_i.is_mispredict","issue_stage_i.commit_ack_i[0]"
"cex","issue_stage_i.resolved_branch_i.is_mispredict","issue_stage_i.commit_instr_o[0].valid"
"cex","issue_stage_i.resolved_branch_i.is_mispredict","issue_stage_i.i_issue_read_operands.we_gpr_i[0]"
"cex","issue_stage_i.resolved_branch_i.is_mispredict","issue_stage_i.i_issue_read_operands.we_pack[0]"
"cex","issue_stage_i.resolved_branch_i.is_mispredict","issue_stage_i.i_scoreboard.commit_ack_i[0]"
"cex","issue_stage_i.resolved_branch_i.is_mispredict","issue_stage_i.i_scoreboard.commit_instr_o[0].valid"
"cex","issue_stage_i.resolved_branch_i.is_mispredict","issue_stage_i.i_scoreboard.i_popcount.data_i[0]"
"cex","issue_stage_i.resolved_branch_i.is_mispredict","issue_stage_i.i_scoreboard.i_popcount.padded_input[0]"
"cex","issue_stage_i.resolved_branch_i.is_mispredict","issue_stage_i.i_scoreboard.i_popcount.popcount_o[0]"
"cex","issue_stage_i.resolved_branch_i.is_mispredict","issue_stage_i.i_scoreboard.i_popcount.right_child_result"
"cex","issue_stage_i.resolved_branch_i.is_mispredict","issue_stage_i.i_scoreboard.mem_n[0].sbe.use_imm"
"cex","issue_stage_i.resolved_branch_i.is_mispredict","issue_stage_i.i_scoreboard.mem_q[0].sbe.use_imm"
"cex","issue_stage_i.resolved_branch_i.is_mispredict","issue_stage_i.i_scoreboard.num_commit[0]"
"cex","issue_stage_i.resolved_branch_i.is_mispredict","issue_stage_i.we_gpr_i[0]"
"cex","issue_stage_i.resolved_branch_i.is_taken","issue_stage_i.commit_ack_i[0]"
"cex","issue_stage_i.resolved_branch_i.is_taken","issue_stage_i.commit_instr_o[0].valid"
"cex","issue_stage_i.resolved_branch_i.is_taken","issue_stage_i.i_issue_read_operands.we_gpr_i[0]"
"cex","issue_stage_i.resolved_branch_i.is_taken","issue_stage_i.i_issue_read_operands.we_pack[0]"
"cex","issue_stage_i.resolved_branch_i.is_taken","issue_stage_i.i_scoreboard.commit_ack_i[0]"
"cex","issue_stage_i.resolved_branch_i.is_taken","issue_stage_i.i_scoreboard.commit_instr_o[0].valid"
"cex","issue_stage_i.resolved_branch_i.is_taken","issue_stage_i.i_scoreboard.i_popcount.data_i[0]"
"cex","issue_stage_i.resolved_branch_i.is_taken","issue_stage_i.i_scoreboard.i_popcount.padded_input[0]"
"cex","issue_stage_i.resolved_branch_i.is_taken","issue_stage_i.i_scoreboard.i_popcount.popcount_o[0]"
"cex","issue_stage_i.resolved_branch_i.is_taken","issue_stage_i.i_scoreboard.i_popcount.right_child_result"
"cex","issue_stage_i.resolved_branch_i.is_taken","issue_stage_i.i_scoreboard.mem_n[0].sbe.use_imm"
"cex","issue_stage_i.resolved_branch_i.is_taken","issue_stage_i.i_scoreboard.mem_q[0].sbe.use_imm"
"cex","issue_stage_i.resolved_branch_i.is_taken","issue_stage_i.i_scoreboard.num_commit[0]"
"cex","issue_stage_i.resolved_branch_i.is_taken","issue_stage_i.we_gpr_i[0]"
"cex","issue_stage_i.resolved_branch_i.valid","issue_stage_i.commit_ack_i[0]"
"cex","issue_stage_i.resolved_branch_i.valid","issue_stage_i.commit_instr_o[0].valid"
"cex","issue_stage_i.resolved_branch_i.valid","issue_stage_i.i_issue_read_operands.we_gpr_i[0]"
"cex","issue_stage_i.resolved_branch_i.valid","issue_stage_i.i_issue_read_operands.we_pack[0]"
"cex","issue_stage_i.resolved_branch_i.valid","issue_stage_i.i_scoreboard.commit_ack_i[0]"
"cex","issue_stage_i.resolved_branch_i.valid","issue_stage_i.i_scoreboard.commit_instr_o[0].valid"
"cex","issue_stage_i.resolved_branch_i.valid","issue_stage_i.i_scoreboard.i_popcount.data_i[0]"
"cex","issue_stage_i.resolved_branch_i.valid","issue_stage_i.i_scoreboard.i_popcount.padded_input[0]"
"cex","issue_stage_i.resolved_branch_i.valid","issue_stage_i.i_scoreboard.i_popcount.popcount_o[0]"
"cex","issue_stage_i.resolved_branch_i.valid","issue_stage_i.i_scoreboard.i_popcount.right_child_result"
"cex","issue_stage_i.resolved_branch_i.valid","issue_stage_i.i_scoreboard.mem_n[0].sbe.use_imm"
"cex","issue_stage_i.resolved_branch_i.valid","issue_stage_i.i_scoreboard.mem_q[0].sbe.use_imm"
"cex","issue_stage_i.resolved_branch_i.valid","issue_stage_i.i_scoreboard.num_commit[0]"
"cex","issue_stage_i.resolved_branch_i.valid","issue_stage_i.we_gpr_i[0]"
"cex","issue_stage_i.we_gpr_i[1]","issue_stage_i.commit_instr_o[1].use_imm"
"cex","issue_stage_i.we_gpr_i[1]","issue_stage_i.i_scoreboard.commit_instr_o[1].use_imm"
"cex","issue_stage_i.wt_valid_i[1]","issue_stage_i.commit_ack_i[0]"
"cex","issue_stage_i.wt_valid_i[1]","issue_stage_i.commit_instr_o[0].use_imm"
"cex","issue_stage_i.wt_valid_i[1]","issue_stage_i.decoded_instr_i.use_imm"
"cex","issue_stage_i.wt_valid_i[1]","issue_stage_i.flu_ready_i"
"cex","issue_stage_i.wt_valid_i[1]","issue_stage_i.i_issue_read_operands.flu_ready_i"
"cex","issue_stage_i.wt_valid_i[1]","issue_stage_i.i_issue_read_operands.issue_instr_i.use_imm"
"cex","issue_stage_i.wt_valid_i[1]","issue_stage_i.i_re_name.issue_instr_i.use_imm"
"cex","issue_stage_i.wt_valid_i[1]","issue_stage_i.i_re_name.issue_instr_o.use_imm"
"cex","issue_stage_i.wt_valid_i[1]","issue_stage_i.i_scoreboard.commit_ack_i[0]"
"cex","issue_stage_i.wt_valid_i[1]","issue_stage_i.i_scoreboard.commit_instr_o[0].use_imm"
"cex","issue_stage_i.wt_valid_i[1]","issue_stage_i.i_scoreboard.decoded_instr_i.use_imm"
"cex","issue_stage_i.wt_valid_i[1]","issue_stage_i.i_scoreboard.i_popcount.data_i[0]"
"cex","issue_stage_i.wt_valid_i[1]","issue_stage_i.i_scoreboard.i_popcount.padded_input[0]"
"cex","issue_stage_i.wt_valid_i[1]","issue_stage_i.i_scoreboard.i_popcount.popcount_o[0]"
"cex","issue_stage_i.wt_valid_i[1]","issue_stage_i.i_scoreboard.i_popcount.right_child_result"
"cex","issue_stage_i.wt_valid_i[1]","issue_stage_i.i_scoreboard.issue_instr_o.use_imm"
"cex","issue_stage_i.wt_valid_i[1]","issue_stage_i.i_scoreboard.mem_n[0].sbe.use_imm"
"cex","issue_stage_i.wt_valid_i[1]","issue_stage_i.i_scoreboard.mem_q[0].sbe.use_imm"
"cex","issue_stage_i.wt_valid_i[1]","issue_stage_i.i_scoreboard.num_commit[0]"
"cex","issue_stage_i.wt_valid_i[1]","issue_stage_i.issue_instr_rename_sb.use_imm"
"cex","issue_stage_i.wt_valid_i[1]","issue_stage_i.issue_instr_sb_iro.use_imm"
"cex","issue_stage_i.wt_valid_i[2]","issue_stage_i.commit_instr_o[1].use_imm"
"cex","issue_stage_i.wt_valid_i[2]","issue_stage_i.flu_ready_i"
"cex","issue_stage_i.wt_valid_i[2]","issue_stage_i.i_issue_read_operands.flu_ready_i"
"cex","issue_stage_i.wt_valid_i[2]","issue_stage_i.i_scoreboard.commit_instr_o[1].use_imm"
"cex","issue_stage_i.wt_valid_i[2]","issue_stage_i.i_scoreboard.mem_q[0].sbe.use_imm"
"cex","issue_stage_i.wt_valid_i[3]","issue_stage_i.i_scoreboard.mem_n[0].sbe.use_imm"
"cex","issue_stage_i.wt_valid_i[3]","issue_stage_i.i_scoreboard.mem_q[0].sbe.use_imm"
"cex","issue_stage_i.alu_valid_o","issue_stage_i.commit_ack_i[0]"
"cex","issue_stage_i.alu_valid_o","issue_stage_i.commit_instr_o[0].valid"
"cex","issue_stage_i.alu_valid_o","issue_stage_i.i_issue_read_operands.we_gpr_i[0]"
"cex","issue_stage_i.alu_valid_o","issue_stage_i.i_issue_read_operands.we_pack[0]"
"cex","issue_stage_i.alu_valid_o","issue_stage_i.i_scoreboard.commit_ack_i[0]"
"cex","issue_stage_i.alu_valid_o","issue_stage_i.i_scoreboard.commit_instr_o[0].valid"
"cex","issue_stage_i.alu_valid_o","issue_stage_i.i_scoreboard.i_popcount.data_i[0]"
"cex","issue_stage_i.alu_valid_o","issue_stage_i.i_scoreboard.i_popcount.padded_input[0]"
"cex","issue_stage_i.alu_valid_o","issue_stage_i.i_scoreboard.i_popcount.popcount_o[0]"
"cex","issue_stage_i.alu_valid_o","issue_stage_i.i_scoreboard.i_popcount.right_child_result"
"cex","issue_stage_i.alu_valid_o","issue_stage_i.i_scoreboard.num_commit[0]"
"cex","issue_stage_i.alu_valid_o","issue_stage_i.we_gpr_i[0]"
"cex","issue_stage_i.commit_ack_i[0]","issue_stage_i.flu_ready_i"
"cex","issue_stage_i.commit_ack_i[0]","issue_stage_i.i_issue_read_operands.flu_ready_i"
"cex","issue_stage_i.commit_ack_i[0]","issue_stage_i.i_scoreboard.mem_n[0].sbe.use_imm"
"cex","issue_stage_i.commit_ack_i[0]","issue_stage_i.i_scoreboard.mem_q[0].sbe.use_imm"
"cex","issue_stage_i.commit_instr_o[0].ex.valid","issue_stage_i.commit_instr_o[0].use_imm"
"cex","issue_stage_i.commit_instr_o[0].ex.valid","issue_stage_i.commit_instr_o[1].use_imm"
"cex","issue_stage_i.commit_instr_o[0].ex.valid","issue_stage_i.i_scoreboard.commit_instr_o[0].use_imm"
"cex","issue_stage_i.commit_instr_o[0].ex.valid","issue_stage_i.i_scoreboard.commit_instr_o[1].use_imm"
"cex","issue_stage_i.commit_instr_o[0].ex.valid","issue_stage_i.i_scoreboard.mem_n[0].sbe.use_imm"
"cex","issue_stage_i.commit_instr_o[0].ex.valid","issue_stage_i.i_scoreboard.mem_q[0].sbe.use_imm"
"cex","issue_stage_i.commit_instr_o[0].use_imm","issue_stage_i.i_scoreboard.mem_n[0].sbe.use_imm"
"cex","issue_stage_i.commit_instr_o[0].use_imm","issue_stage_i.i_scoreboard.mem_q[0].sbe.use_imm"
"cex","issue_stage_i.commit_instr_o[0].valid","issue_stage_i.flu_ready_i"
"cex","issue_stage_i.commit_instr_o[0].valid","issue_stage_i.i_issue_read_operands.flu_ready_i"
"cex","issue_stage_i.commit_instr_o[0].valid","issue_stage_i.i_scoreboard.mem_n[0].sbe.use_imm"
"cex","issue_stage_i.commit_instr_o[0].valid","issue_stage_i.i_scoreboard.mem_q[0].sbe.use_imm"
"cex","issue_stage_i.commit_instr_o[1].use_imm","issue_stage_i.i_scoreboard.mem_n[0].sbe.use_imm"
"cex","issue_stage_i.commit_instr_o[1].use_imm","issue_stage_i.i_scoreboard.mem_q[0].sbe.use_imm"
"cex","issue_stage_i.decoded_instr_ack_o","issue_stage_i.i_scoreboard.mem_n[0].sbe.use_imm"
"cex","issue_stage_i.decoded_instr_ack_o","issue_stage_i.i_scoreboard.mem_q[0].sbe.use_imm"
"cex","issue_stage_i.decoded_instr_i.ex.valid","issue_stage_i.i_scoreboard.mem_n[0].sbe.use_imm"
"cex","issue_stage_i.decoded_instr_i.ex.valid","issue_stage_i.i_scoreboard.mem_q[0].sbe.use_imm"
"cex","issue_stage_i.decoded_instr_i.use_imm","issue_stage_i.i_scoreboard.mem_n[0].sbe.use_imm"
"cex","issue_stage_i.decoded_instr_i.valid","issue_stage_i.i_scoreboard.mem_n[0].sbe.use_imm"
"cex","issue_stage_i.decoded_instr_i.valid","issue_stage_i.i_scoreboard.mem_q[0].sbe.use_imm"
"cex","issue_stage_i.decoded_instr_valid_i","issue_stage_i.i_scoreboard.mem_n[0].sbe.use_imm"
"cex","issue_stage_i.decoded_instr_valid_i","issue_stage_i.i_scoreboard.mem_q[0].sbe.use_imm"
"cex","issue_stage_i.flush_i","issue_stage_i.commit_instr_o[0].use_imm"
"cex","issue_stage_i.flush_i","issue_stage_i.commit_instr_o[1].use_imm"
"cex","issue_stage_i.flush_i","issue_stage_i.i_scoreboard.commit_instr_o[0].use_imm"
"cex","issue_stage_i.flush_i","issue_stage_i.i_scoreboard.commit_instr_o[1].use_imm"
"cex","issue_stage_i.flush_i","issue_stage_i.i_scoreboard.mem_n[0].sbe.use_imm"
"cex","issue_stage_i.flush_i","issue_stage_i.i_scoreboard.mem_q[0].sbe.use_imm"
"cex","issue_stage_i.flush_unissued_instr_i","issue_stage_i.commit_instr_o[0].use_imm"
"cex","issue_stage_i.flush_unissued_instr_i","issue_stage_i.i_scoreboard.commit_instr_o[0].use_imm"
"cex","issue_stage_i.flush_unissued_instr_i","issue_stage_i.i_scoreboard.mem_n[0].sbe.use_imm"
"cex","issue_stage_i.flush_unissued_instr_i","issue_stage_i.i_scoreboard.mem_q[0].sbe.use_imm"
"cex","issue_stage_i.i_issue_read_operands.alu_valid_o","issue_stage_i.commit_ack_i[0]"
"cex","issue_stage_i.i_issue_read_operands.alu_valid_o","issue_stage_i.commit_instr_o[0].valid"
"cex","issue_stage_i.i_issue_read_operands.alu_valid_o","issue_stage_i.i_issue_read_operands.we_gpr_i[0]"
"cex","issue_stage_i.i_issue_read_operands.alu_valid_o","issue_stage_i.i_issue_read_operands.we_pack[0]"
"cex","issue_stage_i.i_issue_read_operands.alu_valid_o","issue_stage_i.i_scoreboard.commit_ack_i[0]"
"cex","issue_stage_i.i_issue_read_operands.alu_valid_o","issue_stage_i.i_scoreboard.commit_instr_o[0].valid"
"cex","issue_stage_i.i_issue_read_operands.alu_valid_o","issue_stage_i.i_scoreboard.i_popcount.data_i[0]"
"cex","issue_stage_i.i_issue_read_operands.alu_valid_o","issue_stage_i.i_scoreboard.i_popcount.padded_input[0]"
"cex","issue_stage_i.i_issue_read_operands.alu_valid_o","issue_stage_i.i_scoreboard.i_popcount.popcount_o[0]"
"cex","issue_stage_i.i_issue_read_operands.alu_valid_o","issue_stage_i.i_scoreboard.i_popcount.right_child_result"
"cex","issue_stage_i.i_issue_read_operands.alu_valid_o","issue_stage_i.i_scoreboard.num_commit[0]"
"cex","issue_stage_i.i_issue_read_operands.alu_valid_o","issue_stage_i.we_gpr_i[0]"
"cex","issue_stage_i.i_issue_read_operands.alu_valid_q","issue_stage_i.commit_ack_i[0]"
"cex","issue_stage_i.i_issue_read_operands.alu_valid_q","issue_stage_i.commit_instr_o[0].valid"
"cex","issue_stage_i.i_issue_read_operands.alu_valid_q","issue_stage_i.i_issue_read_operands.we_gpr_i[0]"
"cex","issue_stage_i.i_issue_read_operands.alu_valid_q","issue_stage_i.i_issue_read_operands.we_pack[0]"
"cex","issue_stage_i.i_issue_read_operands.alu_valid_q","issue_stage_i.i_scoreboard.commit_ack_i[0]"
"cex","issue_stage_i.i_issue_read_operands.alu_valid_q","issue_stage_i.i_scoreboard.commit_instr_o[0].valid"
"cex","issue_stage_i.i_issue_read_operands.alu_valid_q","issue_stage_i.i_scoreboard.i_popcount.data_i[0]"
"cex","issue_stage_i.i_issue_read_operands.alu_valid_q","issue_stage_i.i_scoreboard.i_popcount.padded_input[0]"
"cex","issue_stage_i.i_issue_read_operands.alu_valid_q","issue_stage_i.i_scoreboard.i_popcount.popcount_o[0]"
"cex","issue_stage_i.i_issue_read_operands.alu_valid_q","issue_stage_i.i_scoreboard.i_popcount.right_child_result"
"cex","issue_stage_i.i_issue_read_operands.alu_valid_q","issue_stage_i.i_scoreboard.num_commit[0]"
"cex","issue_stage_i.i_issue_read_operands.alu_valid_q","issue_stage_i.we_gpr_i[0]"
"cex","issue_stage_i.i_issue_read_operands.flush_i","issue_stage_i.commit_instr_o[0].use_imm"
"cex","issue_stage_i.i_issue_read_operands.flush_i","issue_stage_i.i_scoreboard.commit_instr_o[0].use_imm"
"cex","issue_stage_i.i_issue_read_operands.flush_i","issue_stage_i.i_scoreboard.mem_n[0].sbe.use_imm"
"cex","issue_stage_i.i_issue_read_operands.flush_i","issue_stage_i.i_scoreboard.mem_q[0].sbe.use_imm"
"cex","issue_stage_i.i_issue_read_operands.issue_ack_o","issue_stage_i.i_scoreboard.mem_n[0].sbe.use_imm"
"cex","issue_stage_i.i_issue_read_operands.issue_ack_o","issue_stage_i.i_scoreboard.mem_q[0].sbe.use_imm"
"cex","issue_stage_i.i_issue_read_operands.issue_instr_i.ex.valid","issue_stage_i.i_scoreboard.mem_n[0].sbe.use_imm"
"cex","issue_stage_i.i_issue_read_operands.issue_instr_i.ex.valid","issue_stage_i.i_scoreboard.mem_q[0].sbe.use_imm"
"cex","issue_stage_i.i_issue_read_operands.issue_instr_i.use_imm","issue_stage_i.i_scoreboard.mem_n[0].sbe.use_imm"
"cex","issue_stage_i.i_issue_read_operands.issue_instr_i.valid","issue_stage_i.i_scoreboard.mem_n[0].sbe.use_imm"
"cex","issue_stage_i.i_issue_read_operands.issue_instr_i.valid","issue_stage_i.i_scoreboard.mem_q[0].sbe.use_imm"
"cex","issue_stage_i.i_issue_read_operands.issue_instr_valid_i","issue_stage_i.i_scoreboard.mem_n[0].sbe.use_imm"
"cex","issue_stage_i.i_issue_read_operands.issue_instr_valid_i","issue_stage_i.i_scoreboard.mem_q[0].sbe.use_imm"
"cex","issue_stage_i.i_issue_read_operands.we_gpr_i[0]","issue_stage_i.flu_ready_i"
"cex","issue_stage_i.i_issue_read_operands.we_gpr_i[0]","issue_stage_i.i_issue_read_operands.flu_ready_i"
"cex","issue_stage_i.i_issue_read_operands.we_gpr_i[0]","issue_stage_i.i_scoreboard.mem_n[0].sbe.use_imm"
"cex","issue_stage_i.i_issue_read_operands.we_gpr_i[0]","issue_stage_i.i_scoreboard.mem_q[0].sbe.use_imm"
"cex","issue_stage_i.i_issue_read_operands.we_pack[0]","issue_stage_i.flu_ready_i"
"cex","issue_stage_i.i_issue_read_operands.we_pack[0]","issue_stage_i.i_issue_read_operands.flu_ready_i"
"cex","issue_stage_i.i_issue_read_operands.we_pack[0]","issue_stage_i.i_scoreboard.mem_n[0].sbe.use_imm"
"cex","issue_stage_i.i_issue_read_operands.we_pack[0]","issue_stage_i.i_scoreboard.mem_q[0].sbe.use_imm"
"cex","issue_stage_i.i_re_name.flush_i","issue_stage_i.commit_instr_o[0].use_imm"
"cex","issue_stage_i.i_re_name.flush_i","issue_stage_i.commit_instr_o[1].use_imm"
"cex","issue_stage_i.i_re_name.flush_i","issue_stage_i.i_scoreboard.commit_instr_o[0].use_imm"
"cex","issue_stage_i.i_re_name.flush_i","issue_stage_i.i_scoreboard.commit_instr_o[1].use_imm"
"cex","issue_stage_i.i_re_name.flush_i","issue_stage_i.i_scoreboard.mem_n[0].sbe.use_imm"
"cex","issue_stage_i.i_re_name.flush_i","issue_stage_i.i_scoreboard.mem_q[0].sbe.use_imm"
"cex","issue_stage_i.i_re_name.flush_unissied_instr_i","issue_stage_i.commit_instr_o[0].use_imm"
"cex","issue_stage_i.i_re_name.flush_unissied_instr_i","issue_stage_i.i_scoreboard.commit_instr_o[0].use_imm"
"cex","issue_stage_i.i_re_name.flush_unissied_instr_i","issue_stage_i.i_scoreboard.mem_n[0].sbe.use_imm"
"cex","issue_stage_i.i_re_name.flush_unissied_instr_i","issue_stage_i.i_scoreboard.mem_q[0].sbe.use_imm"
"cex","issue_stage_i.i_re_name.issue_ack_i","issue_stage_i.i_scoreboard.mem_n[0].sbe.use_imm"
"cex","issue_stage_i.i_re_name.issue_ack_i","issue_stage_i.i_scoreboard.mem_q[0].sbe.use_imm"
"cex","issue_stage_i.i_re_name.issue_ack_o","issue_stage_i.i_scoreboard.mem_n[0].sbe.use_imm"
"cex","issue_stage_i.i_re_name.issue_ack_o","issue_stage_i.i_scoreboard.mem_q[0].sbe.use_imm"
"cex","issue_stage_i.i_re_name.issue_instr_i.ex.valid","issue_stage_i.i_scoreboard.mem_n[0].sbe.use_imm"
"cex","issue_stage_i.i_re_name.issue_instr_i.ex.valid","issue_stage_i.i_scoreboard.mem_q[0].sbe.use_imm"
"cex","issue_stage_i.i_re_name.issue_instr_i.use_imm","issue_stage_i.i_scoreboard.mem_n[0].sbe.use_imm"
"cex","issue_stage_i.i_re_name.issue_instr_i.valid","issue_stage_i.i_scoreboard.mem_n[0].sbe.use_imm"
"cex","issue_stage_i.i_re_name.issue_instr_i.valid","issue_stage_i.i_scoreboard.mem_q[0].sbe.use_imm"
"cex","issue_stage_i.i_re_name.issue_instr_o.ex.valid","issue_stage_i.i_scoreboard.mem_n[0].sbe.use_imm"
"cex","issue_stage_i.i_re_name.issue_instr_o.ex.valid","issue_stage_i.i_scoreboard.mem_q[0].sbe.use_imm"
"cex","issue_stage_i.i_re_name.issue_instr_o.use_imm","issue_stage_i.i_scoreboard.mem_n[0].sbe.use_imm"
"cex","issue_stage_i.i_re_name.issue_instr_o.valid","issue_stage_i.i_scoreboard.mem_n[0].sbe.use_imm"
"cex","issue_stage_i.i_re_name.issue_instr_o.valid","issue_stage_i.i_scoreboard.mem_q[0].sbe.use_imm"
"cex","issue_stage_i.i_re_name.issue_instr_valid_i","issue_stage_i.i_scoreboard.mem_n[0].sbe.use_imm"
"cex","issue_stage_i.i_re_name.issue_instr_valid_i","issue_stage_i.i_scoreboard.mem_q[0].sbe.use_imm"
"cex","issue_stage_i.i_re_name.issue_instr_valid_o","issue_stage_i.i_scoreboard.mem_n[0].sbe.use_imm"
"cex","issue_stage_i.i_re_name.issue_instr_valid_o","issue_stage_i.i_scoreboard.mem_q[0].sbe.use_imm"
"cex","issue_stage_i.i_scoreboard.commit_ack_i[0]","issue_stage_i.flu_ready_i"
"cex","issue_stage_i.i_scoreboard.commit_ack_i[0]","issue_stage_i.i_issue_read_operands.flu_ready_i"
"cex","issue_stage_i.i_scoreboard.commit_ack_i[0]","issue_stage_i.i_scoreboard.mem_n[0].sbe.use_imm"
"cex","issue_stage_i.i_scoreboard.commit_ack_i[0]","issue_stage_i.i_scoreboard.mem_q[0].sbe.use_imm"
"cex","issue_stage_i.i_scoreboard.commit_instr_o[0].ex.valid","issue_stage_i.commit_instr_o[0].use_imm"
"cex","issue_stage_i.i_scoreboard.commit_instr_o[0].ex.valid","issue_stage_i.commit_instr_o[1].use_imm"
"cex","issue_stage_i.i_scoreboard.commit_instr_o[0].ex.valid","issue_stage_i.i_scoreboard.commit_instr_o[0].use_imm"
"cex","issue_stage_i.i_scoreboard.commit_instr_o[0].ex.valid","issue_stage_i.i_scoreboard.commit_instr_o[1].use_imm"
"cex","issue_stage_i.i_scoreboard.commit_instr_o[0].ex.valid","issue_stage_i.i_scoreboard.mem_n[0].sbe.use_imm"
"cex","issue_stage_i.i_scoreboard.commit_instr_o[0].ex.valid","issue_stage_i.i_scoreboard.mem_q[0].sbe.use_imm"
"cex","issue_stage_i.i_scoreboard.commit_instr_o[0].use_imm","issue_stage_i.i_scoreboard.mem_n[0].sbe.use_imm"
"cex","issue_stage_i.i_scoreboard.commit_instr_o[0].use_imm","issue_stage_i.i_scoreboard.mem_q[0].sbe.use_imm"
"cex","issue_stage_i.i_scoreboard.commit_instr_o[0].valid","issue_stage_i.flu_ready_i"
"cex","issue_stage_i.i_scoreboard.commit_instr_o[0].valid","issue_stage_i.i_issue_read_operands.flu_ready_i"
"cex","issue_stage_i.i_scoreboard.commit_instr_o[0].valid","issue_stage_i.i_scoreboard.mem_n[0].sbe.use_imm"
"cex","issue_stage_i.i_scoreboard.commit_instr_o[0].valid","issue_stage_i.i_scoreboard.mem_q[0].sbe.use_imm"
"cex","issue_stage_i.i_scoreboard.commit_instr_o[1].use_imm","issue_stage_i.i_scoreboard.mem_n[0].sbe.use_imm"
"cex","issue_stage_i.i_scoreboard.commit_instr_o[1].use_imm","issue_stage_i.i_scoreboard.mem_q[0].sbe.use_imm"
"cex","issue_stage_i.i_scoreboard.decoded_instr_ack_o","issue_stage_i.i_scoreboard.mem_n[0].sbe.use_imm"
"cex","issue_stage_i.i_scoreboard.decoded_instr_ack_o","issue_stage_i.i_scoreboard.mem_q[0].sbe.use_imm"
"cex","issue_stage_i.i_scoreboard.decoded_instr_i.ex.valid","issue_stage_i.i_scoreboard.mem_n[0].sbe.use_imm"
"cex","issue_stage_i.i_scoreboard.decoded_instr_i.ex.valid","issue_stage_i.i_scoreboard.mem_q[0].sbe.use_imm"
"cex","issue_stage_i.i_scoreboard.decoded_instr_i.use_imm","issue_stage_i.i_scoreboard.mem_n[0].sbe.use_imm"
"cex","issue_stage_i.i_scoreboard.decoded_instr_i.valid","issue_stage_i.i_scoreboard.mem_n[0].sbe.use_imm"
"cex","issue_stage_i.i_scoreboard.decoded_instr_i.valid","issue_stage_i.i_scoreboard.mem_q[0].sbe.use_imm"
"cex","issue_stage_i.i_scoreboard.decoded_instr_valid_i","issue_stage_i.i_scoreboard.mem_n[0].sbe.use_imm"
"cex","issue_stage_i.i_scoreboard.decoded_instr_valid_i","issue_stage_i.i_scoreboard.mem_q[0].sbe.use_imm"
"cex","issue_stage_i.i_scoreboard.flush_i","issue_stage_i.commit_instr_o[0].use_imm"
"cex","issue_stage_i.i_scoreboard.flush_i","issue_stage_i.commit_instr_o[1].use_imm"
"cex","issue_stage_i.i_scoreboard.flush_i","issue_stage_i.i_scoreboard.commit_instr_o[0].use_imm"
"cex","issue_stage_i.i_scoreboard.flush_i","issue_stage_i.i_scoreboard.commit_instr_o[1].use_imm"
"cex","issue_stage_i.i_scoreboard.flush_i","issue_stage_i.i_scoreboard.mem_n[0].sbe.use_imm"
"cex","issue_stage_i.i_scoreboard.flush_i","issue_stage_i.i_scoreboard.mem_q[0].sbe.use_imm"
"cex","issue_stage_i.i_scoreboard.flush_unissued_instr_i","issue_stage_i.commit_instr_o[0].use_imm"
"cex","issue_stage_i.i_scoreboard.flush_unissued_instr_i","issue_stage_i.i_scoreboard.commit_instr_o[0].use_imm"
"cex","issue_stage_i.i_scoreboard.flush_unissued_instr_i","issue_stage_i.i_scoreboard.mem_n[0].sbe.use_imm"
"cex","issue_stage_i.i_scoreboard.flush_unissued_instr_i","issue_stage_i.i_scoreboard.mem_q[0].sbe.use_imm"
"cex","issue_stage_i.i_scoreboard.i_popcount.data_i[0]","issue_stage_i.flu_ready_i"
"cex","issue_stage_i.i_scoreboard.i_popcount.data_i[0]","issue_stage_i.i_issue_read_operands.flu_ready_i"
"cex","issue_stage_i.i_scoreboard.i_popcount.data_i[0]","issue_stage_i.i_scoreboard.mem_n[0].sbe.use_imm"
"cex","issue_stage_i.i_scoreboard.i_popcount.data_i[0]","issue_stage_i.i_scoreboard.mem_q[0].sbe.use_imm"
"cex","issue_stage_i.i_scoreboard.i_popcount.padded_input[0]","issue_stage_i.flu_ready_i"
"cex","issue_stage_i.i_scoreboard.i_popcount.padded_input[0]","issue_stage_i.i_issue_read_operands.flu_ready_i"
"cex","issue_stage_i.i_scoreboard.i_popcount.padded_input[0]","issue_stage_i.i_scoreboard.mem_n[0].sbe.use_imm"
"cex","issue_stage_i.i_scoreboard.i_popcount.padded_input[0]","issue_stage_i.i_scoreboard.mem_q[0].sbe.use_imm"
"cex","issue_stage_i.i_scoreboard.i_popcount.right_child_result","issue_stage_i.flu_ready_i"
"cex","issue_stage_i.i_scoreboard.i_popcount.right_child_result","issue_stage_i.i_issue_read_operands.flu_ready_i"
"cex","issue_stage_i.i_scoreboard.i_popcount.right_child_result","issue_stage_i.i_scoreboard.mem_n[0].sbe.use_imm"
"cex","issue_stage_i.i_scoreboard.i_popcount.right_child_result","issue_stage_i.i_scoreboard.mem_q[0].sbe.use_imm"
"cex","issue_stage_i.i_scoreboard.issue_ack_i","issue_stage_i.i_scoreboard.mem_n[0].sbe.use_imm"
"cex","issue_stage_i.i_scoreboard.issue_ack_i","issue_stage_i.i_scoreboard.mem_q[0].sbe.use_imm"
"cex","issue_stage_i.i_scoreboard.issue_en","issue_stage_i.i_scoreboard.mem_n[0].sbe.use_imm"
"cex","issue_stage_i.i_scoreboard.issue_en","issue_stage_i.i_scoreboard.mem_q[0].sbe.use_imm"
"cex","issue_stage_i.i_scoreboard.issue_instr_o.ex.valid","issue_stage_i.i_scoreboard.mem_n[0].sbe.use_imm"
"cex","issue_stage_i.i_scoreboard.issue_instr_o.ex.valid","issue_stage_i.i_scoreboard.mem_q[0].sbe.use_imm"
"cex","issue_stage_i.i_scoreboard.issue_instr_o.use_imm","issue_stage_i.i_scoreboard.mem_n[0].sbe.use_imm"
"cex","issue_stage_i.i_scoreboard.issue_instr_o.valid","issue_stage_i.i_scoreboard.mem_n[0].sbe.use_imm"
"cex","issue_stage_i.i_scoreboard.issue_instr_o.valid","issue_stage_i.i_scoreboard.mem_q[0].sbe.use_imm"
"cex","issue_stage_i.i_scoreboard.issue_instr_valid_o","issue_stage_i.i_scoreboard.mem_n[0].sbe.use_imm"
"cex","issue_stage_i.i_scoreboard.issue_instr_valid_o","issue_stage_i.i_scoreboard.mem_q[0].sbe.use_imm"
"cex","issue_stage_i.i_scoreboard.mem_n[0].issued","issue_stage_i.commit_instr_o[0].use_imm"
"cex","issue_stage_i.i_scoreboard.mem_n[0].issued","issue_stage_i.decoded_instr_i.use_imm"
"cex","issue_stage_i.i_scoreboard.mem_n[0].issued","issue_stage_i.i_issue_read_operands.issue_instr_i.use_imm"
"cex","issue_stage_i.i_scoreboard.mem_n[0].issued","issue_stage_i.i_re_name.issue_instr_i.use_imm"
"cex","issue_stage_i.i_scoreboard.mem_n[0].issued","issue_stage_i.i_re_name.issue_instr_o.use_imm"
"cex","issue_stage_i.i_scoreboard.mem_n[0].issued","issue_stage_i.i_scoreboard.commit_instr_o[0].use_imm"
"cex","issue_stage_i.i_scoreboard.mem_n[0].issued","issue_stage_i.i_scoreboard.decoded_instr_i.use_imm"
"cex","issue_stage_i.i_scoreboard.mem_n[0].issued","issue_stage_i.i_scoreboard.issue_instr_o.use_imm"
"cex","issue_stage_i.i_scoreboard.mem_n[0].issued","issue_stage_i.i_scoreboard.mem_n[0].sbe.use_imm"
"cex","issue_stage_i.i_scoreboard.mem_n[0].issued","issue_stage_i.i_scoreboard.mem_q[0].sbe.use_imm"
"cex","issue_stage_i.i_scoreboard.mem_n[0].issued","issue_stage_i.issue_instr_rename_sb.use_imm"
"cex","issue_stage_i.i_scoreboard.mem_n[0].issued","issue_stage_i.issue_instr_sb_iro.use_imm"
"cex","issue_stage_i.i_scoreboard.mem_n[0].sbe.use_imm","issue_stage_i.i_scoreboard.mem_n[0].sbe.use_imm"
"cex","issue_stage_i.i_scoreboard.mem_n[0].sbe.valid","issue_stage_i.commit_ack_i[0]"
"cex","issue_stage_i.i_scoreboard.mem_n[0].sbe.valid","issue_stage_i.commit_instr_o[0].use_imm"
"cex","issue_stage_i.i_scoreboard.mem_n[0].sbe.valid","issue_stage_i.decoded_instr_i.use_imm"
"cex","issue_stage_i.i_scoreboard.mem_n[0].sbe.valid","issue_stage_i.flu_ready_i"
"cex","issue_stage_i.i_scoreboard.mem_n[0].sbe.valid","issue_stage_i.i_issue_read_operands.flu_ready_i"
"cex","issue_stage_i.i_scoreboard.mem_n[0].sbe.valid","issue_stage_i.i_issue_read_operands.issue_instr_i.use_imm"
"cex","issue_stage_i.i_scoreboard.mem_n[0].sbe.valid","issue_stage_i.i_issue_read_operands.we_gpr_i[0]"
"cex","issue_stage_i.i_scoreboard.mem_n[0].sbe.valid","issue_stage_i.i_issue_read_operands.we_pack[0]"
"cex","issue_stage_i.i_scoreboard.mem_n[0].sbe.valid","issue_stage_i.i_re_name.issue_instr_i.use_imm"
"cex","issue_stage_i.i_scoreboard.mem_n[0].sbe.valid","issue_stage_i.i_re_name.issue_instr_o.use_imm"
"cex","issue_stage_i.i_scoreboard.mem_n[0].sbe.valid","issue_stage_i.i_scoreboard.commit_ack_i[0]"
"cex","issue_stage_i.i_scoreboard.mem_n[0].sbe.valid","issue_stage_i.i_scoreboard.commit_instr_o[0].use_imm"
"cex","issue_stage_i.i_scoreboard.mem_n[0].sbe.valid","issue_stage_i.i_scoreboard.decoded_instr_i.use_imm"
"cex","issue_stage_i.i_scoreboard.mem_n[0].sbe.valid","issue_stage_i.i_scoreboard.i_popcount.data_i[0]"
"cex","issue_stage_i.i_scoreboard.mem_n[0].sbe.valid","issue_stage_i.i_scoreboard.i_popcount.padded_input[0]"
"cex","issue_stage_i.i_scoreboard.mem_n[0].sbe.valid","issue_stage_i.i_scoreboard.i_popcount.popcount_o[0]"
"cex","issue_stage_i.i_scoreboard.mem_n[0].sbe.valid","issue_stage_i.i_scoreboard.i_popcount.right_child_result"
"cex","issue_stage_i.i_scoreboard.mem_n[0].sbe.valid","issue_stage_i.i_scoreboard.issue_instr_o.use_imm"
"cex","issue_stage_i.i_scoreboard.mem_n[0].sbe.valid","issue_stage_i.i_scoreboard.mem_n[0].sbe.use_imm"
"cex","issue_stage_i.i_scoreboard.mem_n[0].sbe.valid","issue_stage_i.i_scoreboard.mem_q[0].sbe.use_imm"
"cex","issue_stage_i.i_scoreboard.mem_n[0].sbe.valid","issue_stage_i.i_scoreboard.num_commit[0]"
"cex","issue_stage_i.i_scoreboard.mem_n[0].sbe.valid","issue_stage_i.issue_instr_rename_sb.use_imm"
"cex","issue_stage_i.i_scoreboard.mem_n[0].sbe.valid","issue_stage_i.issue_instr_sb_iro.use_imm"
"cex","issue_stage_i.i_scoreboard.mem_n[0].sbe.valid","issue_stage_i.we_gpr_i[0]"
"cex","issue_stage_i.i_scoreboard.mem_q[0].issued","issue_stage_i.decoded_instr_i.use_imm"
"cex","issue_stage_i.i_scoreboard.mem_q[0].issued","issue_stage_i.i_issue_read_operands.issue_instr_i.use_imm"
"cex","issue_stage_i.i_scoreboard.mem_q[0].issued","issue_stage_i.i_re_name.issue_instr_i.use_imm"
"cex","issue_stage_i.i_scoreboard.mem_q[0].issued","issue_stage_i.i_re_name.issue_instr_o.use_imm"
"cex","issue_stage_i.i_scoreboard.mem_q[0].issued","issue_stage_i.i_scoreboard.decoded_instr_i.use_imm"
"cex","issue_stage_i.i_scoreboard.mem_q[0].issued","issue_stage_i.i_scoreboard.issue_instr_o.use_imm"
"cex","issue_stage_i.i_scoreboard.mem_q[0].issued","issue_stage_i.i_scoreboard.mem_n[0].sbe.use_imm"
"cex","issue_stage_i.i_scoreboard.mem_q[0].issued","issue_stage_i.i_scoreboard.mem_q[0].sbe.use_imm"
"cex","issue_stage_i.i_scoreboard.mem_q[0].issued","issue_stage_i.issue_instr_rename_sb.use_imm"
"cex","issue_stage_i.i_scoreboard.mem_q[0].issued","issue_stage_i.issue_instr_sb_iro.use_imm"
"cex","issue_stage_i.i_scoreboard.mem_q[0].sbe.use_imm","issue_stage_i.i_scoreboard.mem_n[0].sbe.use_imm"
"cex","issue_stage_i.i_scoreboard.mem_q[0].sbe.use_imm","issue_stage_i.i_scoreboard.mem_q[0].sbe.use_imm"
"cex","issue_stage_i.i_scoreboard.mem_q[0].sbe.valid","issue_stage_i.decoded_instr_i.use_imm"
"cex","issue_stage_i.i_scoreboard.mem_q[0].sbe.valid","issue_stage_i.i_issue_read_operands.issue_instr_i.use_imm"
"cex","issue_stage_i.i_scoreboard.mem_q[0].sbe.valid","issue_stage_i.i_re_name.issue_instr_i.use_imm"
"cex","issue_stage_i.i_scoreboard.mem_q[0].sbe.valid","issue_stage_i.i_re_name.issue_instr_o.use_imm"
"cex","issue_stage_i.i_scoreboard.mem_q[0].sbe.valid","issue_stage_i.i_scoreboard.decoded_instr_i.use_imm"
"cex","issue_stage_i.i_scoreboard.mem_q[0].sbe.valid","issue_stage_i.i_scoreboard.issue_instr_o.use_imm"
"cex","issue_stage_i.i_scoreboard.mem_q[0].sbe.valid","issue_stage_i.i_scoreboard.mem_n[0].sbe.use_imm"
"cex","issue_stage_i.i_scoreboard.mem_q[0].sbe.valid","issue_stage_i.i_scoreboard.mem_q[0].sbe.use_imm"
"cex","issue_stage_i.i_scoreboard.mem_q[0].sbe.valid","issue_stage_i.issue_instr_rename_sb.use_imm"
"cex","issue_stage_i.i_scoreboard.mem_q[0].sbe.valid","issue_stage_i.issue_instr_sb_iro.use_imm"
"cex","issue_stage_i.i_scoreboard.wt_valid_i[2]","issue_stage_i.decoded_instr_ack_o"
"cex","issue_stage_i.i_scoreboard.wt_valid_i[2]","issue_stage_i.decoded_instr_i.use_imm"
"cex","issue_stage_i.i_scoreboard.wt_valid_i[2]","issue_stage_i.decoded_instr_valid_i"
"cex","issue_stage_i.i_scoreboard.wt_valid_i[2]","issue_stage_i.i_issue_read_operands.issue_ack_o"
"cex","issue_stage_i.i_scoreboard.wt_valid_i[2]","issue_stage_i.i_issue_read_operands.issue_instr_i.use_imm"
"cex","issue_stage_i.i_scoreboard.wt_valid_i[2]","issue_stage_i.i_issue_read_operands.issue_instr_valid_i"
"cex","issue_stage_i.i_scoreboard.wt_valid_i[2]","issue_stage_i.i_re_name.issue_ack_i"
"cex","issue_stage_i.i_scoreboard.wt_valid_i[2]","issue_stage_i.i_re_name.issue_ack_o"
"cex","issue_stage_i.i_scoreboard.wt_valid_i[2]","issue_stage_i.i_re_name.issue_instr_i.use_imm"
"cex","issue_stage_i.i_scoreboard.wt_valid_i[2]","issue_stage_i.i_re_name.issue_instr_o.use_imm"
"cex","issue_stage_i.i_scoreboard.wt_valid_i[2]","issue_stage_i.i_re_name.issue_instr_valid_i"
"cex","issue_stage_i.i_scoreboard.wt_valid_i[2]","issue_stage_i.i_re_name.issue_instr_valid_o"
"cex","issue_stage_i.i_scoreboard.wt_valid_i[2]","issue_stage_i.i_scoreboard.decoded_instr_ack_o"
"cex","issue_stage_i.i_scoreboard.wt_valid_i[2]","issue_stage_i.i_scoreboard.decoded_instr_i.use_imm"
"cex","issue_stage_i.i_scoreboard.wt_valid_i[2]","issue_stage_i.i_scoreboard.decoded_instr_valid_i"
"cex","issue_stage_i.i_scoreboard.wt_valid_i[2]","issue_stage_i.i_scoreboard.i_popcount.popcount_o[0]"
"cex","issue_stage_i.i_scoreboard.wt_valid_i[2]","issue_stage_i.i_scoreboard.issue_ack_i"
"cex","issue_stage_i.i_scoreboard.wt_valid_i[2]","issue_stage_i.i_scoreboard.issue_en"
"cex","issue_stage_i.i_scoreboard.wt_valid_i[2]","issue_stage_i.i_scoreboard.issue_instr_o.use_imm"
"cex","issue_stage_i.i_scoreboard.wt_valid_i[2]","issue_stage_i.i_scoreboard.issue_instr_valid_o"
"cex","issue_stage_i.i_scoreboard.wt_valid_i[2]","issue_stage_i.i_scoreboard.mem_n[0].sbe.use_imm"
"cex","issue_stage_i.i_scoreboard.wt_valid_i[2]","issue_stage_i.i_scoreboard.num_commit[0]"
"cex","issue_stage_i.i_scoreboard.wt_valid_i[2]","issue_stage_i.issue_ack_iro_sb"
"cex","issue_stage_i.i_scoreboard.wt_valid_i[2]","issue_stage_i.issue_ack_sb_rename"
"cex","issue_stage_i.i_scoreboard.wt_valid_i[2]","issue_stage_i.issue_instr_rename_sb.use_imm"
"cex","issue_stage_i.i_scoreboard.wt_valid_i[2]","issue_stage_i.issue_instr_sb_iro.use_imm"
"cex","issue_stage_i.i_scoreboard.wt_valid_i[2]","issue_stage_i.issue_instr_valid_rename_sb"
"cex","issue_stage_i.i_scoreboard.wt_valid_i[2]","issue_stage_i.issue_instr_valid_sb_iro"
"cex","issue_stage_i.i_scoreboard.wt_valid_i[3]","issue_stage_i.commit_ack_i[0]"
"cex","issue_stage_i.i_scoreboard.wt_valid_i[3]","issue_stage_i.commit_instr_o[0].valid"
"cex","issue_stage_i.i_scoreboard.wt_valid_i[3]","issue_stage_i.i_issue_read_operands.we_gpr_i[0]"
"cex","issue_stage_i.i_scoreboard.wt_valid_i[3]","issue_stage_i.i_issue_read_operands.we_pack[0]"
"cex","issue_stage_i.i_scoreboard.wt_valid_i[3]","issue_stage_i.i_scoreboard.commit_ack_i[0]"
"cex","issue_stage_i.i_scoreboard.wt_valid_i[3]","issue_stage_i.i_scoreboard.commit_instr_o[0].valid"
"cex","issue_stage_i.i_scoreboard.wt_valid_i[3]","issue_stage_i.i_scoreboard.i_popcount.data_i[0]"
"cex","issue_stage_i.i_scoreboard.wt_valid_i[3]","issue_stage_i.i_scoreboard.i_popcount.padded_input[0]"
"cex","issue_stage_i.i_scoreboard.wt_valid_i[3]","issue_stage_i.i_scoreboard.i_popcount.popcount_o[0]"
"cex","issue_stage_i.i_scoreboard.wt_valid_i[3]","issue_stage_i.i_scoreboard.i_popcount.right_child_result"
"cex","issue_stage_i.i_scoreboard.wt_valid_i[3]","issue_stage_i.i_scoreboard.num_commit[0]"
"cex","issue_stage_i.i_scoreboard.wt_valid_i[3]","issue_stage_i.we_gpr_i[0]"
"cex","issue_stage_i.issue_ack_iro_sb","issue_stage_i.i_scoreboard.mem_n[0].sbe.use_imm"
"cex","issue_stage_i.issue_ack_iro_sb","issue_stage_i.i_scoreboard.mem_q[0].sbe.use_imm"
"cex","issue_stage_i.issue_ack_sb_rename","issue_stage_i.i_scoreboard.mem_n[0].sbe.use_imm"
"cex","issue_stage_i.issue_ack_sb_rename","issue_stage_i.i_scoreboard.mem_q[0].sbe.use_imm"
"cex","issue_stage_i.issue_instr_rename_sb.ex.valid","issue_stage_i.i_scoreboard.mem_n[0].sbe.use_imm"
"cex","issue_stage_i.issue_instr_rename_sb.ex.valid","issue_stage_i.i_scoreboard.mem_q[0].sbe.use_imm"
"cex","issue_stage_i.issue_instr_rename_sb.use_imm","issue_stage_i.i_scoreboard.mem_n[0].sbe.use_imm"
"cex","issue_stage_i.issue_instr_rename_sb.valid","issue_stage_i.i_scoreboard.mem_n[0].sbe.use_imm"
"cex","issue_stage_i.issue_instr_rename_sb.valid","issue_stage_i.i_scoreboard.mem_q[0].sbe.use_imm"
"cex","issue_stage_i.issue_instr_sb_iro.ex.valid","issue_stage_i.i_scoreboard.mem_n[0].sbe.use_imm"
"cex","issue_stage_i.issue_instr_sb_iro.ex.valid","issue_stage_i.i_scoreboard.mem_q[0].sbe.use_imm"
"cex","issue_stage_i.issue_instr_sb_iro.use_imm","issue_stage_i.i_scoreboard.mem_n[0].sbe.use_imm"
"cex","issue_stage_i.issue_instr_sb_iro.valid","issue_stage_i.i_scoreboard.mem_n[0].sbe.use_imm"
"cex","issue_stage_i.issue_instr_sb_iro.valid","issue_stage_i.i_scoreboard.mem_q[0].sbe.use_imm"
"cex","issue_stage_i.issue_instr_valid_rename_sb","issue_stage_i.i_scoreboard.mem_n[0].sbe.use_imm"
"cex","issue_stage_i.issue_instr_valid_rename_sb","issue_stage_i.i_scoreboard.mem_q[0].sbe.use_imm"
"cex","issue_stage_i.issue_instr_valid_sb_iro","issue_stage_i.i_scoreboard.mem_n[0].sbe.use_imm"
"cex","issue_stage_i.issue_instr_valid_sb_iro","issue_stage_i.i_scoreboard.mem_q[0].sbe.use_imm"
"cex","issue_stage_i.we_gpr_i[0]","issue_stage_i.flu_ready_i"
"cex","issue_stage_i.we_gpr_i[0]","issue_stage_i.i_issue_read_operands.flu_ready_i"
"cex","issue_stage_i.we_gpr_i[0]","issue_stage_i.i_scoreboard.mem_n[0].sbe.use_imm"
"cex","issue_stage_i.we_gpr_i[0]","issue_stage_i.i_scoreboard.mem_q[0].sbe.use_imm"
"cex","issue_stage_i.wt_valid_i[2]","issue_stage_i.decoded_instr_ack_o"
"cex","issue_stage_i.wt_valid_i[2]","issue_stage_i.decoded_instr_i.use_imm"
"cex","issue_stage_i.wt_valid_i[2]","issue_stage_i.decoded_instr_valid_i"
"cex","issue_stage_i.wt_valid_i[2]","issue_stage_i.i_issue_read_operands.issue_ack_o"
"cex","issue_stage_i.wt_valid_i[2]","issue_stage_i.i_issue_read_operands.issue_instr_i.use_imm"
"cex","issue_stage_i.wt_valid_i[2]","issue_stage_i.i_issue_read_operands.issue_instr_valid_i"
"cex","issue_stage_i.wt_valid_i[2]","issue_stage_i.i_re_name.issue_ack_i"
"cex","issue_stage_i.wt_valid_i[2]","issue_stage_i.i_re_name.issue_ack_o"
"cex","issue_stage_i.wt_valid_i[2]","issue_stage_i.i_re_name.issue_instr_i.use_imm"
"cex","issue_stage_i.wt_valid_i[2]","issue_stage_i.i_re_name.issue_instr_o.use_imm"
"cex","issue_stage_i.wt_valid_i[2]","issue_stage_i.i_re_name.issue_instr_valid_i"
"cex","issue_stage_i.wt_valid_i[2]","issue_stage_i.i_re_name.issue_instr_valid_o"
"cex","issue_stage_i.wt_valid_i[2]","issue_stage_i.i_scoreboard.decoded_instr_ack_o"
"cex","issue_stage_i.wt_valid_i[2]","issue_stage_i.i_scoreboard.decoded_instr_i.use_imm"
"cex","issue_stage_i.wt_valid_i[2]","issue_stage_i.i_scoreboard.decoded_instr_valid_i"
"cex","issue_stage_i.wt_valid_i[2]","issue_stage_i.i_scoreboard.i_popcount.popcount_o[0]"
"cex","issue_stage_i.wt_valid_i[2]","issue_stage_i.i_scoreboard.issue_ack_i"
"cex","issue_stage_i.wt_valid_i[2]","issue_stage_i.i_scoreboard.issue_en"
"cex","issue_stage_i.wt_valid_i[2]","issue_stage_i.i_scoreboard.issue_instr_o.use_imm"
"cex","issue_stage_i.wt_valid_i[2]","issue_stage_i.i_scoreboard.issue_instr_valid_o"
"cex","issue_stage_i.wt_valid_i[2]","issue_stage_i.i_scoreboard.mem_n[0].sbe.use_imm"
"cex","issue_stage_i.wt_valid_i[2]","issue_stage_i.i_scoreboard.num_commit[0]"
"cex","issue_stage_i.wt_valid_i[2]","issue_stage_i.issue_ack_iro_sb"
"cex","issue_stage_i.wt_valid_i[2]","issue_stage_i.issue_ack_sb_rename"
"cex","issue_stage_i.wt_valid_i[2]","issue_stage_i.issue_instr_rename_sb.use_imm"
"cex","issue_stage_i.wt_valid_i[2]","issue_stage_i.issue_instr_sb_iro.use_imm"
"cex","issue_stage_i.wt_valid_i[2]","issue_stage_i.issue_instr_valid_rename_sb"
"cex","issue_stage_i.wt_valid_i[2]","issue_stage_i.issue_instr_valid_sb_iro"
"cex","issue_stage_i.wt_valid_i[3]","issue_stage_i.commit_ack_i[0]"
"cex","issue_stage_i.wt_valid_i[3]","issue_stage_i.commit_instr_o[0].valid"
"cex","issue_stage_i.wt_valid_i[3]","issue_stage_i.i_issue_read_operands.we_gpr_i[0]"
"cex","issue_stage_i.wt_valid_i[3]","issue_stage_i.i_issue_read_operands.we_pack[0]"
"cex","issue_stage_i.wt_valid_i[3]","issue_stage_i.i_scoreboard.commit_ack_i[0]"
"cex","issue_stage_i.wt_valid_i[3]","issue_stage_i.i_scoreboard.commit_instr_o[0].valid"
"cex","issue_stage_i.wt_valid_i[3]","issue_stage_i.i_scoreboard.i_popcount.data_i[0]"
"cex","issue_stage_i.wt_valid_i[3]","issue_stage_i.i_scoreboard.i_popcount.padded_input[0]"
"cex","issue_stage_i.wt_valid_i[3]","issue_stage_i.i_scoreboard.i_popcount.popcount_o[0]"
"cex","issue_stage_i.wt_valid_i[3]","issue_stage_i.i_scoreboard.i_popcount.right_child_result"
"cex","issue_stage_i.wt_valid_i[3]","issue_stage_i.i_scoreboard.num_commit[0]"
"cex","issue_stage_i.wt_valid_i[3]","issue_stage_i.we_gpr_i[0]"
